fold,split,metric,iteration,value
1,learn,TotalF1:average=Macro,1,0.606864259175456
1,learn,TotalF1:average=Macro,2,0.5892402687101711
1,learn,TotalF1:average=Macro,3,0.568986831785689
1,learn,TotalF1:average=Macro,4,0.5684527274306714
1,learn,TotalF1:average=Macro,5,0.580012736399868
1,learn,TotalF1:average=Macro,6,0.585827361059292
1,learn,TotalF1:average=Macro,7,0.5746671245758261
1,learn,TotalF1:average=Macro,8,0.5708970822518005
1,learn,TotalF1:average=Macro,9,0.576246426005185
1,learn,TotalF1:average=Macro,10,0.5683054367330483
1,learn,TotalF1:average=Macro,11,0.5597331754375003
1,learn,TotalF1:average=Macro,12,0.560996576517349
1,learn,TotalF1:average=Macro,13,0.5599618386479636
1,learn,TotalF1:average=Macro,14,0.5726651775816638
1,learn,TotalF1:average=Macro,15,0.5778000396325618
1,learn,TotalF1:average=Macro,16,0.5747040536410071
1,learn,TotalF1:average=Macro,17,0.5809506903224348
1,learn,TotalF1:average=Macro,18,0.5843404761736664
1,learn,TotalF1:average=Macro,19,0.5779155690829499
1,learn,TotalF1:average=Macro,20,0.5855818084364834
1,learn,TotalF1:average=Macro,21,0.5879826708246161
1,learn,TotalF1:average=Macro,22,0.5929625508285511
1,learn,TotalF1:average=Macro,23,0.5982426198740631
1,learn,TotalF1:average=Macro,24,0.6009941134122104
1,learn,TotalF1:average=Macro,25,0.6127991322398849
1,learn,TotalF1:average=Macro,26,0.6183903699665554
1,learn,TotalF1:average=Macro,27,0.6272397016379929
1,learn,TotalF1:average=Macro,28,0.6292301008526024
1,learn,TotalF1:average=Macro,29,0.6288836041705266
1,learn,TotalF1:average=Macro,30,0.6312049515203144
1,learn,TotalF1:average=Macro,31,0.6340725985516888
1,learn,TotalF1:average=Macro,32,0.6432917987863473
1,learn,TotalF1:average=Macro,33,0.6530229581218878
1,learn,TotalF1:average=Macro,34,0.6555160853858893
1,learn,TotalF1:average=Macro,35,0.6529500838011477
1,learn,TotalF1:average=Macro,36,0.6533697811813314
1,learn,TotalF1:average=Macro,37,0.6518492861469822
1,learn,TotalF1:average=Macro,38,0.6524563496158658
1,learn,TotalF1:average=Macro,39,0.6574445600576141
1,learn,TotalF1:average=Macro,40,0.6510763340225351
1,learn,TotalF1:average=Macro,41,0.6520107522820848
1,learn,TotalF1:average=Macro,42,0.6584217481221876
1,learn,TotalF1:average=Macro,43,0.6612172362495378
1,learn,TotalF1:average=Macro,44,0.6678532231729877
1,learn,TotalF1:average=Macro,45,0.6679487179487179
1,learn,TotalF1:average=Macro,46,0.6683271670706441
1,learn,TotalF1:average=Macro,47,0.670588154344578
1,learn,TotalF1:average=Macro,48,0.6603627042417823
1,learn,TotalF1:average=Macro,49,0.6608976175116705
1,learn,TotalF1:average=Macro,50,0.659711274097278
1,learn,TotalF1:average=Macro,51,0.664808984032293
1,learn,TotalF1:average=Macro,52,0.6657679526787078
1,learn,TotalF1:average=Macro,53,0.6685930430530589
1,learn,TotalF1:average=Macro,54,0.6762481429209857
1,learn,TotalF1:average=Macro,55,0.6791694675355774
1,learn,TotalF1:average=Macro,56,0.6824017771314416
1,learn,TotalF1:average=Macro,57,0.687168941892272
1,learn,TotalF1:average=Macro,58,0.6809953052750909
1,learn,TotalF1:average=Macro,59,0.6788351641299988
1,learn,TotalF1:average=Macro,60,0.6782275462502452
1,learn,TotalF1:average=Macro,61,0.6797960885020966
1,learn,TotalF1:average=Macro,62,0.6876769841543601
1,learn,TotalF1:average=Macro,63,0.684395671173746
1,learn,TotalF1:average=Macro,64,0.6799437928274246
1,learn,TotalF1:average=Macro,65,0.6826296090883548
1,learn,TotalF1:average=Macro,66,0.6826332064977401
1,learn,TotalF1:average=Macro,67,0.6875072335757159
1,learn,TotalF1:average=Macro,68,0.693722108121882
1,learn,TotalF1:average=Macro,69,0.6939559331754124
1,learn,TotalF1:average=Macro,70,0.6922916141614405
1,learn,TotalF1:average=Macro,71,0.6939138393125062
1,learn,TotalF1:average=Macro,72,0.693898347965811
1,learn,TotalF1:average=Macro,73,0.7022797211086425
1,learn,TotalF1:average=Macro,74,0.7036855101699233
1,learn,TotalF1:average=Macro,75,0.7050093315229168
1,learn,TotalF1:average=Macro,76,0.7070978338774094
1,learn,TotalF1:average=Macro,77,0.7108344654863095
1,learn,TotalF1:average=Macro,78,0.7134408892170094
1,learn,TotalF1:average=Macro,79,0.7155615375232396
1,learn,TotalF1:average=Macro,80,0.7145373977999971
1,learn,TotalF1:average=Macro,81,0.7116296395867501
1,learn,TotalF1:average=Macro,82,0.7123459028491602
1,learn,TotalF1:average=Macro,83,0.7136228621914356
1,learn,TotalF1:average=Macro,84,0.7162974720187114
1,learn,TotalF1:average=Macro,85,0.718199117714615
1,learn,TotalF1:average=Macro,86,0.7192562001670464
1,learn,TotalF1:average=Macro,87,0.7219149404020866
1,learn,TotalF1:average=Macro,88,0.721573060231769
1,learn,TotalF1:average=Macro,89,0.7218986430327
1,learn,TotalF1:average=Macro,90,0.7215089396285881
1,learn,TotalF1:average=Macro,91,0.7241214809062118
1,learn,TotalF1:average=Macro,92,0.7269914161217244
1,learn,TotalF1:average=Macro,93,0.7276693308673696
1,learn,TotalF1:average=Macro,94,0.7344448081469358
1,learn,TotalF1:average=Macro,95,0.7292594019531922
1,learn,TotalF1:average=Macro,96,0.7311628147916726
1,learn,TotalF1:average=Macro,97,0.7323191686661985
1,learn,TotalF1:average=Macro,98,0.7318399829034878
1,learn,TotalF1:average=Macro,99,0.7331546650289166
1,learn,TotalF1:average=Macro,100,0.7344902799573478
1,learn,TotalF1:average=Macro,101,0.7342496705967004
1,learn,TotalF1:average=Macro,102,0.7352248847279363
1,learn,TotalF1:average=Macro,103,0.7365941483030498
1,learn,TotalF1:average=Macro,104,0.7344948264795541
1,learn,TotalF1:average=Macro,105,0.734473603033114
1,learn,TotalF1:average=Macro,106,0.7383270956643333
1,learn,TotalF1:average=Macro,107,0.7407621270592072
1,learn,TotalF1:average=Macro,108,0.7404456054739023
1,learn,TotalF1:average=Macro,109,0.7392064747310154
1,learn,TotalF1:average=Macro,110,0.7404994929205257
1,learn,TotalF1:average=Macro,111,0.7378941387730102
1,learn,TotalF1:average=Macro,112,0.7405085964398843
1,learn,TotalF1:average=Macro,113,0.7392362055109021
1,learn,TotalF1:average=Macro,114,0.7402704146449577
1,learn,TotalF1:average=Macro,115,0.7415753890199219
1,learn,TotalF1:average=Macro,116,0.7452427260758078
1,learn,TotalF1:average=Macro,117,0.7487850520031465
1,learn,TotalF1:average=Macro,118,0.7466293163260002
1,learn,TotalF1:average=Macro,119,0.748803255117618
1,learn,TotalF1:average=Macro,120,0.748514501533133
1,learn,TotalF1:average=Macro,121,0.7535866464049309
1,learn,TotalF1:average=Macro,122,0.7546655200631119
1,learn,TotalF1:average=Macro,123,0.7559079412671569
1,learn,TotalF1:average=Macro,124,0.7571475283298286
1,learn,TotalF1:average=Macro,125,0.7559079412671569
1,learn,TotalF1:average=Macro,126,0.7559079412671569
1,learn,TotalF1:average=Macro,127,0.7596490853300861
1,learn,TotalF1:average=Macro,128,0.7598270519144504
1,learn,TotalF1:average=Macro,129,0.7575924230791944
1,learn,TotalF1:average=Macro,130,0.7551268659424788
1,learn,TotalF1:average=Macro,131,0.7553135366539666
1,learn,TotalF1:average=Macro,132,0.7561712732808193
1,learn,TotalF1:average=Macro,133,0.7564934524476983
1,learn,TotalF1:average=Macro,134,0.7577200913298542
1,learn,TotalF1:average=Macro,135,0.7564793285543674
1,learn,TotalF1:average=Macro,136,0.7575260864218555
1,learn,TotalF1:average=Macro,137,0.7594411500929237
1,learn,TotalF1:average=Macro,138,0.760689332441852
1,learn,TotalF1:average=Macro,139,0.7596428032995197
1,learn,TotalF1:average=Macro,140,0.760689332441852
1,learn,TotalF1:average=Macro,141,0.7629471333416971
1,learn,TotalF1:average=Macro,142,0.7650720977166227
1,learn,TotalF1:average=Macro,143,0.7638423906990849
1,learn,TotalF1:average=Macro,144,0.7640622612091045
1,learn,TotalF1:average=Macro,145,0.7640786933289752
1,learn,TotalF1:average=Macro,146,0.7651194700589266
1,learn,TotalF1:average=Macro,147,0.763870504867564
1,learn,TotalF1:average=Macro,148,0.7649575626167628
1,learn,TotalF1:average=Macro,149,0.7637245864231496
1,learn,TotalF1:average=Macro,150,0.7664704927521235
1,learn,TotalF1:average=Macro,151,0.7640206458801543
1,learn,TotalF1:average=Macro,152,0.7640206458801543
1,learn,TotalF1:average=Macro,153,0.7652482998637185
1,learn,TotalF1:average=Macro,154,0.7664425906056687
1,learn,TotalF1:average=Macro,155,0.7676655755119262
1,learn,TotalF1:average=Macro,156,0.7689202033416324
1,learn,TotalF1:average=Macro,157,0.7688931446539523
1,learn,TotalF1:average=Macro,158,0.7715515780605356
1,learn,TotalF1:average=Macro,159,0.7703054928165686
1,learn,TotalF1:average=Macro,160,0.7713661033889972
1,learn,TotalF1:average=Macro,161,0.773587993372413
1,learn,TotalF1:average=Macro,162,0.7746498203604932
1,learn,TotalF1:average=Macro,163,0.773587993372413
1,learn,TotalF1:average=Macro,164,0.7758691625001328
1,learn,TotalF1:average=Macro,165,0.7794921546246819
1,learn,TotalF1:average=Macro,166,0.7782887599936004
1,learn,TotalF1:average=Macro,167,0.7805636284394479
1,learn,TotalF1:average=Macro,168,0.7782887599936004
1,learn,TotalF1:average=Macro,169,0.7805443648998804
1,learn,TotalF1:average=Macro,170,0.7805838365039808
1,learn,TotalF1:average=Macro,171,0.7795197747359459
1,learn,TotalF1:average=Macro,172,0.7807087531040657
1,learn,TotalF1:average=Macro,173,0.7829861751243095
1,learn,TotalF1:average=Macro,174,0.7829861751243095
1,learn,TotalF1:average=Macro,175,0.7829861751243095
1,learn,TotalF1:average=Macro,176,0.7829861751243095
1,learn,TotalF1:average=Macro,177,0.7851337737870644
1,learn,TotalF1:average=Macro,178,0.785263715713019
1,learn,TotalF1:average=Macro,179,0.785263715713019
1,learn,TotalF1:average=Macro,180,0.785498589782658
1,learn,TotalF1:average=Macro,181,0.7878033569625353
1,learn,TotalF1:average=Macro,182,0.7878248614301974
1,learn,TotalF1:average=Macro,183,0.7864599572285456
1,learn,TotalF1:average=Macro,184,0.7887098816357019
1,learn,TotalF1:average=Macro,185,0.7888699732466881
1,learn,TotalF1:average=Macro,186,0.790996196839617
1,learn,TotalF1:average=Macro,187,0.7909786543849588
1,learn,TotalF1:average=Macro,188,0.7912090260251238
1,learn,TotalF1:average=Macro,189,0.7900598241849035
1,learn,TotalF1:average=Macro,190,0.7900404945996282
1,learn,TotalF1:average=Macro,191,0.7900404945996282
1,learn,TotalF1:average=Macro,192,0.7902466022173822
1,learn,TotalF1:average=Macro,193,0.7891955344325887
1,learn,TotalF1:average=Macro,194,0.7891955344325887
1,learn,TotalF1:average=Macro,195,0.790290323032915
1,learn,TotalF1:average=Macro,196,0.7914527659577201
1,learn,TotalF1:average=Macro,197,0.790290323032915
1,learn,TotalF1:average=Macro,198,0.7935928561819253
1,learn,TotalF1:average=Macro,199,0.795675683695311
1,learn,TotalF1:average=Macro,200,0.793582891569113
1,learn,TotalF1:average=Macro,201,0.7946589202509133
1,learn,TotalF1:average=Macro,202,0.7946378111658539
1,learn,TotalF1:average=Macro,203,0.7956833800143339
1,learn,TotalF1:average=Macro,204,0.7945171961755866
1,learn,TotalF1:average=Macro,205,0.7945171961755866
1,learn,TotalF1:average=Macro,206,0.795560342710816
1,learn,TotalF1:average=Macro,207,0.795560342710816
1,learn,TotalF1:average=Macro,208,0.795560342710816
1,learn,TotalF1:average=Macro,209,0.7990845541311569
1,learn,TotalF1:average=Macro,210,0.8001461252564223
1,learn,TotalF1:average=Macro,211,0.7990882080913939
1,learn,TotalF1:average=Macro,212,0.8002848581908035
1,learn,TotalF1:average=Macro,213,0.801344683477773
1,learn,TotalF1:average=Macro,214,0.8024890270098739
1,learn,TotalF1:average=Macro,215,0.8013497322621079
1,learn,TotalF1:average=Macro,216,0.801321230736005
1,learn,TotalF1:average=Macro,217,0.8014034927243933
1,learn,TotalF1:average=Macro,218,0.801421642443546
1,learn,TotalF1:average=Macro,219,0.8035658675418857
1,learn,TotalF1:average=Macro,220,0.8024939319679945
1,learn,TotalF1:average=Macro,221,0.803481051964924
1,learn,TotalF1:average=Macro,222,0.8045536838644087
1,learn,TotalF1:average=Macro,223,0.8045637568545154
1,learn,TotalF1:average=Macro,224,0.8056107959933039
1,learn,TotalF1:average=Macro,225,0.8056107959933039
1,learn,TotalF1:average=Macro,226,0.802456796225935
1,learn,TotalF1:average=Macro,227,0.8055768703427876
1,learn,TotalF1:average=Macro,228,0.8024325537934499
1,learn,TotalF1:average=Macro,229,0.8024325537934499
1,learn,TotalF1:average=Macro,230,0.8066500496616127
1,learn,TotalF1:average=Macro,231,0.8077017586673864
1,learn,TotalF1:average=Macro,232,0.8088824331194042
1,learn,TotalF1:average=Macro,233,0.8088824331194042
1,learn,TotalF1:average=Macro,234,0.8088824331194042
1,learn,TotalF1:average=Macro,235,0.8088824331194042
1,learn,TotalF1:average=Macro,236,0.8099348306122862
1,learn,TotalF1:average=Macro,237,0.8099348306122862
1,learn,TotalF1:average=Macro,238,0.8098896959272638
1,learn,TotalF1:average=Macro,239,0.8098896959272638
1,learn,TotalF1:average=Macro,240,0.8098896959272638
1,learn,TotalF1:average=Macro,241,0.8099132868357837
1,learn,TotalF1:average=Macro,242,0.8099490171313418
1,learn,TotalF1:average=Macro,243,0.8099275005677676
1,learn,TotalF1:average=Macro,244,0.80884964196072
1,learn,TotalF1:average=Macro,245,0.8109256114912717
1,learn,TotalF1:average=Macro,246,0.8109202458904098
1,learn,TotalF1:average=Macro,247,0.8109292251477428
1,learn,TotalF1:average=Macro,248,0.81209039683629
1,learn,TotalF1:average=Macro,249,0.8110333930924052
1,learn,TotalF1:average=Macro,250,0.8110333930924052
1,learn,TotalF1:average=Macro,251,0.8121112582446695
1,learn,TotalF1:average=Macro,252,0.8110078082535397
1,learn,TotalF1:average=Macro,253,0.8133644229469374
1,learn,TotalF1:average=Macro,254,0.8120608942335302
1,learn,TotalF1:average=Macro,255,0.8154912958475806
1,learn,TotalF1:average=Macro,256,0.8166444985418465
1,learn,TotalF1:average=Macro,257,0.8154912958475806
1,learn,TotalF1:average=Macro,258,0.8154912958475806
1,learn,TotalF1:average=Macro,259,0.815458969017459
1,learn,TotalF1:average=Macro,260,0.815458969017459
1,learn,TotalF1:average=Macro,261,0.8166139072804709
1,learn,TotalF1:average=Macro,262,0.8166195158869396
1,learn,TotalF1:average=Macro,263,0.8166444985418465
1,learn,TotalF1:average=Macro,264,0.8177955466504334
1,learn,TotalF1:average=Macro,265,0.8167368891180334
1,learn,TotalF1:average=Macro,266,0.8167368891180334
1,learn,TotalF1:average=Macro,267,0.8155554742868693
1,learn,TotalF1:average=Macro,268,0.8155554742868693
1,learn,TotalF1:average=Macro,269,0.8177959864751748
1,learn,TotalF1:average=Macro,270,0.8166444985418465
1,learn,TotalF1:average=Macro,271,0.8189457947255919
1,learn,TotalF1:average=Macro,272,0.8210033990020154
1,learn,TotalF1:average=Macro,273,0.8198508005786638
1,learn,TotalF1:average=Macro,274,0.8209379849031142
1,learn,TotalF1:average=Macro,275,0.8209379849031142
1,learn,TotalF1:average=Macro,276,0.8198508005786638
1,learn,TotalF1:average=Macro,277,0.820934891491964
1,learn,TotalF1:average=Macro,278,0.8199432971948927
1,learn,TotalF1:average=Macro,279,0.8199432971948927
1,learn,TotalF1:average=Macro,280,0.8220912327231173
1,learn,TotalF1:average=Macro,281,0.8220912327231173
1,learn,TotalF1:average=Macro,282,0.8199663695766075
1,learn,TotalF1:average=Macro,283,0.8200517977299357
1,learn,TotalF1:average=Macro,284,0.8222860159291867
1,learn,TotalF1:average=Macro,285,0.8244594174458784
1,learn,TotalF1:average=Macro,286,0.8233966645460427
1,learn,TotalF1:average=Macro,287,0.8222338633610139
1,learn,TotalF1:average=Macro,288,0.8232945383280007
1,learn,TotalF1:average=Macro,289,0.8244485411733133
1,learn,TotalF1:average=Macro,290,0.8233909845333964
1,learn,TotalF1:average=Macro,291,0.8232945383280007
1,learn,TotalF1:average=Macro,292,0.8244485411733133
1,learn,TotalF1:average=Macro,293,0.8233676091190733
1,learn,TotalF1:average=Macro,294,0.8245117216262741
1,learn,TotalF1:average=Macro,295,0.8244226385148969
1,learn,TotalF1:average=Macro,296,0.8267113154731998
1,learn,TotalF1:average=Macro,297,0.8255677442150879
1,learn,TotalF1:average=Macro,298,0.8267113154731998
1,learn,TotalF1:average=Macro,299,0.826663586870132
1,learn,TotalF1:average=Macro,300,0.8278103452200618
1,learn,TotalF1:average=Macro,301,0.8267260690891114
1,learn,TotalF1:average=Macro,302,0.8267260690891114
1,learn,TotalF1:average=Macro,303,0.8300139249062161
1,learn,TotalF1:average=Macro,304,0.8288679498356918
1,learn,TotalF1:average=Macro,305,0.8299251132047614
1,learn,TotalF1:average=Macro,306,0.8299251132047614
1,learn,TotalF1:average=Macro,307,0.8299251132047614
1,learn,TotalF1:average=Macro,308,0.8299251132047614
1,learn,TotalF1:average=Macro,309,0.8300224604111799
1,learn,TotalF1:average=Macro,310,0.828748324822016
1,learn,TotalF1:average=Macro,311,0.8265535730162684
1,learn,TotalF1:average=Macro,312,0.82783088563896
1,learn,TotalF1:average=Macro,313,0.827821541403392
1,learn,TotalF1:average=Macro,314,0.8288770766025149
1,learn,TotalF1:average=Macro,315,0.827738092400849
1,learn,TotalF1:average=Macro,316,0.8288783527457813
1,learn,TotalF1:average=Macro,317,0.8254989973828168
1,learn,TotalF1:average=Macro,318,0.8254989973828168
1,learn,TotalF1:average=Macro,319,0.8275909174146087
1,learn,TotalF1:average=Macro,320,0.8275909174146087
1,learn,TotalF1:average=Macro,321,0.8298146178298509
1,learn,TotalF1:average=Macro,322,0.830956087288295
1,learn,TotalF1:average=Macro,323,0.8266873508580121
1,learn,TotalF1:average=Macro,324,0.8266873508580121
1,learn,TotalF1:average=Macro,325,0.8288202822800563
1,learn,TotalF1:average=Macro,326,0.8288437918797651
1,learn,TotalF1:average=Macro,327,0.8288437918797651
1,learn,TotalF1:average=Macro,328,0.8288437918797651
1,learn,TotalF1:average=Macro,329,0.8288437918797651
1,learn,TotalF1:average=Macro,330,0.8288437918797651
1,learn,TotalF1:average=Macro,331,0.8299001858766453
1,learn,TotalF1:average=Macro,332,0.8321037884866522
1,learn,TotalF1:average=Macro,333,0.8321037884866522
1,learn,TotalF1:average=Macro,334,0.830956087288295
1,learn,TotalF1:average=Macro,335,0.830956087288295
1,learn,TotalF1:average=Macro,336,0.8331598187369758
1,learn,TotalF1:average=Macro,337,0.8321037884866522
1,learn,TotalF1:average=Macro,338,0.830956087288295
1,learn,TotalF1:average=Macro,339,0.830956087288295
1,learn,TotalF1:average=Macro,340,0.830956087288295
1,learn,TotalF1:average=Macro,341,0.8309945664538325
1,learn,TotalF1:average=Macro,342,0.8331441452281692
1,learn,TotalF1:average=Macro,343,0.8342815061620652
1,learn,TotalF1:average=Macro,344,0.8331328059208298
1,learn,TotalF1:average=Macro,345,0.8342719618231454
1,learn,TotalF1:average=Macro,346,0.8330458698720364
1,learn,TotalF1:average=Macro,347,0.8353275577265775
1,learn,TotalF1:average=Macro,348,0.8330458698720364
1,learn,TotalF1:average=Macro,349,0.834198444219979
1,learn,TotalF1:average=Macro,350,0.8319921704113933
1,learn,TotalF1:average=Macro,351,0.8319921704113933
1,learn,TotalF1:average=Macro,352,0.8319805045702913
1,learn,TotalF1:average=Macro,353,0.8331328059208298
1,learn,TotalF1:average=Macro,354,0.8331328059208298
1,learn,TotalF1:average=Macro,355,0.8331337832013271
1,learn,TotalF1:average=Macro,356,0.8342888929462124
1,learn,TotalF1:average=Macro,357,0.8354256648573427
1,learn,TotalF1:average=Macro,358,0.8363739471016252
1,learn,TotalF1:average=Macro,359,0.8363739471016252
1,learn,TotalF1:average=Macro,360,0.8375144018217565
1,learn,TotalF1:average=Macro,361,0.8364695061934596
1,learn,TotalF1:average=Macro,362,0.8364695061934596
1,learn,TotalF1:average=Macro,363,0.8364695061934596
1,learn,TotalF1:average=Macro,364,0.8364695061934596
1,learn,TotalF1:average=Macro,365,0.8386876170283957
1,learn,TotalF1:average=Macro,366,0.8364695061934596
1,learn,TotalF1:average=Macro,367,0.835330559612879
1,learn,TotalF1:average=Macro,368,0.8364695061934596
1,learn,TotalF1:average=Macro,369,0.8376322522144896
1,learn,TotalF1:average=Macro,370,0.8376322522144896
1,learn,TotalF1:average=Macro,371,0.8386851033252987
1,learn,TotalF1:average=Macro,372,0.8386851033252987
1,learn,TotalF1:average=Macro,373,0.8386851033252987
1,learn,TotalF1:average=Macro,374,0.8386851033252987
1,learn,TotalF1:average=Macro,375,0.8386984240589723
1,learn,TotalF1:average=Macro,376,0.8398598985809623
1,learn,TotalF1:average=Macro,377,0.8409837370547874
1,learn,TotalF1:average=Macro,378,0.8408421607241654
1,learn,TotalF1:average=Macro,379,0.8408574072978406
1,learn,TotalF1:average=Macro,380,0.8420012262040887
1,learn,TotalF1:average=Macro,381,0.8420703006888764
1,learn,TotalF1:average=Macro,382,0.8431296598015685
1,learn,TotalF1:average=Macro,383,0.8442600712296421
1,learn,TotalF1:average=Macro,384,0.8452243488479341
1,learn,TotalF1:average=Macro,385,0.8453124983467424
1,learn,TotalF1:average=Macro,386,0.8442523789936155
1,learn,TotalF1:average=Macro,387,0.8442523789936155
1,learn,TotalF1:average=Macro,388,0.8453198496658965
1,learn,TotalF1:average=Macro,389,0.8442006169524935
1,learn,TotalF1:average=Macro,390,0.8463886230483358
1,learn,TotalF1:average=Macro,391,0.8474454480280531
1,learn,TotalF1:average=Macro,392,0.8452569923705607
1,learn,TotalF1:average=Macro,393,0.8452569923705607
1,learn,TotalF1:average=Macro,394,0.8463886230483358
1,learn,TotalF1:average=Macro,395,0.8463886230483358
1,learn,TotalF1:average=Macro,396,0.8442006169524935
1,learn,TotalF1:average=Macro,397,0.8442006169524935
1,learn,TotalF1:average=Macro,398,0.8442006169524935
1,learn,TotalF1:average=Macro,399,0.8452569923705607
1,learn,TotalF1:average=Macro,400,0.8442006169524935
1,learn,TotalF1:average=Macro,401,0.8452569923705607
1,learn,TotalF1:average=Macro,402,0.8442006169524935
1,learn,TotalF1:average=Macro,403,0.8442006169524935
1,learn,TotalF1:average=Macro,404,0.8463886230483358
1,learn,TotalF1:average=Macro,405,0.8463886230483358
1,learn,TotalF1:average=Macro,406,0.8475436354857246
1,learn,TotalF1:average=Macro,407,0.849629581417219
1,learn,TotalF1:average=Macro,408,0.8496978462661657
1,learn,TotalF1:average=Macro,409,0.8507581383022438
1,learn,TotalF1:average=Macro,410,0.8507581383022438
1,learn,TotalF1:average=Macro,411,0.8508243010104076
1,learn,TotalF1:average=Macro,412,0.8496978462661657
1,learn,TotalF1:average=Macro,413,0.8508243010104076
1,learn,TotalF1:average=Macro,414,0.8508243010104076
1,learn,TotalF1:average=Macro,415,0.8508243010104076
1,learn,TotalF1:average=Macro,416,0.8508243010104076
1,learn,TotalF1:average=Macro,417,0.8508243010104076
1,learn,TotalF1:average=Macro,418,0.8508243010104076
1,learn,TotalF1:average=Macro,419,0.8508243010104076
1,learn,TotalF1:average=Macro,420,0.8519547542410159
1,learn,TotalF1:average=Macro,421,0.8508313962741396
1,learn,TotalF1:average=Macro,422,0.8508313962741396
1,learn,TotalF1:average=Macro,423,0.8508313962741396
1,learn,TotalF1:average=Macro,424,0.8508313962741396
1,learn,TotalF1:average=Macro,425,0.8508313962741396
1,learn,TotalF1:average=Macro,426,0.8519547542410159
1,learn,TotalF1:average=Macro,427,0.8519547542410159
1,learn,TotalF1:average=Macro,428,0.8529825078578976
1,learn,TotalF1:average=Macro,429,0.8541123219530478
1,learn,TotalF1:average=Macro,430,0.8529825078578976
1,learn,TotalF1:average=Macro,431,0.8551804165501468
1,learn,TotalF1:average=Macro,432,0.8551804165501468
1,learn,TotalF1:average=Macro,433,0.8551804165501468
1,learn,TotalF1:average=Macro,434,0.8585208571184596
1,learn,TotalF1:average=Macro,435,0.8551804165501468
1,learn,TotalF1:average=Macro,436,0.8575347911142395
1,learn,TotalF1:average=Macro,437,0.8575347911142395
1,learn,TotalF1:average=Macro,438,0.8575347911142395
1,learn,TotalF1:average=Macro,439,0.8564082925692951
1,learn,TotalF1:average=Macro,440,0.8564082925692951
1,learn,TotalF1:average=Macro,441,0.8564082925692951
1,learn,TotalF1:average=Macro,442,0.8574333636018235
1,learn,TotalF1:average=Macro,443,0.8574333636018235
1,learn,TotalF1:average=Macro,444,0.8585607796837744
1,learn,TotalF1:average=Macro,445,0.85851885068647
1,learn,TotalF1:average=Macro,446,0.859635155262527
1,learn,TotalF1:average=Macro,447,0.859635155262527
1,learn,TotalF1:average=Macro,448,0.859635155262527
1,learn,TotalF1:average=Macro,449,0.8585089239360731
1,learn,TotalF1:average=Macro,450,0.8596768293450217
1,learn,TotalF1:average=Macro,451,0.8596736185463005
1,learn,TotalF1:average=Macro,452,0.8607603487769033
1,learn,TotalF1:average=Macro,453,0.8596194922880587
1,learn,TotalF1:average=Macro,454,0.860744685802435
1,learn,TotalF1:average=Macro,455,0.8596194922880587
1,learn,TotalF1:average=Macro,456,0.8618279203515813
1,learn,TotalF1:average=Macro,457,0.8628928939627623
1,learn,TotalF1:average=Macro,458,0.8628939998098365
1,learn,TotalF1:average=Macro,459,0.8628939998098365
1,learn,TotalF1:average=Macro,460,0.8628939998098365
1,learn,TotalF1:average=Macro,461,0.8628939998098365
1,learn,TotalF1:average=Macro,462,0.8628928939627623
1,learn,TotalF1:average=Macro,463,0.8607562553800557
1,learn,TotalF1:average=Macro,464,0.8618237736889459
1,learn,TotalF1:average=Macro,465,0.860759466178777
1,learn,TotalF1:average=Macro,466,0.860759466178777
1,learn,TotalF1:average=Macro,467,0.8628928939627623
1,learn,TotalF1:average=Macro,468,0.860759466178777
1,learn,TotalF1:average=Macro,469,0.8640252803243628
1,learn,TotalF1:average=Macro,470,0.8628939998098365
1,learn,MultiClass,1,1.3673709551411541
1,learn,MultiClass,2,1.3484298059096975
1,learn,MultiClass,3,1.3279228023556215
1,learn,MultiClass,4,1.3098132593775906
1,learn,MultiClass,5,1.2923888275532296
1,learn,MultiClass,6,1.277429144699258
1,learn,MultiClass,7,1.2624857440185115
1,learn,MultiClass,8,1.2446415800207702
1,learn,MultiClass,9,1.231701667666048
1,learn,MultiClass,10,1.220072976930824
1,learn,MultiClass,11,1.2087053530669452
1,learn,MultiClass,12,1.1982940549045897
1,learn,MultiClass,13,1.1876078929505665
1,learn,MultiClass,14,1.1771893020718234
1,learn,MultiClass,15,1.1681114540277386
1,learn,MultiClass,16,1.1588776769642581
1,learn,MultiClass,17,1.1510417605514491
1,learn,MultiClass,18,1.1419225346064352
1,learn,MultiClass,19,1.1355011249555054
1,learn,MultiClass,20,1.1278190353334017
1,learn,MultiClass,21,1.119384277503559
1,learn,MultiClass,22,1.1102514451252303
1,learn,MultiClass,23,1.1024506391365678
1,learn,MultiClass,24,1.0960992641372196
1,learn,MultiClass,25,1.084314999714902
1,learn,MultiClass,26,1.076502421250815
1,learn,MultiClass,27,1.0700172048264927
1,learn,MultiClass,28,1.0652778982292799
1,learn,MultiClass,29,1.0586579917633956
1,learn,MultiClass,30,1.0524922845294773
1,learn,MultiClass,31,1.0461628062986448
1,learn,MultiClass,32,1.0404836808580542
1,learn,MultiClass,33,1.0337492991297268
1,learn,MultiClass,34,1.0280473973678357
1,learn,MultiClass,35,1.0231497791574693
1,learn,MultiClass,36,1.017599207102497
1,learn,MultiClass,37,1.0118470313436227
1,learn,MultiClass,38,1.0103732906039617
1,learn,MultiClass,39,1.0055637577982346
1,learn,MultiClass,40,1.0003813597270588
1,learn,MultiClass,41,0.9941689296594456
1,learn,MultiClass,42,0.9896017986225906
1,learn,MultiClass,43,0.984863448240109
1,learn,MultiClass,44,0.9799393010893727
1,learn,MultiClass,45,0.976013977122454
1,learn,MultiClass,46,0.971294606278602
1,learn,MultiClass,47,0.9684100886914593
1,learn,MultiClass,48,0.9638760565663376
1,learn,MultiClass,49,0.9612154459210555
1,learn,MultiClass,50,0.9566426757938176
1,learn,MultiClass,51,0.9521448166112567
1,learn,MultiClass,52,0.9462892129860508
1,learn,MultiClass,53,0.9428310335565661
1,learn,MultiClass,54,0.9388951431282939
1,learn,MultiClass,55,0.9344414485476938
1,learn,MultiClass,56,0.93202719580368
1,learn,MultiClass,57,0.9284992606172188
1,learn,MultiClass,58,0.9245099521290816
1,learn,MultiClass,59,0.9204255887128231
1,learn,MultiClass,60,0.9169240548012381
1,learn,MultiClass,61,0.9121541687837385
1,learn,MultiClass,62,0.9074839772451817
1,learn,MultiClass,63,0.9037732293577039
1,learn,MultiClass,64,0.9011105597086333
1,learn,MultiClass,65,0.8968116456657909
1,learn,MultiClass,66,0.8943320683259872
1,learn,MultiClass,67,0.8916942094719609
1,learn,MultiClass,68,0.8885845006113039
1,learn,MultiClass,69,0.884517296342762
1,learn,MultiClass,70,0.8821617058749315
1,learn,MultiClass,71,0.8785346942996429
1,learn,MultiClass,72,0.8749302909703857
1,learn,MultiClass,73,0.8714376259066303
1,learn,MultiClass,74,0.867605721578031
1,learn,MultiClass,75,0.8663066126528312
1,learn,MultiClass,76,0.8617057695742681
1,learn,MultiClass,77,0.8573641926571363
1,learn,MultiClass,78,0.8552617877651787
1,learn,MultiClass,79,0.8511916231971706
1,learn,MultiClass,80,0.8491418274634909
1,learn,MultiClass,81,0.846594978397099
1,learn,MultiClass,82,0.8428920856919357
1,learn,MultiClass,83,0.8390847026738254
1,learn,MultiClass,84,0.8352766203054647
1,learn,MultiClass,85,0.8316567004424565
1,learn,MultiClass,86,0.8278003971321477
1,learn,MultiClass,87,0.8248816356660199
1,learn,MultiClass,88,0.8220174629764124
1,learn,MultiClass,89,0.8189523040452377
1,learn,MultiClass,90,0.816012860633107
1,learn,MultiClass,91,0.8140447474501508
1,learn,MultiClass,92,0.810555423342369
1,learn,MultiClass,93,0.8084418691895515
1,learn,MultiClass,94,0.8055044071626949
1,learn,MultiClass,95,0.801521317585539
1,learn,MultiClass,96,0.7991874359884926
1,learn,MultiClass,97,0.7963637611317297
1,learn,MultiClass,98,0.7944753245125943
1,learn,MultiClass,99,0.7923723434735868
1,learn,MultiClass,100,0.7902192287192386
1,learn,MultiClass,101,0.7883555358325035
1,learn,MultiClass,102,0.7861939011998615
1,learn,MultiClass,103,0.7833813575500058
1,learn,MultiClass,104,0.7809122076075206
1,learn,MultiClass,105,0.7794168709644611
1,learn,MultiClass,106,0.7779361377301915
1,learn,MultiClass,107,0.7757608897399749
1,learn,MultiClass,108,0.773880672783217
1,learn,MultiClass,109,0.7718536546612805
1,learn,MultiClass,110,0.7704267349752455
1,learn,MultiClass,111,0.7689141404117329
1,learn,MultiClass,112,0.7670732879690794
1,learn,MultiClass,113,0.7657536747213468
1,learn,MultiClass,114,0.7646041698988825
1,learn,MultiClass,115,0.7620674681060494
1,learn,MultiClass,116,0.7606567308583501
1,learn,MultiClass,117,0.7583273356911742
1,learn,MultiClass,118,0.7567843630692228
1,learn,MultiClass,119,0.7552321254181152
1,learn,MultiClass,120,0.753930823159335
1,learn,MultiClass,121,0.7520155634021021
1,learn,MultiClass,122,0.7493630079238717
1,learn,MultiClass,123,0.7484345039966663
1,learn,MultiClass,124,0.7466069246216764
1,learn,MultiClass,125,0.7459595375861632
1,learn,MultiClass,126,0.7442451743863358
1,learn,MultiClass,127,0.7413037346916282
1,learn,MultiClass,128,0.7401489609387077
1,learn,MultiClass,129,0.738863584418142
1,learn,MultiClass,130,0.7373184826953048
1,learn,MultiClass,131,0.736026636631959
1,learn,MultiClass,132,0.7347934137036183
1,learn,MultiClass,133,0.7331333809186975
1,learn,MultiClass,134,0.731222642337407
1,learn,MultiClass,135,0.7300688713650944
1,learn,MultiClass,136,0.7287179578980644
1,learn,MultiClass,137,0.7269252245768478
1,learn,MultiClass,138,0.7253995111076099
1,learn,MultiClass,139,0.7234793122531121
1,learn,MultiClass,140,0.7222181952897979
1,learn,MultiClass,141,0.7214698957841313
1,learn,MultiClass,142,0.7202815162485375
1,learn,MultiClass,143,0.7194100099938796
1,learn,MultiClass,144,0.7174169854872935
1,learn,MultiClass,145,0.7163922656160733
1,learn,MultiClass,146,0.7153240848377853
1,learn,MultiClass,147,0.7136601752289812
1,learn,MultiClass,148,0.712034551535189
1,learn,MultiClass,149,0.7112134387318226
1,learn,MultiClass,150,0.7090144276855704
1,learn,MultiClass,151,0.7083016836276101
1,learn,MultiClass,152,0.7074670726139893
1,learn,MultiClass,153,0.7063061734955597
1,learn,MultiClass,154,0.7055263326439857
1,learn,MultiClass,155,0.7050781485643777
1,learn,MultiClass,156,0.7044441991983573
1,learn,MultiClass,157,0.7035516541287272
1,learn,MultiClass,158,0.7025716016419769
1,learn,MultiClass,159,0.7015632999375596
1,learn,MultiClass,160,0.7005818670875499
1,learn,MultiClass,161,0.6993155985953593
1,learn,MultiClass,162,0.6983668438878227
1,learn,MultiClass,163,0.6973948057354814
1,learn,MultiClass,164,0.6968470393967864
1,learn,MultiClass,165,0.6957969526178635
1,learn,MultiClass,166,0.6949175510911529
1,learn,MultiClass,167,0.6943916053732323
1,learn,MultiClass,168,0.6921411943764137
1,learn,MultiClass,169,0.6917152746459503
1,learn,MultiClass,170,0.690151744865833
1,learn,MultiClass,171,0.6897062087611336
1,learn,MultiClass,172,0.6888370453450015
1,learn,MultiClass,173,0.6878454836388838
1,learn,MultiClass,174,0.6873032164808989
1,learn,MultiClass,175,0.6868604680544105
1,learn,MultiClass,176,0.6863614422064783
1,learn,MultiClass,177,0.6854515155978936
1,learn,MultiClass,178,0.6837234693557473
1,learn,MultiClass,179,0.6828984947628541
1,learn,MultiClass,180,0.6812172082576241
1,learn,MultiClass,181,0.6805696315623901
1,learn,MultiClass,182,0.6794094900036671
1,learn,MultiClass,183,0.6778772014114387
1,learn,MultiClass,184,0.6754310227636829
1,learn,MultiClass,185,0.6748009653037605
1,learn,MultiClass,186,0.6742835821496829
1,learn,MultiClass,187,0.6735150922645182
1,learn,MultiClass,188,0.6711592091607193
1,learn,MultiClass,189,0.6690040963802381
1,learn,MultiClass,190,0.6670067406617044
1,learn,MultiClass,191,0.6651380897310626
1,learn,MultiClass,192,0.6639653898822251
1,learn,MultiClass,193,0.6633971578691014
1,learn,MultiClass,194,0.6625916391117382
1,learn,MultiClass,195,0.6612873017233931
1,learn,MultiClass,196,0.6609524380105144
1,learn,MultiClass,197,0.6604577758905423
1,learn,MultiClass,198,0.6586088890493288
1,learn,MultiClass,199,0.6567469021607473
1,learn,MultiClass,200,0.6551826062463751
1,learn,MultiClass,201,0.6537034257306262
1,learn,MultiClass,202,0.6532680245091695
1,learn,MultiClass,203,0.6524797478553807
1,learn,MultiClass,204,0.6516774368681977
1,learn,MultiClass,205,0.6508492781534642
1,learn,MultiClass,206,0.6498062381761983
1,learn,MultiClass,207,0.6477650553200922
1,learn,MultiClass,208,0.6475059065297755
1,learn,MultiClass,209,0.6457826849077524
1,learn,MultiClass,210,0.6441844699891384
1,learn,MultiClass,211,0.6437195971752149
1,learn,MultiClass,212,0.643216960947168
1,learn,MultiClass,213,0.6421748651764552
1,learn,MultiClass,214,0.6413090818891077
1,learn,MultiClass,215,0.6405489990647476
1,learn,MultiClass,216,0.6400508961385853
1,learn,MultiClass,217,0.6387563070240558
1,learn,MultiClass,218,0.6374828565107706
1,learn,MultiClass,219,0.6369217024375958
1,learn,MultiClass,220,0.6355985767466044
1,learn,MultiClass,221,0.634016185411963
1,learn,MultiClass,222,0.6327252336213788
1,learn,MultiClass,223,0.6311205659030039
1,learn,MultiClass,224,0.6302508952529595
1,learn,MultiClass,225,0.6296437085838152
1,learn,MultiClass,226,0.6278229131502308
1,learn,MultiClass,227,0.6275673388181753
1,learn,MultiClass,228,0.6268807673574087
1,learn,MultiClass,229,0.6265985174828319
1,learn,MultiClass,230,0.6252404918044957
1,learn,MultiClass,231,0.6234559996315933
1,learn,MultiClass,232,0.6215943037489541
1,learn,MultiClass,233,0.6201538993544603
1,learn,MultiClass,234,0.6196961696418926
1,learn,MultiClass,235,0.618690819222124
1,learn,MultiClass,236,0.618030852023718
1,learn,MultiClass,237,0.6170788700771573
1,learn,MultiClass,238,0.6161410454988485
1,learn,MultiClass,239,0.6159714769561272
1,learn,MultiClass,240,0.614686522888038
1,learn,MultiClass,241,0.6144312210820065
1,learn,MultiClass,242,0.6137541421854565
1,learn,MultiClass,243,0.6129668492484581
1,learn,MultiClass,244,0.6118910006535636
1,learn,MultiClass,245,0.6107383119386867
1,learn,MultiClass,246,0.6098993601549241
1,learn,MultiClass,247,0.6096530519154628
1,learn,MultiClass,248,0.6087511055832512
1,learn,MultiClass,249,0.6083029024635846
1,learn,MultiClass,250,0.6080277335203678
1,learn,MultiClass,251,0.6069674003350383
1,learn,MultiClass,252,0.6055566202219289
1,learn,MultiClass,253,0.6049533419825264
1,learn,MultiClass,254,0.6039904484254262
1,learn,MultiClass,255,0.6026046524820641
1,learn,MultiClass,256,0.6012632849812763
1,learn,MultiClass,257,0.6004253237911614
1,learn,MultiClass,258,0.6001357672093532
1,learn,MultiClass,259,0.5993666258646559
1,learn,MultiClass,260,0.5990705819621186
1,learn,MultiClass,261,0.598863030444965
1,learn,MultiClass,262,0.5981390091420727
1,learn,MultiClass,263,0.5973368948312757
1,learn,MultiClass,264,0.5959842409611795
1,learn,MultiClass,265,0.5950947675857758
1,learn,MultiClass,266,0.594363685153868
1,learn,MultiClass,267,0.5936367407563582
1,learn,MultiClass,268,0.5925322326663546
1,learn,MultiClass,269,0.5913098688442403
1,learn,MultiClass,270,0.5902447225932009
1,learn,MultiClass,271,0.5901368307151409
1,learn,MultiClass,272,0.5897753965136405
1,learn,MultiClass,273,0.5883945909426954
1,learn,MultiClass,274,0.5869332845665788
1,learn,MultiClass,275,0.5861852890405927
1,learn,MultiClass,276,0.5857328522234063
1,learn,MultiClass,277,0.5846909719871145
1,learn,MultiClass,278,0.5835575946044149
1,learn,MultiClass,279,0.5826333893969168
1,learn,MultiClass,280,0.582083310119957
1,learn,MultiClass,281,0.5808988873681015
1,learn,MultiClass,282,0.5797720039360227
1,learn,MultiClass,283,0.5795692905075398
1,learn,MultiClass,284,0.5781114172310166
1,learn,MultiClass,285,0.5774690820379039
1,learn,MultiClass,286,0.5764014529707269
1,learn,MultiClass,287,0.5752532413369169
1,learn,MultiClass,288,0.5746324131676953
1,learn,MultiClass,289,0.5744842297521334
1,learn,MultiClass,290,0.5741146425607265
1,learn,MultiClass,291,0.5731821750726823
1,learn,MultiClass,292,0.5728607341542389
1,learn,MultiClass,293,0.5722740100609552
1,learn,MultiClass,294,0.5714654188801885
1,learn,MultiClass,295,0.5706646316264908
1,learn,MultiClass,296,0.569955118512632
1,learn,MultiClass,297,0.5693627318109149
1,learn,MultiClass,298,0.5692255451145047
1,learn,MultiClass,299,0.568220208133058
1,learn,MultiClass,300,0.5680922979319678
1,learn,MultiClass,301,0.5672401106639793
1,learn,MultiClass,302,0.567137324564167
1,learn,MultiClass,303,0.5665863592125356
1,learn,MultiClass,304,0.5658752155509681
1,learn,MultiClass,305,0.5656935039635383
1,learn,MultiClass,306,0.5647903869506783
1,learn,MultiClass,307,0.564024703339709
1,learn,MultiClass,308,0.563762174787818
1,learn,MultiClass,309,0.5626505566098179
1,learn,MultiClass,310,0.5616827976929484
1,learn,MultiClass,311,0.5607913823409141
1,learn,MultiClass,312,0.5604080923193541
1,learn,MultiClass,313,0.5602758785457347
1,learn,MultiClass,314,0.5592792194385747
1,learn,MultiClass,315,0.5585314016307232
1,learn,MultiClass,316,0.5583837533793354
1,learn,MultiClass,317,0.5573493280233397
1,learn,MultiClass,318,0.5571510709139097
1,learn,MultiClass,319,0.5560753935761493
1,learn,MultiClass,320,0.5550807835441841
1,learn,MultiClass,321,0.5544608255935434
1,learn,MultiClass,322,0.5543423627359194
1,learn,MultiClass,323,0.5538008868953959
1,learn,MultiClass,324,0.5536181259049924
1,learn,MultiClass,325,0.5529472175614389
1,learn,MultiClass,326,0.5518592348396938
1,learn,MultiClass,327,0.5517606398921926
1,learn,MultiClass,328,0.5516873891939388
1,learn,MultiClass,329,0.5514623640033993
1,learn,MultiClass,330,0.5506655011350388
1,learn,MultiClass,331,0.5503964150304371
1,learn,MultiClass,332,0.5500542387835886
1,learn,MultiClass,333,0.5499818344919812
1,learn,MultiClass,334,0.5491473733130354
1,learn,MultiClass,335,0.5485869767200792
1,learn,MultiClass,336,0.5479305229966669
1,learn,MultiClass,337,0.5473375417948969
1,learn,MultiClass,338,0.5466437991964802
1,learn,MultiClass,339,0.5458988002377051
1,learn,MultiClass,340,0.5453464691733666
1,learn,MultiClass,341,0.5447461981935592
1,learn,MultiClass,342,0.543930839270454
1,learn,MultiClass,343,0.5437483019181569
1,learn,MultiClass,344,0.5432301356243928
1,learn,MultiClass,345,0.5428117107010294
1,learn,MultiClass,346,0.5426249030244529
1,learn,MultiClass,347,0.5425480086570587
1,learn,MultiClass,348,0.5414803636695849
1,learn,MultiClass,349,0.5412921282737712
1,learn,MultiClass,350,0.5406740562329512
1,learn,MultiClass,351,0.5402515332991847
1,learn,MultiClass,352,0.5398600376259175
1,learn,MultiClass,353,0.5393533851352723
1,learn,MultiClass,354,0.5391091437775011
1,learn,MultiClass,355,0.5384661236875978
1,learn,MultiClass,356,0.537981580472544
1,learn,MultiClass,357,0.5370651196012988
1,learn,MultiClass,358,0.5364043271543645
1,learn,MultiClass,359,0.5358171426025108
1,learn,MultiClass,360,0.5355673312153411
1,learn,MultiClass,361,0.5349266098769008
1,learn,MultiClass,362,0.5342924208046695
1,learn,MultiClass,363,0.5332088243465424
1,learn,MultiClass,364,0.5330079780459442
1,learn,MultiClass,365,0.5321687120121924
1,learn,MultiClass,366,0.5316144729461224
1,learn,MultiClass,367,0.5307141619163561
1,learn,MultiClass,368,0.5304847530795742
1,learn,MultiClass,369,0.5295799952365189
1,learn,MultiClass,370,0.5294794594184753
1,learn,MultiClass,371,0.5289245260255921
1,learn,MultiClass,372,0.528533948926743
1,learn,MultiClass,373,0.5281779900628957
1,learn,MultiClass,374,0.5274435072005382
1,learn,MultiClass,375,0.5269809987677581
1,learn,MultiClass,376,0.5267868938945721
1,learn,MultiClass,377,0.5262374475963861
1,learn,MultiClass,378,0.5252889737536007
1,learn,MultiClass,379,0.5251905664667037
1,learn,MultiClass,380,0.5248024339247437
1,learn,MultiClass,381,0.5242542733284714
1,learn,MultiClass,382,0.5236658596241409
1,learn,MultiClass,383,0.5234652519875042
1,learn,MultiClass,384,0.5227775016838642
1,learn,MultiClass,385,0.5223116053186609
1,learn,MultiClass,386,0.5215277873686135
1,learn,MultiClass,387,0.5213914226320945
1,learn,MultiClass,388,0.5209128971765683
1,learn,MultiClass,389,0.5198270034753429
1,learn,MultiClass,390,0.5196159624398543
1,learn,MultiClass,391,0.5186699418541586
1,learn,MultiClass,392,0.5182399970061691
1,learn,MultiClass,393,0.5182048259997479
1,learn,MultiClass,394,0.518083434606387
1,learn,MultiClass,395,0.5180055290807082
1,learn,MultiClass,396,0.5177961805845225
1,learn,MultiClass,397,0.5176895749474241
1,learn,MultiClass,398,0.5176588499776543
1,learn,MultiClass,399,0.5172200607532224
1,learn,MultiClass,400,0.5163179095068282
1,learn,MultiClass,401,0.5158906019171537
1,learn,MultiClass,402,0.5152675312414883
1,learn,MultiClass,403,0.5147434802025498
1,learn,MultiClass,404,0.5142993178262956
1,learn,MultiClass,405,0.5142591646435097
1,learn,MultiClass,406,0.513673046607604
1,learn,MultiClass,407,0.5129133530824118
1,learn,MultiClass,408,0.5121314439796467
1,learn,MultiClass,409,0.5115657517406285
1,learn,MultiClass,410,0.5113264438209766
1,learn,MultiClass,411,0.5104700661366124
1,learn,MultiClass,412,0.5098926324529522
1,learn,MultiClass,413,0.5098349070503481
1,learn,MultiClass,414,0.5097660492791939
1,learn,MultiClass,415,0.5097361450915231
1,learn,MultiClass,416,0.5092611107195943
1,learn,MultiClass,417,0.5089221465124253
1,learn,MultiClass,418,0.5083925428601513
1,learn,MultiClass,419,0.507451081603024
1,learn,MultiClass,420,0.5065085427999323
1,learn,MultiClass,421,0.5057210143796439
1,learn,MultiClass,422,0.5053056826690849
1,learn,MultiClass,423,0.5052670289681213
1,learn,MultiClass,424,0.5051895611377673
1,learn,MultiClass,425,0.5045816115528637
1,learn,MultiClass,426,0.5043786323033187
1,learn,MultiClass,427,0.5038521725036861
1,learn,MultiClass,428,0.5036992961502833
1,learn,MultiClass,429,0.503440634831586
1,learn,MultiClass,430,0.5030041262379694
1,learn,MultiClass,431,0.5025559679332235
1,learn,MultiClass,432,0.5022951200502396
1,learn,MultiClass,433,0.5021172493239033
1,learn,MultiClass,434,0.5016535301939634
1,learn,MultiClass,435,0.5014298764843329
1,learn,MultiClass,436,0.5007554267551612
1,learn,MultiClass,437,0.5005714366220024
1,learn,MultiClass,438,0.4997212656005102
1,learn,MultiClass,439,0.499588874263122
1,learn,MultiClass,440,0.49901537231928816
1,learn,MultiClass,441,0.49849712808637575
1,learn,MultiClass,442,0.49779926696271304
1,learn,MultiClass,443,0.49734129101436014
1,learn,MultiClass,444,0.49716103829092095
1,learn,MultiClass,445,0.4964021656096792
1,learn,MultiClass,446,0.4960067353626529
1,learn,MultiClass,447,0.4959147789564644
1,learn,MultiClass,448,0.49542119319924266
1,learn,MultiClass,449,0.4951962379048345
1,learn,MultiClass,450,0.4951598118576297
1,learn,MultiClass,451,0.4948059346692236
1,learn,MultiClass,452,0.49383172729117664
1,learn,MultiClass,453,0.49352483299610866
1,learn,MultiClass,454,0.49323169095073083
1,learn,MultiClass,455,0.49302550609072754
1,learn,MultiClass,456,0.49247760031393956
1,learn,MultiClass,457,0.49218955395866204
1,learn,MultiClass,458,0.49187059891470336
1,learn,MultiClass,459,0.4915730718884472
1,learn,MultiClass,460,0.49145960906442815
1,learn,MultiClass,461,0.49122843369942043
1,learn,MultiClass,462,0.4904905153879077
1,learn,MultiClass,463,0.48995858320160923
1,learn,MultiClass,464,0.4893491206979542
1,learn,MultiClass,465,0.4890608597097249
1,learn,MultiClass,466,0.4890336098830039
1,learn,MultiClass,467,0.48884565205789776
1,learn,MultiClass,468,0.48815393060873136
1,learn,MultiClass,469,0.4876641744761423
1,learn,MultiClass,470,0.48749006061837735
1,validation,TotalF1:average=Macro,1,0.21981102332999516
1,validation,TotalF1:average=Macro,2,0.21440631145466227
1,validation,TotalF1:average=Macro,3,0.18812008454561513
1,validation,TotalF1:average=Macro,4,0.18946368072920866
1,validation,TotalF1:average=Macro,5,0.18677682696889958
1,validation,TotalF1:average=Macro,6,0.19917042142148417
1,validation,TotalF1:average=Macro,7,0.2076093787323537
1,validation,TotalF1:average=Macro,8,0.20113897187762486
1,validation,TotalF1:average=Macro,9,0.19972348406882107
1,validation,TotalF1:average=Macro,10,0.20238437001594894
1,validation,TotalF1:average=Macro,11,0.20006220058751412
1,validation,TotalF1:average=Macro,12,0.1826508808651666
1,validation,TotalF1:average=Macro,13,0.18667942772924978
1,validation,TotalF1:average=Macro,14,0.18549560783145982
1,validation,TotalF1:average=Macro,15,0.18545764570053652
1,validation,TotalF1:average=Macro,16,0.18755667545391952
1,validation,TotalF1:average=Macro,17,0.1907717845653933
1,validation,TotalF1:average=Macro,18,0.195496625069045
1,validation,TotalF1:average=Macro,19,0.1957168267820209
1,validation,TotalF1:average=Macro,20,0.20126485719418635
1,validation,TotalF1:average=Macro,21,0.2083949924735016
1,validation,TotalF1:average=Macro,22,0.20496838234120335
1,validation,TotalF1:average=Macro,23,0.20840380757348964
1,validation,TotalF1:average=Macro,24,0.213725465322492
1,validation,TotalF1:average=Macro,25,0.22345647692060785
1,validation,TotalF1:average=Macro,26,0.22091352603114983
1,validation,TotalF1:average=Macro,27,0.23298482563188444
1,validation,TotalF1:average=Macro,28,0.2299470927554419
1,validation,TotalF1:average=Macro,29,0.22295556351355972
1,validation,TotalF1:average=Macro,30,0.23034854893909978
1,validation,TotalF1:average=Macro,31,0.229708880805059
1,validation,TotalF1:average=Macro,32,0.22461061109025987
1,validation,TotalF1:average=Macro,33,0.2217908741005188
1,validation,TotalF1:average=Macro,34,0.22327935886800357
1,validation,TotalF1:average=Macro,35,0.2247793087511013
1,validation,TotalF1:average=Macro,36,0.22310224888066627
1,validation,TotalF1:average=Macro,37,0.21612675819816088
1,validation,TotalF1:average=Macro,38,0.21550502693590606
1,validation,TotalF1:average=Macro,39,0.22221571850909388
1,validation,TotalF1:average=Macro,40,0.22229103732273692
1,validation,TotalF1:average=Macro,41,0.21940548569414547
1,validation,TotalF1:average=Macro,42,0.22395364114114114
1,validation,TotalF1:average=Macro,43,0.22381906882694044
1,validation,TotalF1:average=Macro,44,0.22569932853503133
1,validation,TotalF1:average=Macro,45,0.22666484464341452
1,validation,TotalF1:average=Macro,46,0.23000135661071708
1,validation,TotalF1:average=Macro,47,0.22831835003469886
1,validation,TotalF1:average=Macro,48,0.21869325558375335
1,validation,TotalF1:average=Macro,49,0.22444711334689638
1,validation,TotalF1:average=Macro,50,0.22594329314452322
1,validation,TotalF1:average=Macro,51,0.23297476228512737
1,validation,TotalF1:average=Macro,52,0.23875979140650067
1,validation,TotalF1:average=Macro,53,0.23829753961634698
1,validation,TotalF1:average=Macro,54,0.2427542209756366
1,validation,TotalF1:average=Macro,55,0.2481012594486794
1,validation,TotalF1:average=Macro,56,0.24835598118433005
1,validation,TotalF1:average=Macro,57,0.2448613733526001
1,validation,TotalF1:average=Macro,58,0.24766270014126254
1,validation,TotalF1:average=Macro,59,0.25248950406301496
1,validation,TotalF1:average=Macro,60,0.25102174224717877
1,validation,TotalF1:average=Macro,61,0.24990009200161004
1,validation,TotalF1:average=Macro,62,0.25013406379138065
1,validation,TotalF1:average=Macro,63,0.24843926076177597
1,validation,TotalF1:average=Macro,64,0.25212292124056834
1,validation,TotalF1:average=Macro,65,0.25101021412218655
1,validation,TotalF1:average=Macro,66,0.2497457907198899
1,validation,TotalF1:average=Macro,67,0.251216378955184
1,validation,TotalF1:average=Macro,68,0.25390196505757145
1,validation,TotalF1:average=Macro,69,0.2598469269047504
1,validation,TotalF1:average=Macro,70,0.25238547031715913
1,validation,TotalF1:average=Macro,71,0.2568798449612403
1,validation,TotalF1:average=Macro,72,0.2585529895411402
1,validation,TotalF1:average=Macro,73,0.25262660064868386
1,validation,TotalF1:average=Macro,74,0.2566442468460252
1,validation,TotalF1:average=Macro,75,0.2551645374010412
1,validation,TotalF1:average=Macro,76,0.2551645374010412
1,validation,TotalF1:average=Macro,77,0.25041293336353276
1,validation,TotalF1:average=Macro,78,0.251877702133417
1,validation,TotalF1:average=Macro,79,0.2539397153632086
1,validation,TotalF1:average=Macro,80,0.2539397153632086
1,validation,TotalF1:average=Macro,81,0.2564774934917161
1,validation,TotalF1:average=Macro,82,0.25866942479393984
1,validation,TotalF1:average=Macro,83,0.26290364307352704
1,validation,TotalF1:average=Macro,84,0.26440389635097766
1,validation,TotalF1:average=Macro,85,0.26733195857561887
1,validation,TotalF1:average=Macro,86,0.26796703296703295
1,validation,TotalF1:average=Macro,87,0.2674003921385428
1,validation,TotalF1:average=Macro,88,0.2674003921385428
1,validation,TotalF1:average=Macro,89,0.26993194790414643
1,validation,TotalF1:average=Macro,90,0.26993194790414643
1,validation,TotalF1:average=Macro,91,0.2713550744132911
1,validation,TotalF1:average=Macro,92,0.26986237687503545
1,validation,TotalF1:average=Macro,93,0.27493790992824196
1,validation,TotalF1:average=Macro,94,0.26942571317415104
1,validation,TotalF1:average=Macro,95,0.26803506121200216
1,validation,TotalF1:average=Macro,96,0.26922219756043764
1,validation,TotalF1:average=Macro,97,0.266609568154738
1,validation,TotalF1:average=Macro,98,0.26516149799361133
1,validation,TotalF1:average=Macro,99,0.2640103979000916
1,validation,TotalF1:average=Macro,100,0.2561583542623759
1,validation,TotalF1:average=Macro,101,0.2636889254536313
1,validation,TotalF1:average=Macro,102,0.2650897335454122
1,validation,TotalF1:average=Macro,103,0.26088836344254296
1,validation,TotalF1:average=Macro,104,0.2605657693699489
1,validation,TotalF1:average=Macro,105,0.26054577464033307
1,validation,TotalF1:average=Macro,106,0.26195046647308234
1,validation,TotalF1:average=Macro,107,0.26336385516338023
1,validation,TotalF1:average=Macro,108,0.2647631973289868
1,validation,TotalF1:average=Macro,109,0.2636864492359743
1,validation,TotalF1:average=Macro,110,0.2658728964491833
1,validation,TotalF1:average=Macro,111,0.2669671849358164
1,validation,TotalF1:average=Macro,112,0.2669671849358164
1,validation,TotalF1:average=Macro,113,0.2669671849358164
1,validation,TotalF1:average=Macro,114,0.26496979583241653
1,validation,TotalF1:average=Macro,115,0.26214997968795883
1,validation,TotalF1:average=Macro,116,0.2624688910379471
1,validation,TotalF1:average=Macro,117,0.26297971401135034
1,validation,TotalF1:average=Macro,118,0.2657407593164067
1,validation,TotalF1:average=Macro,119,0.2629907857854485
1,validation,TotalF1:average=Macro,120,0.26355367760084025
1,validation,TotalF1:average=Macro,121,0.2601743886420213
1,validation,TotalF1:average=Macro,122,0.26014390300213514
1,validation,TotalF1:average=Macro,123,0.2564366797842151
1,validation,TotalF1:average=Macro,124,0.2561552489896276
1,validation,TotalF1:average=Macro,125,0.25725921236869503
1,validation,TotalF1:average=Macro,126,0.2583591668516572
1,validation,TotalF1:average=Macro,127,0.2583374079392452
1,validation,TotalF1:average=Macro,128,0.2567984630594456
1,validation,TotalF1:average=Macro,129,0.25653174163377124
1,validation,TotalF1:average=Macro,130,0.2607687421527804
1,validation,TotalF1:average=Macro,131,0.2578828546343911
1,validation,TotalF1:average=Macro,132,0.2578747014528633
1,validation,TotalF1:average=Macro,133,0.25654625741160153
1,validation,TotalF1:average=Macro,134,0.25654625741160153
1,validation,TotalF1:average=Macro,135,0.25604429230500225
1,validation,TotalF1:average=Macro,136,0.2573711599393709
1,validation,TotalF1:average=Macro,137,0.2602508256371962
1,validation,TotalF1:average=Macro,138,0.25604486275310734
1,validation,TotalF1:average=Macro,139,0.25891059097091307
1,validation,TotalF1:average=Macro,140,0.25473241495960985
1,validation,TotalF1:average=Macro,141,0.25581981508982543
1,validation,TotalF1:average=Macro,142,0.25713215104783066
1,validation,TotalF1:average=Macro,143,0.26134893758733246
1,validation,TotalF1:average=Macro,144,0.2598047452614599
1,validation,TotalF1:average=Macro,145,0.25983297413793105
1,validation,TotalF1:average=Macro,146,0.25977751607328814
1,validation,TotalF1:average=Macro,147,0.2598047452614599
1,validation,TotalF1:average=Macro,148,0.2597791393241373
1,validation,TotalF1:average=Macro,149,0.2597791393241373
1,validation,TotalF1:average=Macro,150,0.2584720330445675
1,validation,TotalF1:average=Macro,151,0.2597868217054264
1,validation,TotalF1:average=Macro,152,0.2611010243411559
1,validation,TotalF1:average=Macro,153,0.2611010243411559
1,validation,TotalF1:average=Macro,154,0.2611010243411559
1,validation,TotalF1:average=Macro,155,0.258178242151783
1,validation,TotalF1:average=Macro,156,0.258178242151783
1,validation,TotalF1:average=Macro,157,0.25900447974334395
1,validation,TotalF1:average=Macro,158,0.25898242634300245
1,validation,TotalF1:average=Macro,159,0.25794410787570843
1,validation,TotalF1:average=Macro,160,0.2592419431832596
1,validation,TotalF1:average=Macro,161,0.2592419431832596
1,validation,TotalF1:average=Macro,162,0.2592419431832596
1,validation,TotalF1:average=Macro,163,0.2592419431832596
1,validation,TotalF1:average=Macro,164,0.2592419431832596
1,validation,TotalF1:average=Macro,165,0.2603196466741061
1,validation,TotalF1:average=Macro,166,0.2602975214073213
1,validation,TotalF1:average=Macro,167,0.2603196466741061
1,validation,TotalF1:average=Macro,168,0.2602975214073213
1,validation,TotalF1:average=Macro,169,0.2635966416419254
1,validation,TotalF1:average=Macro,170,0.2635677400441979
1,validation,TotalF1:average=Macro,171,0.2605887415452496
1,validation,TotalF1:average=Macro,172,0.2605887415452496
1,validation,TotalF1:average=Macro,173,0.2605887415452496
1,validation,TotalF1:average=Macro,174,0.2605887415452496
1,validation,TotalF1:average=Macro,175,0.2605887415452496
1,validation,TotalF1:average=Macro,176,0.2605887415452496
1,validation,TotalF1:average=Macro,177,0.2605887415452496
1,validation,TotalF1:average=Macro,178,0.2605887415452496
1,validation,TotalF1:average=Macro,179,0.2605887415452496
1,validation,TotalF1:average=Macro,180,0.26315260553982356
1,validation,TotalF1:average=Macro,181,0.2644341607136441
1,validation,TotalF1:average=Macro,182,0.2654938231536329
1,validation,TotalF1:average=Macro,183,0.2654938231536329
1,validation,TotalF1:average=Macro,184,0.26699710481078454
1,validation,TotalF1:average=Macro,185,0.2667739442196772
1,validation,TotalF1:average=Macro,186,0.2667739442196772
1,validation,TotalF1:average=Macro,187,0.2698271306010197
1,validation,TotalF1:average=Macro,188,0.2663300282199371
1,validation,TotalF1:average=Macro,189,0.26760426564270345
1,validation,TotalF1:average=Macro,190,0.26760426564270345
1,validation,TotalF1:average=Macro,191,0.26865195395897146
1,validation,TotalF1:average=Macro,192,0.2659470151781041
1,validation,TotalF1:average=Macro,193,0.26865195395897146
1,validation,TotalF1:average=Macro,194,0.26865195395897146
1,validation,TotalF1:average=Macro,195,0.2697008831000059
1,validation,TotalF1:average=Macro,196,0.27098177675900037
1,validation,TotalF1:average=Macro,197,0.27098177675900037
1,validation,TotalF1:average=Macro,198,0.27403839003532254
1,validation,TotalF1:average=Macro,199,0.27532225387791365
1,validation,TotalF1:average=Macro,200,0.27151803725377577
1,validation,TotalF1:average=Macro,201,0.27151803725377577
1,validation,TotalF1:average=Macro,202,0.27151803725377577
1,validation,TotalF1:average=Macro,203,0.27151803725377577
1,validation,TotalF1:average=Macro,204,0.27047791891874173
1,validation,TotalF1:average=Macro,205,0.27047791891874173
1,validation,TotalF1:average=Macro,206,0.27047791891874173
1,validation,TotalF1:average=Macro,207,0.27047791891874173
1,validation,TotalF1:average=Macro,208,0.27047791891874173
1,validation,TotalF1:average=Macro,209,0.27174329649066287
1,validation,TotalF1:average=Macro,210,0.2727790585940706
1,validation,TotalF1:average=Macro,211,0.2727790585940706
1,validation,TotalF1:average=Macro,212,0.2727790585940706
1,validation,TotalF1:average=Macro,213,0.27174329649066287
1,validation,TotalF1:average=Macro,214,0.27404181225254426
1,validation,TotalF1:average=Macro,215,0.27404181225254426
1,validation,TotalF1:average=Macro,216,0.27404181225254426
1,validation,TotalF1:average=Macro,217,0.27404181225254426
1,validation,TotalF1:average=Macro,218,0.27404181225254426
1,validation,TotalF1:average=Macro,219,0.2738404032227524
1,validation,TotalF1:average=Macro,220,0.27404181225254426
1,validation,TotalF1:average=Macro,221,0.27404181225254426
1,validation,TotalF1:average=Macro,222,0.2727790585940706
1,validation,TotalF1:average=Macro,223,0.2727790585940706
1,validation,TotalF1:average=Macro,224,0.272578885557743
1,validation,TotalF1:average=Macro,225,0.272578885557743
1,validation,TotalF1:average=Macro,226,0.2711283679010337
1,validation,TotalF1:average=Macro,227,0.2723868852256343
1,validation,TotalF1:average=Macro,228,0.27364716850338455
1,validation,TotalF1:average=Macro,229,0.27364716850338455
1,validation,TotalF1:average=Macro,230,0.2736542331953813
1,validation,TotalF1:average=Macro,231,0.2723868852256343
1,validation,TotalF1:average=Macro,232,0.27364716850338455
1,validation,TotalF1:average=Macro,233,0.2736511523033137
1,validation,TotalF1:average=Macro,234,0.2736511523033137
1,validation,TotalF1:average=Macro,235,0.2736511523033137
1,validation,TotalF1:average=Macro,236,0.2736511523033137
1,validation,TotalF1:average=Macro,237,0.27490717695611566
1,validation,TotalF1:average=Macro,238,0.2754118040506711
1,validation,TotalF1:average=Macro,239,0.27521280826343997
1,validation,TotalF1:average=Macro,240,0.27473688036815724
1,validation,TotalF1:average=Macro,241,0.27473688036815724
1,validation,TotalF1:average=Macro,242,0.27473688036815724
1,validation,TotalF1:average=Macro,243,0.27473688036815724
1,validation,TotalF1:average=Macro,244,0.27346952587014045
1,validation,TotalF1:average=Macro,245,0.27346952587014045
1,validation,TotalF1:average=Macro,246,0.27346952587014045
1,validation,TotalF1:average=Macro,247,0.27346952587014045
1,validation,TotalF1:average=Macro,248,0.27346952587014045
1,validation,TotalF1:average=Macro,249,0.27346952587014045
1,validation,TotalF1:average=Macro,250,0.27346952587014045
1,validation,TotalF1:average=Macro,251,0.27346952587014045
1,validation,TotalF1:average=Macro,252,0.27521280826343997
1,validation,TotalF1:average=Macro,253,0.27521280826343997
1,validation,TotalF1:average=Macro,254,0.27521280826343997
1,validation,TotalF1:average=Macro,255,0.27521280826343997
1,validation,TotalF1:average=Macro,256,0.27521280826343997
1,validation,TotalF1:average=Macro,257,0.27521280826343997
1,validation,TotalF1:average=Macro,258,0.27521280826343997
1,validation,TotalF1:average=Macro,259,0.27521280826343997
1,validation,TotalF1:average=Macro,260,0.2721725616282313
1,validation,TotalF1:average=Macro,261,0.2721725616282313
1,validation,TotalF1:average=Macro,262,0.2681699281205491
1,validation,TotalF1:average=Macro,263,0.2681699281205491
1,validation,TotalF1:average=Macro,264,0.27120839158676835
1,validation,TotalF1:average=Macro,265,0.2681699281205491
1,validation,TotalF1:average=Macro,266,0.27120839158676835
1,validation,TotalF1:average=Macro,267,0.27120839158676835
1,validation,TotalF1:average=Macro,268,0.27120839158676835
1,validation,TotalF1:average=Macro,269,0.27120839158676835
1,validation,TotalF1:average=Macro,270,0.27120839158676835
1,validation,TotalF1:average=Macro,271,0.27120839158676835
1,validation,TotalF1:average=Macro,272,0.27521280826343997
1,validation,TotalF1:average=Macro,273,0.27521280826343997
1,validation,TotalF1:average=Macro,274,0.27521280826343997
1,validation,TotalF1:average=Macro,275,0.2754118040506711
1,validation,TotalF1:average=Macro,276,0.2766961219077432
1,validation,TotalF1:average=Macro,277,0.27246397737201417
1,validation,TotalF1:average=Macro,278,0.27266237536992316
1,validation,TotalF1:average=Macro,279,0.2714055910612582
1,validation,TotalF1:average=Macro,280,0.27266237536992316
1,validation,TotalF1:average=Macro,281,0.2683653444260495
1,validation,TotalF1:average=Macro,282,0.26839110099458774
1,validation,TotalF1:average=Macro,283,0.26819568468908733
1,validation,TotalF1:average=Macro,284,0.26965329570651075
1,validation,TotalF1:average=Macro,285,0.27378272612769167
1,validation,TotalF1:average=Macro,286,0.27378272612769167
1,validation,TotalF1:average=Macro,287,0.2737855271114695
1,validation,TotalF1:average=Macro,288,0.2682838113495048
1,validation,TotalF1:average=Macro,289,0.269506713675551
1,validation,TotalF1:average=Macro,290,0.2682838113495048
1,validation,TotalF1:average=Macro,291,0.2708338428677412
1,validation,TotalF1:average=Macro,292,0.2708338428677412
1,validation,TotalF1:average=Macro,293,0.2761884368831819
1,validation,TotalF1:average=Macro,294,0.2718594392859214
1,validation,TotalF1:average=Macro,295,0.2708338428677412
1,validation,TotalF1:average=Macro,296,0.2720485102173547
1,validation,TotalF1:average=Macro,297,0.2761884368831819
1,validation,TotalF1:average=Macro,298,0.2720485102173547
1,validation,TotalF1:average=Macro,299,0.2707761024578864
1,validation,TotalF1:average=Macro,300,0.2707761024578864
1,validation,TotalF1:average=Macro,301,0.2707761024578864
1,validation,TotalF1:average=Macro,302,0.2707761024578864
1,validation,TotalF1:average=Macro,303,0.2652581641659312
1,validation,TotalF1:average=Macro,304,0.2652581641659312
1,validation,TotalF1:average=Macro,305,0.2652581641659312
1,validation,TotalF1:average=Macro,306,0.26610444640105657
1,validation,TotalF1:average=Macro,307,0.26610444640105657
1,validation,TotalF1:average=Macro,308,0.26610444640105657
1,validation,TotalF1:average=Macro,309,0.2669466403162055
1,validation,TotalF1:average=Macro,310,0.2769315740816271
1,validation,TotalF1:average=Macro,311,0.27571983101644115
1,validation,TotalF1:average=Macro,312,0.2769315740816271
1,validation,TotalF1:average=Macro,313,0.2769315740816271
1,validation,TotalF1:average=Macro,314,0.2769315740816271
1,validation,TotalF1:average=Macro,315,0.27814379272635614
1,validation,TotalF1:average=Macro,316,0.27814379272635614
1,validation,TotalF1:average=Macro,317,0.2793566001899335
1,validation,TotalF1:average=Macro,318,0.279433080452568
1,validation,TotalF1:average=Macro,319,0.279433080452568
1,validation,TotalF1:average=Macro,320,0.28472518993352325
1,validation,TotalF1:average=Macro,321,0.28064188740941454
1,validation,TotalF1:average=Macro,322,0.28064188740941454
1,validation,TotalF1:average=Macro,323,0.28064188740941454
1,validation,TotalF1:average=Macro,324,0.28064188740941454
1,validation,TotalF1:average=Macro,325,0.28472518993352325
1,validation,TotalF1:average=Macro,326,0.28472518993352325
1,validation,TotalF1:average=Macro,327,0.28472518993352325
1,validation,TotalF1:average=Macro,328,0.28472518993352325
1,validation,TotalF1:average=Macro,329,0.28472518993352325
1,validation,TotalF1:average=Macro,330,0.274731103507944
1,validation,TotalF1:average=Macro,331,0.274731103507944
1,validation,TotalF1:average=Macro,332,0.274731103507944
1,validation,TotalF1:average=Macro,333,0.274731103507944
1,validation,TotalF1:average=Macro,334,0.26936251376435427
1,validation,TotalF1:average=Macro,335,0.26936251376435427
1,validation,TotalF1:average=Macro,336,0.27064780098383534
1,validation,TotalF1:average=Macro,337,0.26936251376435427
1,validation,TotalF1:average=Macro,338,0.26936251376435427
1,validation,TotalF1:average=Macro,339,0.26976512839110683
1,validation,TotalF1:average=Macro,340,0.26976512839110683
1,validation,TotalF1:average=Macro,341,0.26976512839110683
1,validation,TotalF1:average=Macro,342,0.26976512839110683
1,validation,TotalF1:average=Macro,343,0.26976512839110683
1,validation,TotalF1:average=Macro,344,0.26976512839110683
1,validation,TotalF1:average=Macro,345,0.26976512839110683
1,validation,TotalF1:average=Macro,346,0.26976512839110683
1,validation,TotalF1:average=Macro,347,0.26976512839110683
1,validation,TotalF1:average=Macro,348,0.26976512839110683
1,validation,TotalF1:average=Macro,349,0.26976512839110683
1,validation,TotalF1:average=Macro,350,0.26976512839110683
1,validation,TotalF1:average=Macro,351,0.26976512839110683
1,validation,TotalF1:average=Macro,352,0.26976512839110683
1,validation,TotalF1:average=Macro,353,0.26976512839110683
1,validation,TotalF1:average=Macro,354,0.26976512839110683
1,validation,TotalF1:average=Macro,355,0.26976512839110683
1,validation,TotalF1:average=Macro,356,0.26976512839110683
1,validation,TotalF1:average=Macro,357,0.27107808321332244
1,validation,TotalF1:average=Macro,358,0.27107808321332244
1,validation,TotalF1:average=Macro,359,0.27107808321332244
1,validation,TotalF1:average=Macro,360,0.27107808321332244
1,validation,TotalF1:average=Macro,361,0.27107808321332244
1,validation,TotalF1:average=Macro,362,0.27239567313014024
1,validation,TotalF1:average=Macro,363,0.27594081342511867
1,validation,TotalF1:average=Macro,364,0.27594081342511867
1,validation,TotalF1:average=Macro,365,0.2733985375676118
1,validation,TotalF1:average=Macro,366,0.2733985375676118
1,validation,TotalF1:average=Macro,367,0.2735197660135971
1,validation,TotalF1:average=Macro,368,0.2735197660135971
1,validation,TotalF1:average=Macro,369,0.2735197660135971
1,validation,TotalF1:average=Macro,370,0.27301518597944097
1,validation,TotalF1:average=Macro,371,0.27301518597944097
1,validation,TotalF1:average=Macro,372,0.27301518597944097
1,validation,TotalF1:average=Macro,373,0.27301518597944097
1,validation,TotalF1:average=Macro,374,0.27301518597944097
1,validation,TotalF1:average=Macro,375,0.27051371693360077
1,validation,TotalF1:average=Macro,376,0.2687313095618885
1,validation,TotalF1:average=Macro,377,0.2687313095618885
1,validation,TotalF1:average=Macro,378,0.27051371693360077
1,validation,TotalF1:average=Macro,379,0.27051371693360077
1,validation,TotalF1:average=Macro,380,0.27434656451342665
1,validation,TotalF1:average=Macro,381,0.27434656451342665
1,validation,TotalF1:average=Macro,382,0.27051371693360077
1,validation,TotalF1:average=Macro,383,0.27003109145097526
1,validation,TotalF1:average=Macro,384,0.27486015490533566
1,validation,TotalF1:average=Macro,385,0.27486015490533566
1,validation,TotalF1:average=Macro,386,0.27486015490533566
1,validation,TotalF1:average=Macro,387,0.27486015490533566
1,validation,TotalF1:average=Macro,388,0.27486015490533566
1,validation,TotalF1:average=Macro,389,0.27486015490533566
1,validation,TotalF1:average=Macro,390,0.27486015490533566
1,validation,TotalF1:average=Macro,391,0.27486015490533566
1,validation,TotalF1:average=Macro,392,0.27434656451342665
1,validation,TotalF1:average=Macro,393,0.27434656451342665
1,validation,TotalF1:average=Macro,394,0.27434656451342665
1,validation,TotalF1:average=Macro,395,0.27434656451342665
1,validation,TotalF1:average=Macro,396,0.27003109145097526
1,validation,TotalF1:average=Macro,397,0.2696680425153559
1,validation,TotalF1:average=Macro,398,0.2696680425153559
1,validation,TotalF1:average=Macro,399,0.27048874322009414
1,validation,TotalF1:average=Macro,400,0.27048874322009414
1,validation,TotalF1:average=Macro,401,0.27048874322009414
1,validation,TotalF1:average=Macro,402,0.2719161136524708
1,validation,TotalF1:average=Macro,403,0.2715543351382482
1,validation,TotalF1:average=Macro,404,0.2715543351382482
1,validation,TotalF1:average=Macro,405,0.2715543351382482
1,validation,TotalF1:average=Macro,406,0.2715543351382482
1,validation,TotalF1:average=Macro,407,0.2692691622103387
1,validation,TotalF1:average=Macro,408,0.272279598669119
1,validation,TotalF1:average=Macro,409,0.2721715497658894
1,validation,TotalF1:average=Macro,410,0.2721715497658894
1,validation,TotalF1:average=Macro,411,0.26963871136037565
1,validation,TotalF1:average=Macro,412,0.2725595763734282
1,validation,TotalF1:average=Macro,413,0.2725595763734282
1,validation,TotalF1:average=Macro,414,0.2721715497658894
1,validation,TotalF1:average=Macro,415,0.2721715497658894
1,validation,TotalF1:average=Macro,416,0.2725595763734282
1,validation,TotalF1:average=Macro,417,0.2700127948558118
1,validation,TotalF1:average=Macro,418,0.2696510163415892
1,validation,TotalF1:average=Macro,419,0.2696510163415892
1,validation,TotalF1:average=Macro,420,0.2696510163415892
1,validation,TotalF1:average=Macro,421,0.2696510163415892
1,validation,TotalF1:average=Macro,422,0.2696510163415892
1,validation,TotalF1:average=Macro,423,0.2696510163415892
1,validation,TotalF1:average=Macro,424,0.2696510163415892
1,validation,TotalF1:average=Macro,425,0.26658321439742205
1,validation,TotalF1:average=Macro,426,0.26658321439742205
1,validation,TotalF1:average=Macro,427,0.26658321439742205
1,validation,TotalF1:average=Macro,428,0.26658321439742205
1,validation,TotalF1:average=Macro,429,0.26658321439742205
1,validation,TotalF1:average=Macro,430,0.26658321439742205
1,validation,TotalF1:average=Macro,431,0.2652781889871092
1,validation,TotalF1:average=Macro,432,0.2652781889871092
1,validation,TotalF1:average=Macro,433,0.26694329839869746
1,validation,TotalF1:average=Macro,434,0.26540982275882474
1,validation,TotalF1:average=Macro,435,0.26658321439742205
1,validation,TotalF1:average=Macro,436,0.26540982275882474
1,validation,TotalF1:average=Macro,437,0.26540982275882474
1,validation,TotalF1:average=Macro,438,0.26978194361810387
1,validation,TotalF1:average=Macro,439,0.26978194361810387
1,validation,TotalF1:average=Macro,440,0.26978194361810387
1,validation,TotalF1:average=Macro,441,0.26491842226742424
1,validation,TotalF1:average=Macro,442,0.2652781889871092
1,validation,TotalF1:average=Macro,443,0.2652781889871092
1,validation,TotalF1:average=Macro,444,0.2652781889871092
1,validation,TotalF1:average=Macro,445,0.2652781889871092
1,validation,TotalF1:average=Macro,446,0.26658321439742205
1,validation,TotalF1:average=Macro,447,0.2652781889871092
1,validation,TotalF1:average=Macro,448,0.2652781889871092
1,validation,TotalF1:average=Macro,449,0.2652781889871092
1,validation,TotalF1:average=Macro,450,0.2652781889871092
1,validation,TotalF1:average=Macro,451,0.2652781889871092
1,validation,TotalF1:average=Macro,452,0.2652781889871092
1,validation,TotalF1:average=Macro,453,0.2652781889871092
1,validation,TotalF1:average=Macro,454,0.2652781889871092
1,validation,TotalF1:average=Macro,455,0.2652781889871092
1,validation,TotalF1:average=Macro,456,0.2652781889871092
1,validation,TotalF1:average=Macro,457,0.2652781889871092
1,validation,TotalF1:average=Macro,458,0.2652781889871092
1,validation,TotalF1:average=Macro,459,0.2652781889871092
1,validation,TotalF1:average=Macro,460,0.2652781889871092
1,validation,TotalF1:average=Macro,461,0.2652781889871092
1,validation,TotalF1:average=Macro,462,0.2652781889871092
1,validation,TotalF1:average=Macro,463,0.26658321439742205
1,validation,TotalF1:average=Macro,464,0.2652781889871092
1,validation,TotalF1:average=Macro,465,0.263350459715392
1,validation,TotalF1:average=Macro,466,0.263350459715392
1,validation,TotalF1:average=Macro,467,0.263350459715392
1,validation,TotalF1:average=Macro,468,0.263350459715392
1,validation,TotalF1:average=Macro,469,0.263350459715392
1,validation,TotalF1:average=Macro,470,0.263350459715392
1,validation,MultiClass,1,1.3841109184189324
1,validation,MultiClass,2,1.3815526562496283
1,validation,MultiClass,3,1.381879338245781
1,validation,MultiClass,4,1.3807589990222617
1,validation,MultiClass,5,1.3790782941467108
1,validation,MultiClass,6,1.379175544349715
1,validation,MultiClass,7,1.3795167204757264
1,validation,MultiClass,8,1.377224813962416
1,validation,MultiClass,9,1.379459854160808
1,validation,MultiClass,10,1.379648392981208
1,validation,MultiClass,11,1.3786485295968272
1,validation,MultiClass,12,1.379203594684088
1,validation,MultiClass,13,1.3798356064186081
1,validation,MultiClass,14,1.3802226452071822
1,validation,MultiClass,15,1.3794521771953208
1,validation,MultiClass,16,1.3803156179694387
1,validation,MultiClass,17,1.380132142231724
1,validation,MultiClass,18,1.3804184151616787
1,validation,MultiClass,19,1.381476918029346
1,validation,MultiClass,20,1.3806583964986672
1,validation,MultiClass,21,1.379082363799405
1,validation,MultiClass,22,1.3779609266136732
1,validation,MultiClass,23,1.3779862227289863
1,validation,MultiClass,24,1.378787985983045
1,validation,MultiClass,25,1.3756014821726055
1,validation,MultiClass,26,1.3748854973802405
1,validation,MultiClass,27,1.374414784904206
1,validation,MultiClass,28,1.3742244418251863
1,validation,MultiClass,29,1.373597124914848
1,validation,MultiClass,30,1.3744004740664713
1,validation,MultiClass,31,1.3733391749530657
1,validation,MultiClass,32,1.3720423893307394
1,validation,MultiClass,33,1.3729170764818115
1,validation,MultiClass,34,1.372709532696047
1,validation,MultiClass,35,1.3728560988235334
1,validation,MultiClass,36,1.3734239704610802
1,validation,MultiClass,37,1.3713200099688583
1,validation,MultiClass,38,1.3691085760609212
1,validation,MultiClass,39,1.3695354655396295
1,validation,MultiClass,40,1.3686772913268914
1,validation,MultiClass,41,1.3674420930026958
1,validation,MultiClass,42,1.3672247365883032
1,validation,MultiClass,43,1.3661315077423517
1,validation,MultiClass,44,1.3654798118143223
1,validation,MultiClass,45,1.364429570768889
1,validation,MultiClass,46,1.3625771111629585
1,validation,MultiClass,47,1.3582754664271022
1,validation,MultiClass,48,1.3576302287530309
1,validation,MultiClass,49,1.3572638962027181
1,validation,MultiClass,50,1.355695092509206
1,validation,MultiClass,51,1.354353323166728
1,validation,MultiClass,52,1.3536259607215366
1,validation,MultiClass,53,1.3524825283663162
1,validation,MultiClass,54,1.3517089066394503
1,validation,MultiClass,55,1.3506473643353292
1,validation,MultiClass,56,1.3485091581656254
1,validation,MultiClass,57,1.3472857558509694
1,validation,MultiClass,58,1.3481129413140924
1,validation,MultiClass,59,1.3482049736822554
1,validation,MultiClass,60,1.3481135305597751
1,validation,MultiClass,61,1.344546193951911
1,validation,MultiClass,62,1.341492942277676
1,validation,MultiClass,63,1.341974360800741
1,validation,MultiClass,64,1.3409812145233098
1,validation,MultiClass,65,1.3401657897379957
1,validation,MultiClass,66,1.3389883532623903
1,validation,MultiClass,67,1.3352501482207286
1,validation,MultiClass,68,1.3324883656417055
1,validation,MultiClass,69,1.3316560234457102
1,validation,MultiClass,70,1.3324058369810916
1,validation,MultiClass,71,1.3314938564253467
1,validation,MultiClass,72,1.3319833045467886
1,validation,MultiClass,73,1.3318958847464855
1,validation,MultiClass,74,1.3304518738941473
1,validation,MultiClass,75,1.3310567219104845
1,validation,MultiClass,76,1.3310539463653475
1,validation,MultiClass,77,1.3309022186103918
1,validation,MultiClass,78,1.3316463267938403
1,validation,MultiClass,79,1.3308512023023944
1,validation,MultiClass,80,1.3299662761860223
1,validation,MultiClass,81,1.329496717096244
1,validation,MultiClass,82,1.3299322819055874
1,validation,MultiClass,83,1.329628329351883
1,validation,MultiClass,84,1.329049341002305
1,validation,MultiClass,85,1.3281233339382283
1,validation,MultiClass,86,1.3251916612021282
1,validation,MultiClass,87,1.3236071140954815
1,validation,MultiClass,88,1.3226702833104138
1,validation,MultiClass,89,1.3220865470985599
1,validation,MultiClass,90,1.3201683084278815
1,validation,MultiClass,91,1.3199065126901983
1,validation,MultiClass,92,1.319779495759563
1,validation,MultiClass,93,1.3193195986778898
1,validation,MultiClass,94,1.3174678271433808
1,validation,MultiClass,95,1.317082779368937
1,validation,MultiClass,96,1.3164274851248872
1,validation,MultiClass,97,1.314144662608792
1,validation,MultiClass,98,1.3129183855491071
1,validation,MultiClass,99,1.3117887541180024
1,validation,MultiClass,100,1.3109454758963741
1,validation,MultiClass,101,1.3091803589914848
1,validation,MultiClass,102,1.3078927149007284
1,validation,MultiClass,103,1.3063022893304952
1,validation,MultiClass,104,1.3053168796240813
1,validation,MultiClass,105,1.3030751190693388
1,validation,MultiClass,106,1.300568126912468
1,validation,MultiClass,107,1.3000536372852005
1,validation,MultiClass,108,1.2983059783507516
1,validation,MultiClass,109,1.2980616156223295
1,validation,MultiClass,110,1.2970649162750896
1,validation,MultiClass,111,1.2970429658238616
1,validation,MultiClass,112,1.2951255195550693
1,validation,MultiClass,113,1.2954519928410269
1,validation,MultiClass,114,1.2934146106376565
1,validation,MultiClass,115,1.2934809143630506
1,validation,MultiClass,116,1.2927725692936183
1,validation,MultiClass,117,1.2916824482637548
1,validation,MultiClass,118,1.2896124136766494
1,validation,MultiClass,119,1.2902000594472636
1,validation,MultiClass,120,1.2891880269356464
1,validation,MultiClass,121,1.2884020777650758
1,validation,MultiClass,122,1.2876480741724263
1,validation,MultiClass,123,1.2860311529143218
1,validation,MultiClass,124,1.2850382041415689
1,validation,MultiClass,125,1.2840268143263207
1,validation,MultiClass,126,1.2827399508652826
1,validation,MultiClass,127,1.2826776284975516
1,validation,MultiClass,128,1.2815551508975649
1,validation,MultiClass,129,1.2814768361039583
1,validation,MultiClass,130,1.280341866037725
1,validation,MultiClass,131,1.2790658398326502
1,validation,MultiClass,132,1.279483755156962
1,validation,MultiClass,133,1.2792358953491654
1,validation,MultiClass,134,1.2779372239736242
1,validation,MultiClass,135,1.2779202679475157
1,validation,MultiClass,136,1.277156946071313
1,validation,MultiClass,137,1.2771415363340195
1,validation,MultiClass,138,1.2765255270123084
1,validation,MultiClass,139,1.2762997685543065
1,validation,MultiClass,140,1.275717767687584
1,validation,MultiClass,141,1.274710992306016
1,validation,MultiClass,142,1.2736205935002172
1,validation,MultiClass,143,1.2723890534244482
1,validation,MultiClass,144,1.2723261778082917
1,validation,MultiClass,145,1.2717530509392485
1,validation,MultiClass,146,1.2718584603861565
1,validation,MultiClass,147,1.2713959960647716
1,validation,MultiClass,148,1.2714061858021848
1,validation,MultiClass,149,1.2714085063393779
1,validation,MultiClass,150,1.2718453484877157
1,validation,MultiClass,151,1.2716151325946121
1,validation,MultiClass,152,1.271073151354403
1,validation,MultiClass,153,1.2704130218265366
1,validation,MultiClass,154,1.2688357200889513
1,validation,MultiClass,155,1.2682420580172051
1,validation,MultiClass,156,1.268125359911825
1,validation,MultiClass,157,1.267583393297434
1,validation,MultiClass,158,1.2672910324174416
1,validation,MultiClass,159,1.2676687962578999
1,validation,MultiClass,160,1.2674780061276492
1,validation,MultiClass,161,1.2669981062236908
1,validation,MultiClass,162,1.267058464608954
1,validation,MultiClass,163,1.266633904490275
1,validation,MultiClass,164,1.2656394769552037
1,validation,MultiClass,165,1.2648683118852462
1,validation,MultiClass,166,1.265186030018972
1,validation,MultiClass,167,1.2641094143233491
1,validation,MultiClass,168,1.2631443159349844
1,validation,MultiClass,169,1.2627074428935632
1,validation,MultiClass,170,1.2637973391506268
1,validation,MultiClass,171,1.2629702270586605
1,validation,MultiClass,172,1.2620644165745734
1,validation,MultiClass,173,1.2627423621171103
1,validation,MultiClass,174,1.2631989092960423
1,validation,MultiClass,175,1.2621832870051315
1,validation,MultiClass,176,1.2622266349973008
1,validation,MultiClass,177,1.2617491671333128
1,validation,MultiClass,178,1.2616556913127792
1,validation,MultiClass,179,1.2612537632995422
1,validation,MultiClass,180,1.2599446099333858
1,validation,MultiClass,181,1.2603044413804003
1,validation,MultiClass,182,1.2596193197236027
1,validation,MultiClass,183,1.258824240215104
1,validation,MultiClass,184,1.2584109478077539
1,validation,MultiClass,185,1.2577527344175135
1,validation,MultiClass,186,1.2571528095728584
1,validation,MultiClass,187,1.2571275660859218
1,validation,MultiClass,188,1.2565110446283836
1,validation,MultiClass,189,1.2555444412767889
1,validation,MultiClass,190,1.2552061532921908
1,validation,MultiClass,191,1.254037775767436
1,validation,MultiClass,192,1.252497002381387
1,validation,MultiClass,193,1.2523786767220684
1,validation,MultiClass,194,1.2523019337128254
1,validation,MultiClass,195,1.2520495220394898
1,validation,MultiClass,196,1.2514492057935278
1,validation,MultiClass,197,1.2506762697492777
1,validation,MultiClass,198,1.2508443506054827
1,validation,MultiClass,199,1.2502698356357953
1,validation,MultiClass,200,1.2498980826329804
1,validation,MultiClass,201,1.2504585533616206
1,validation,MultiClass,202,1.2494490305246806
1,validation,MultiClass,203,1.2499090076499189
1,validation,MultiClass,204,1.2498695805204174
1,validation,MultiClass,205,1.2499228050816957
1,validation,MultiClass,206,1.249941389370823
1,validation,MultiClass,207,1.249740787788082
1,validation,MultiClass,208,1.2493777725652122
1,validation,MultiClass,209,1.2503087564858197
1,validation,MultiClass,210,1.2496156765504847
1,validation,MultiClass,211,1.2494779831057692
1,validation,MultiClass,212,1.248475168216124
1,validation,MultiClass,213,1.2487025320034268
1,validation,MultiClass,214,1.2466213517307219
1,validation,MultiClass,215,1.247531524063689
1,validation,MultiClass,216,1.2474926198830136
1,validation,MultiClass,217,1.2461872040593927
1,validation,MultiClass,218,1.2462964236572698
1,validation,MultiClass,219,1.2465319338467968
1,validation,MultiClass,220,1.247029069862548
1,validation,MultiClass,221,1.246713550851775
1,validation,MultiClass,222,1.2479528170355936
1,validation,MultiClass,223,1.2480805791995566
1,validation,MultiClass,224,1.2477673269768366
1,validation,MultiClass,225,1.2472053133331782
1,validation,MultiClass,226,1.246649840923973
1,validation,MultiClass,227,1.2465623180834546
1,validation,MultiClass,228,1.2464616184181023
1,validation,MultiClass,229,1.245983553501642
1,validation,MultiClass,230,1.2464163556430854
1,validation,MultiClass,231,1.2461928803955717
1,validation,MultiClass,232,1.2467619181858505
1,validation,MultiClass,233,1.2469080784845605
1,validation,MultiClass,234,1.246295043654163
1,validation,MultiClass,235,1.246285512845035
1,validation,MultiClass,236,1.246231975832696
1,validation,MultiClass,237,1.2451334713499245
1,validation,MultiClass,238,1.2453872496623022
1,validation,MultiClass,239,1.2447024892603882
1,validation,MultiClass,240,1.2437965601159553
1,validation,MultiClass,241,1.2437211105168553
1,validation,MultiClass,242,1.24297275238221
1,validation,MultiClass,243,1.2411413150341508
1,validation,MultiClass,244,1.241469134065211
1,validation,MultiClass,245,1.2418008625190382
1,validation,MultiClass,246,1.241887663371098
1,validation,MultiClass,247,1.2412286690801542
1,validation,MultiClass,248,1.2413722397697728
1,validation,MultiClass,249,1.2410589315993303
1,validation,MultiClass,250,1.2412297068139468
1,validation,MultiClass,251,1.2411969376759746
1,validation,MultiClass,252,1.2407678529377637
1,validation,MultiClass,253,1.241055247236998
1,validation,MultiClass,254,1.2410845026529884
1,validation,MultiClass,255,1.2408850485336207
1,validation,MultiClass,256,1.2404906279529437
1,validation,MultiClass,257,1.2406324514229259
1,validation,MultiClass,258,1.2406508728598082
1,validation,MultiClass,259,1.2387354130021604
1,validation,MultiClass,260,1.2382771745228387
1,validation,MultiClass,261,1.2383856319413664
1,validation,MultiClass,262,1.2366412209514432
1,validation,MultiClass,263,1.2369511215130855
1,validation,MultiClass,264,1.2365702885590104
1,validation,MultiClass,265,1.2361742918674081
1,validation,MultiClass,266,1.2363037755912538
1,validation,MultiClass,267,1.2372795176118532
1,validation,MultiClass,268,1.2370856407488466
1,validation,MultiClass,269,1.236992187824137
1,validation,MultiClass,270,1.2368078700020106
1,validation,MultiClass,271,1.2361157130953637
1,validation,MultiClass,272,1.2359107709275838
1,validation,MultiClass,273,1.236742794519058
1,validation,MultiClass,274,1.2372085037196199
1,validation,MultiClass,275,1.2377490888186562
1,validation,MultiClass,276,1.2380703854817712
1,validation,MultiClass,277,1.2378419817326927
1,validation,MultiClass,278,1.2384777194397483
1,validation,MultiClass,279,1.23886887417554
1,validation,MultiClass,280,1.2399399865778877
1,validation,MultiClass,281,1.2402910478921525
1,validation,MultiClass,282,1.2410702394380257
1,validation,MultiClass,283,1.240208033440401
1,validation,MultiClass,284,1.2400246018967207
1,validation,MultiClass,285,1.2409462535192106
1,validation,MultiClass,286,1.2414504786491207
1,validation,MultiClass,287,1.2414641865303988
1,validation,MultiClass,288,1.2400522504562688
1,validation,MultiClass,289,1.2395812276724865
1,validation,MultiClass,290,1.2393345849627346
1,validation,MultiClass,291,1.2393190376959329
1,validation,MultiClass,292,1.2392499613441224
1,validation,MultiClass,293,1.2390602868623337
1,validation,MultiClass,294,1.2382062107806275
1,validation,MultiClass,295,1.2392100076366912
1,validation,MultiClass,296,1.2393976198059071
1,validation,MultiClass,297,1.2394282049065466
1,validation,MultiClass,298,1.2388147051204288
1,validation,MultiClass,299,1.238847147079158
1,validation,MultiClass,300,1.2380597939133309
1,validation,MultiClass,301,1.2377344818831149
1,validation,MultiClass,302,1.2369460854173417
1,validation,MultiClass,303,1.237255456544139
1,validation,MultiClass,304,1.2377250891499632
1,validation,MultiClass,305,1.2376644779441193
1,validation,MultiClass,306,1.2375884880201364
1,validation,MultiClass,307,1.2378883219107888
1,validation,MultiClass,308,1.23847463610443
1,validation,MultiClass,309,1.2385319112169848
1,validation,MultiClass,310,1.2390074948104906
1,validation,MultiClass,311,1.2393112381076865
1,validation,MultiClass,312,1.2381237931400926
1,validation,MultiClass,313,1.237699948697883
1,validation,MultiClass,314,1.2375826498401865
1,validation,MultiClass,315,1.2382893905271213
1,validation,MultiClass,316,1.23708932869458
1,validation,MultiClass,317,1.2372715371835983
1,validation,MultiClass,318,1.2370405114162104
1,validation,MultiClass,319,1.237762170310967
1,validation,MultiClass,320,1.2376961194161533
1,validation,MultiClass,321,1.2377074781865105
1,validation,MultiClass,322,1.2369140325665278
1,validation,MultiClass,323,1.236856346406396
1,validation,MultiClass,324,1.2367770575493044
1,validation,MultiClass,325,1.2373478948939227
1,validation,MultiClass,326,1.2383583890101781
1,validation,MultiClass,327,1.2378053355895822
1,validation,MultiClass,328,1.2375847124281427
1,validation,MultiClass,329,1.2382013534004104
1,validation,MultiClass,330,1.2389258545227835
1,validation,MultiClass,331,1.2387500747599216
1,validation,MultiClass,332,1.2392975409672973
1,validation,MultiClass,333,1.2384760114748414
1,validation,MultiClass,334,1.238693939473173
1,validation,MultiClass,335,1.239114743206334
1,validation,MultiClass,336,1.239224592904998
1,validation,MultiClass,337,1.240568957054381
1,validation,MultiClass,338,1.241491616098449
1,validation,MultiClass,339,1.2415839068367325
1,validation,MultiClass,340,1.2416230123503347
1,validation,MultiClass,341,1.2416877452428607
1,validation,MultiClass,342,1.2423205274954991
1,validation,MultiClass,343,1.2426188792028485
1,validation,MultiClass,344,1.2423081692646554
1,validation,MultiClass,345,1.2419412983616775
1,validation,MultiClass,346,1.242184078724935
1,validation,MultiClass,347,1.2417129265896103
1,validation,MultiClass,348,1.2420615211942043
1,validation,MultiClass,349,1.2418313171089799
1,validation,MultiClass,350,1.2427027680706941
1,validation,MultiClass,351,1.2431903438472425
1,validation,MultiClass,352,1.2437297626616939
1,validation,MultiClass,353,1.2441220991817288
1,validation,MultiClass,354,1.2445226019974691
1,validation,MultiClass,355,1.2443841096371242
1,validation,MultiClass,356,1.2442328823924027
1,validation,MultiClass,357,1.2441690715624563
1,validation,MultiClass,358,1.2444581633380556
1,validation,MultiClass,359,1.2446788998632106
1,validation,MultiClass,360,1.2444134033415666
1,validation,MultiClass,361,1.2445081642812514
1,validation,MultiClass,362,1.2435834301828637
1,validation,MultiClass,363,1.2437815734976327
1,validation,MultiClass,364,1.2442924471883265
1,validation,MultiClass,365,1.2446113432162318
1,validation,MultiClass,366,1.2450702069082533
1,validation,MultiClass,367,1.2457776961931344
1,validation,MultiClass,368,1.245557241099764
1,validation,MultiClass,369,1.2456296445825155
1,validation,MultiClass,370,1.2455869407596687
1,validation,MultiClass,371,1.2455325711979799
1,validation,MultiClass,372,1.2457850399394126
1,validation,MultiClass,373,1.2454757329295267
1,validation,MultiClass,374,1.2458945950127922
1,validation,MultiClass,375,1.245396086399093
1,validation,MultiClass,376,1.2458215684596803
1,validation,MultiClass,377,1.2462351651280965
1,validation,MultiClass,378,1.2463553908378762
1,validation,MultiClass,379,1.2459517951932055
1,validation,MultiClass,380,1.2456659266409913
1,validation,MultiClass,381,1.2458480774296954
1,validation,MultiClass,382,1.2462739456925065
1,validation,MultiClass,383,1.2461434762381225
1,validation,MultiClass,384,1.2468515380834908
1,validation,MultiClass,385,1.2472580236601427
1,validation,MultiClass,386,1.2467115902054382
1,validation,MultiClass,387,1.2464811042305715
1,validation,MultiClass,388,1.2465763059630397
1,validation,MultiClass,389,1.2471464663126672
1,validation,MultiClass,390,1.2470878628296318
1,validation,MultiClass,391,1.247078016643509
1,validation,MultiClass,392,1.2466526839635892
1,validation,MultiClass,393,1.2462239985361616
1,validation,MultiClass,394,1.2454487033861839
1,validation,MultiClass,395,1.2451056940625507
1,validation,MultiClass,396,1.2454657840225312
1,validation,MultiClass,397,1.2454518981998428
1,validation,MultiClass,398,1.2449642634061404
1,validation,MultiClass,399,1.2452944317489063
1,validation,MultiClass,400,1.2462573876611487
1,validation,MultiClass,401,1.245860768148225
1,validation,MultiClass,402,1.246100713257886
1,validation,MultiClass,403,1.246186340152823
1,validation,MultiClass,404,1.2461617338928608
1,validation,MultiClass,405,1.24588725555097
1,validation,MultiClass,406,1.2462787786083365
1,validation,MultiClass,407,1.2465608599887728
1,validation,MultiClass,408,1.246978344839725
1,validation,MultiClass,409,1.247264649209676
1,validation,MultiClass,410,1.2477776649475847
1,validation,MultiClass,411,1.2482273680037868
1,validation,MultiClass,412,1.2485504121406827
1,validation,MultiClass,413,1.2483467637202526
1,validation,MultiClass,414,1.2480935942819213
1,validation,MultiClass,415,1.2476407140937131
1,validation,MultiClass,416,1.2481482383874687
1,validation,MultiClass,417,1.2484610055814642
1,validation,MultiClass,418,1.2473954837653758
1,validation,MultiClass,419,1.2479960517372044
1,validation,MultiClass,420,1.2483907034043051
1,validation,MultiClass,421,1.2492998132717767
1,validation,MultiClass,422,1.2498141514215013
1,validation,MultiClass,423,1.2495177613627884
1,validation,MultiClass,424,1.249038408704717
1,validation,MultiClass,425,1.2498877208655383
1,validation,MultiClass,426,1.2503698298575716
1,validation,MultiClass,427,1.2508181087710704
1,validation,MultiClass,428,1.2512489597327026
1,validation,MultiClass,429,1.25168026237127
1,validation,MultiClass,430,1.2518485193775855
1,validation,MultiClass,431,1.252381913374668
1,validation,MultiClass,432,1.252835968419179
1,validation,MultiClass,433,1.2532869346594737
1,validation,MultiClass,434,1.2533000385158592
1,validation,MultiClass,435,1.253446096798304
1,validation,MultiClass,436,1.252832136847507
1,validation,MultiClass,437,1.2523372278700837
1,validation,MultiClass,438,1.2523025470532738
1,validation,MultiClass,439,1.2522390438812525
1,validation,MultiClass,440,1.2526473513621288
1,validation,MultiClass,441,1.2529706983629978
1,validation,MultiClass,442,1.2537757514569736
1,validation,MultiClass,443,1.254638602774029
1,validation,MultiClass,444,1.2549843110525383
1,validation,MultiClass,445,1.2551243931842384
1,validation,MultiClass,446,1.2556097529338583
1,validation,MultiClass,447,1.2554121350626302
1,validation,MultiClass,448,1.2551747896917689
1,validation,MultiClass,449,1.2555929277518187
1,validation,MultiClass,450,1.2549400525620185
1,validation,MultiClass,451,1.2550930121012558
1,validation,MultiClass,452,1.255861402794887
1,validation,MultiClass,453,1.2566461632400419
1,validation,MultiClass,454,1.2567331384517328
1,validation,MultiClass,455,1.257191571452964
1,validation,MultiClass,456,1.2570639613712735
1,validation,MultiClass,457,1.2566288272198265
1,validation,MultiClass,458,1.2571383862860417
1,validation,MultiClass,459,1.2574445876314846
1,validation,MultiClass,460,1.2575342659316928
1,validation,MultiClass,461,1.2580138790588336
1,validation,MultiClass,462,1.2585317964688194
1,validation,MultiClass,463,1.2586986332777186
1,validation,MultiClass,464,1.2582640226110477
1,validation,MultiClass,465,1.2577122288728027
1,validation,MultiClass,466,1.2573813281516173
1,validation,MultiClass,467,1.257552087985458
1,validation,MultiClass,468,1.2573849174037361
1,validation,MultiClass,469,1.25696236156804
1,validation,MultiClass,470,1.2571811405071076
2,learn,TotalF1:average=Macro,1,0.5650691843966539
2,learn,TotalF1:average=Macro,2,0.5565592048174133
2,learn,TotalF1:average=Macro,3,0.5706696769119307
2,learn,TotalF1:average=Macro,4,0.5860868206702574
2,learn,TotalF1:average=Macro,5,0.5905653620025274
2,learn,TotalF1:average=Macro,6,0.5644445159006106
2,learn,TotalF1:average=Macro,7,0.5591878479902291
2,learn,TotalF1:average=Macro,8,0.5466339499502942
2,learn,TotalF1:average=Macro,9,0.5678158826918086
2,learn,TotalF1:average=Macro,10,0.5737345001879577
2,learn,TotalF1:average=Macro,11,0.5604723829522362
2,learn,TotalF1:average=Macro,12,0.5605208526837263
2,learn,TotalF1:average=Macro,13,0.564707123599592
2,learn,TotalF1:average=Macro,14,0.5820372384693657
2,learn,TotalF1:average=Macro,15,0.5889086247211823
2,learn,TotalF1:average=Macro,16,0.5901446316322048
2,learn,TotalF1:average=Macro,17,0.5917660881772111
2,learn,TotalF1:average=Macro,18,0.5995981782209026
2,learn,TotalF1:average=Macro,19,0.6040629748246679
2,learn,TotalF1:average=Macro,20,0.609235853398031
2,learn,TotalF1:average=Macro,21,0.6123811710995593
2,learn,TotalF1:average=Macro,22,0.608237234598663
2,learn,TotalF1:average=Macro,23,0.6080205665982361
2,learn,TotalF1:average=Macro,24,0.6082996909960517
2,learn,TotalF1:average=Macro,25,0.6112426616277171
2,learn,TotalF1:average=Macro,26,0.6091252454260492
2,learn,TotalF1:average=Macro,27,0.6138773989402013
2,learn,TotalF1:average=Macro,28,0.6161247459959398
2,learn,TotalF1:average=Macro,29,0.6194262474018005
2,learn,TotalF1:average=Macro,30,0.6168940993469241
2,learn,TotalF1:average=Macro,31,0.6172887106686027
2,learn,TotalF1:average=Macro,32,0.6197946411376464
2,learn,TotalF1:average=Macro,33,0.6198990725785102
2,learn,TotalF1:average=Macro,34,0.6188490109354713
2,learn,TotalF1:average=Macro,35,0.6219508886403435
2,learn,TotalF1:average=Macro,36,0.6244279728645747
2,learn,TotalF1:average=Macro,37,0.6235294881872069
2,learn,TotalF1:average=Macro,38,0.6211020949493383
2,learn,TotalF1:average=Macro,39,0.6211043930260377
2,learn,TotalF1:average=Macro,40,0.6224725036324155
2,learn,TotalF1:average=Macro,41,0.6235297579650811
2,learn,TotalF1:average=Macro,42,0.6245375527033359
2,learn,TotalF1:average=Macro,43,0.6245060085474005
2,learn,TotalF1:average=Macro,44,0.6259452097978675
2,learn,TotalF1:average=Macro,45,0.6235661183274859
2,learn,TotalF1:average=Macro,46,0.6249459151107923
2,learn,TotalF1:average=Macro,47,0.6287561683669075
2,learn,TotalF1:average=Macro,48,0.6311857861617295
2,learn,TotalF1:average=Macro,49,0.6331006782281366
2,learn,TotalF1:average=Macro,50,0.6331543886190905
2,learn,TotalF1:average=Macro,51,0.6321960766479767
2,learn,TotalF1:average=Macro,52,0.6349657899426351
2,learn,TotalF1:average=Macro,53,0.6360057773579786
2,learn,TotalF1:average=Macro,54,0.638409148159498
2,learn,TotalF1:average=Macro,55,0.6394859661810044
2,learn,TotalF1:average=Macro,56,0.6381223714557047
2,learn,TotalF1:average=Macro,57,0.6389836625114672
2,learn,TotalF1:average=Macro,58,0.6354352407844112
2,learn,TotalF1:average=Macro,59,0.6402408616937402
2,learn,TotalF1:average=Macro,60,0.6374851578329092
2,learn,TotalF1:average=Macro,61,0.6371793302461153
2,learn,TotalF1:average=Macro,62,0.6394705145477748
2,learn,TotalF1:average=Macro,63,0.6385682191350042
2,learn,TotalF1:average=Macro,64,0.6409717915112155
2,learn,TotalF1:average=Macro,65,0.6424974904530284
2,learn,TotalF1:average=Macro,66,0.6434886761701731
2,learn,TotalF1:average=Macro,67,0.6455585463669596
2,learn,TotalF1:average=Macro,68,0.6469387442937523
2,learn,TotalF1:average=Macro,69,0.6475174658610595
2,learn,TotalF1:average=Macro,70,0.6486190651840027
2,learn,TotalF1:average=Macro,71,0.6475216820243085
2,learn,TotalF1:average=Macro,72,0.6507916618388346
2,learn,TotalF1:average=Macro,73,0.6539664347832412
2,learn,TotalF1:average=Macro,74,0.6563307492985748
2,learn,TotalF1:average=Macro,75,0.6527185608374402
2,learn,TotalF1:average=Macro,76,0.661903093088847
2,learn,TotalF1:average=Macro,77,0.6608876059695485
2,learn,TotalF1:average=Macro,78,0.6621871125163815
2,learn,TotalF1:average=Macro,79,0.6636347172132836
2,learn,TotalF1:average=Macro,80,0.6620924103882978
2,learn,TotalF1:average=Macro,81,0.665244530404288
2,learn,TotalF1:average=Macro,82,0.66656015553682
2,learn,TotalF1:average=Macro,83,0.6712377918427384
2,learn,TotalF1:average=Macro,84,0.6763796545646714
2,learn,TotalF1:average=Macro,85,0.679084564448988
2,learn,TotalF1:average=Macro,86,0.6804379967926169
2,learn,TotalF1:average=Macro,87,0.6841664959198126
2,learn,TotalF1:average=Macro,88,0.6903503470468875
2,learn,TotalF1:average=Macro,89,0.6913785111341438
2,learn,TotalF1:average=Macro,90,0.6927186684909763
2,learn,TotalF1:average=Macro,91,0.6943814970440237
2,learn,TotalF1:average=Macro,92,0.6967645437474682
2,learn,TotalF1:average=Macro,93,0.6943867396203361
2,learn,TotalF1:average=Macro,94,0.6957344485152148
2,learn,TotalF1:average=Macro,95,0.6991355215847446
2,learn,TotalF1:average=Macro,96,0.7014001142142632
2,learn,TotalF1:average=Macro,97,0.7070655432834996
2,learn,TotalF1:average=Macro,98,0.7060320563654546
2,learn,TotalF1:average=Macro,99,0.7145112076291741
2,learn,TotalF1:average=Macro,100,0.7131876838464333
2,learn,TotalF1:average=Macro,101,0.7131876838464333
2,learn,TotalF1:average=Macro,102,0.7197810335909728
2,learn,TotalF1:average=Macro,103,0.7171610101167734
2,learn,TotalF1:average=Macro,104,0.7218842081910289
2,learn,TotalF1:average=Macro,105,0.7208140914422125
2,learn,TotalF1:average=Macro,106,0.7244638965597828
2,learn,TotalF1:average=Macro,107,0.7265393698114798
2,learn,TotalF1:average=Macro,108,0.7278349284388415
2,learn,TotalF1:average=Macro,109,0.7320185704036897
2,learn,TotalF1:average=Macro,110,0.7312299802452944
2,learn,TotalF1:average=Macro,111,0.7342842221003206
2,learn,TotalF1:average=Macro,112,0.7332662850851529
2,learn,TotalF1:average=Macro,113,0.7366272263761009
2,learn,TotalF1:average=Macro,114,0.7376856171972509
2,learn,TotalF1:average=Macro,115,0.7389725699852763
2,learn,TotalF1:average=Macro,116,0.7392906900873836
2,learn,TotalF1:average=Macro,117,0.7413105832837473
2,learn,TotalF1:average=Macro,118,0.741201218447047
2,learn,TotalF1:average=Macro,119,0.7412262021131859
2,learn,TotalF1:average=Macro,120,0.7422322120049519
2,learn,TotalF1:average=Macro,121,0.7433022945743103
2,learn,TotalF1:average=Macro,122,0.7450602033927943
2,learn,TotalF1:average=Macro,123,0.7441223579876366
2,learn,TotalF1:average=Macro,124,0.7469560478975831
2,learn,TotalF1:average=Macro,125,0.7484663867351575
2,learn,TotalF1:average=Macro,126,0.7518202275115531
2,learn,TotalF1:average=Macro,127,0.751819644534798
2,learn,TotalF1:average=Macro,128,0.751813582804971
2,learn,TotalF1:average=Macro,129,0.7563310640984602
2,learn,TotalF1:average=Macro,130,0.7518189100670327
2,learn,TotalF1:average=Macro,131,0.7561213139918821
2,learn,TotalF1:average=Macro,132,0.7560237797879452
2,learn,TotalF1:average=Macro,133,0.757394429613977
2,learn,TotalF1:average=Macro,134,0.7560237797879452
2,learn,TotalF1:average=Macro,135,0.7583563317735285
2,learn,TotalF1:average=Macro,136,0.7586193496712803
2,learn,TotalF1:average=Macro,137,0.7604138866267223
2,learn,TotalF1:average=Macro,138,0.761654644908811
2,learn,TotalF1:average=Macro,139,0.7616839837463271
2,learn,TotalF1:average=Macro,140,0.7629524441312243
2,learn,TotalF1:average=Macro,141,0.7631716157786483
2,learn,TotalF1:average=Macro,142,0.7644226671310073
2,learn,TotalF1:average=Macro,143,0.7643986431435145
2,learn,TotalF1:average=Macro,144,0.7664868694519325
2,learn,TotalF1:average=Macro,145,0.7654537864071288
2,learn,TotalF1:average=Macro,146,0.7667111386387003
2,learn,TotalF1:average=Macro,147,0.7677696392156635
2,learn,TotalF1:average=Macro,148,0.7678318053955396
2,learn,TotalF1:average=Macro,149,0.766514255352078
2,learn,TotalF1:average=Macro,150,0.7687582583890211
2,learn,TotalF1:average=Macro,151,0.7687582583890211
2,learn,TotalF1:average=Macro,152,0.7710362795449397
2,learn,TotalF1:average=Macro,153,0.7710362795449397
2,learn,TotalF1:average=Macro,154,0.7720761101573768
2,learn,TotalF1:average=Macro,155,0.7720761101573768
2,learn,TotalF1:average=Macro,156,0.7731356758663521
2,learn,TotalF1:average=Macro,157,0.7728901795236909
2,learn,TotalF1:average=Macro,158,0.7729222768144712
2,learn,TotalF1:average=Macro,159,0.7721025576096716
2,learn,TotalF1:average=Macro,160,0.7721025576096716
2,learn,TotalF1:average=Macro,161,0.7730703047808438
2,learn,TotalF1:average=Macro,162,0.7730703047808438
2,learn,TotalF1:average=Macro,163,0.775317261922937
2,learn,TotalF1:average=Macro,164,0.7777790901454325
2,learn,TotalF1:average=Macro,165,0.7777790901454325
2,learn,TotalF1:average=Macro,166,0.7755068484231387
2,learn,TotalF1:average=Macro,167,0.7767215145356259
2,learn,TotalF1:average=Macro,168,0.7790199228673725
2,learn,TotalF1:average=Macro,169,0.7788071487553959
2,learn,TotalF1:average=Macro,170,0.7823288954652806
2,learn,TotalF1:average=Macro,171,0.7836573300392383
2,learn,TotalF1:average=Macro,172,0.7824504044465826
2,learn,TotalF1:average=Macro,173,0.7835098822181881
2,learn,TotalF1:average=Macro,174,0.7847172781772959
2,learn,TotalF1:average=Macro,175,0.7847172781772959
2,learn,TotalF1:average=Macro,176,0.7859082666705882
2,learn,TotalF1:average=Macro,177,0.7859082666705882
2,learn,TotalF1:average=Macro,178,0.7859224621059556
2,learn,TotalF1:average=Macro,179,0.7847172781772959
2,learn,TotalF1:average=Macro,180,0.7871474439213767
2,learn,TotalF1:average=Macro,181,0.7859224621059556
2,learn,TotalF1:average=Macro,182,0.7881715219592891
2,learn,TotalF1:average=Macro,183,0.7869593896775764
2,learn,TotalF1:average=Macro,184,0.7871391843595223
2,learn,TotalF1:average=Macro,185,0.7869593896775764
2,learn,TotalF1:average=Macro,186,0.7869593896775764
2,learn,TotalF1:average=Macro,187,0.7881847946835506
2,learn,TotalF1:average=Macro,188,0.7892381554305412
2,learn,TotalF1:average=Macro,189,0.7892269320476787
2,learn,TotalF1:average=Macro,190,0.7914846773035825
2,learn,TotalF1:average=Macro,191,0.7904656033895726
2,learn,TotalF1:average=Macro,192,0.7894065883625818
2,learn,TotalF1:average=Macro,193,0.7904513453437849
2,learn,TotalF1:average=Macro,194,0.7904513453437849
2,learn,TotalF1:average=Macro,195,0.7904659103964802
2,learn,TotalF1:average=Macro,196,0.7925464120484343
2,learn,TotalF1:average=Macro,197,0.7915114999916792
2,learn,TotalF1:average=Macro,198,0.7923208512369647
2,learn,TotalF1:average=Macro,199,0.7911155357806814
2,learn,TotalF1:average=Macro,200,0.7911155357806814
2,learn,TotalF1:average=Macro,201,0.7911155357806814
2,learn,TotalF1:average=Macro,202,0.7923620720652859
2,learn,TotalF1:average=Macro,203,0.7935626182293988
2,learn,TotalF1:average=Macro,204,0.7947610419439017
2,learn,TotalF1:average=Macro,205,0.7937670061586134
2,learn,TotalF1:average=Macro,206,0.795002978799348
2,learn,TotalF1:average=Macro,207,0.7937908973997726
2,learn,TotalF1:average=Macro,208,0.79720002355875
2,learn,TotalF1:average=Macro,209,0.79720002355875
2,learn,TotalF1:average=Macro,210,0.7972203416022264
2,learn,TotalF1:average=Macro,211,0.7972953928533352
2,learn,TotalF1:average=Macro,212,0.7984977935126218
2,learn,TotalF1:average=Macro,213,0.7982973968613513
2,learn,TotalF1:average=Macro,214,0.800549837325342
2,learn,TotalF1:average=Macro,215,0.8029498212641376
2,learn,TotalF1:average=Macro,216,0.804823055427887
2,learn,TotalF1:average=Macro,217,0.804823055427887
2,learn,TotalF1:average=Macro,218,0.8050236640613767
2,learn,TotalF1:average=Macro,219,0.8062356164156366
2,learn,TotalF1:average=Macro,220,0.8086181100943352
2,learn,TotalF1:average=Macro,221,0.8076065307633838
2,learn,TotalF1:average=Macro,222,0.8076065307633838
2,learn,TotalF1:average=Macro,223,0.8076326256044969
2,learn,TotalF1:average=Macro,224,0.8076326256044969
2,learn,TotalF1:average=Macro,225,0.8088306951057925
2,learn,TotalF1:average=Macro,226,0.8100063030565385
2,learn,TotalF1:average=Macro,227,0.8100063030565385
2,learn,TotalF1:average=Macro,228,0.8111936396431064
2,learn,TotalF1:average=Macro,229,0.8113722174395624
2,learn,TotalF1:average=Macro,230,0.8123657170162156
2,learn,TotalF1:average=Macro,231,0.8111785164557809
2,learn,TotalF1:average=Macro,232,0.8123734073686913
2,learn,TotalF1:average=Macro,233,0.8123734073686913
2,learn,TotalF1:average=Macro,234,0.8111785164557809
2,learn,TotalF1:average=Macro,235,0.8124119848429426
2,learn,TotalF1:average=Macro,236,0.8113675496152003
2,learn,TotalF1:average=Macro,237,0.810322378326825
2,learn,TotalF1:average=Macro,238,0.8103302236040227
2,learn,TotalF1:average=Macro,239,0.8115231708980553
2,learn,TotalF1:average=Macro,240,0.8135920508426362
2,learn,TotalF1:average=Macro,241,0.8135920508426362
2,learn,TotalF1:average=Macro,242,0.8135920508426362
2,learn,TotalF1:average=Macro,243,0.8136151462470359
2,learn,TotalF1:average=Macro,244,0.8146410806677429
2,learn,TotalF1:average=Macro,245,0.8146410806677429
2,learn,TotalF1:average=Macro,246,0.8146410806677429
2,learn,TotalF1:average=Macro,247,0.8156808129553375
2,learn,MultiClass,1,1.3588623713293104
2,learn,MultiClass,2,1.3409193109561577
2,learn,MultiClass,3,1.3181542710217267
2,learn,MultiClass,4,1.3053392733802662
2,learn,MultiClass,5,1.2903232332499621
2,learn,MultiClass,6,1.2709318408439678
2,learn,MultiClass,7,1.2577445461985004
2,learn,MultiClass,8,1.2439762342670277
2,learn,MultiClass,9,1.2316488424717533
2,learn,MultiClass,10,1.2168939462092605
2,learn,MultiClass,11,1.2056557387478373
2,learn,MultiClass,12,1.1939331404504345
2,learn,MultiClass,13,1.184426865182347
2,learn,MultiClass,14,1.1731345985911978
2,learn,MultiClass,15,1.1628901725164198
2,learn,MultiClass,16,1.15272826997916
2,learn,MultiClass,17,1.1438011340594463
2,learn,MultiClass,18,1.1336937424844915
2,learn,MultiClass,19,1.125251178475695
2,learn,MultiClass,20,1.1172631834269182
2,learn,MultiClass,21,1.109710123410914
2,learn,MultiClass,22,1.1022180392159657
2,learn,MultiClass,23,1.0932551026858248
2,learn,MultiClass,24,1.0876171538620207
2,learn,MultiClass,25,1.0823566879567643
2,learn,MultiClass,26,1.0765178933180242
2,learn,MultiClass,27,1.0732909479871273
2,learn,MultiClass,28,1.0659221155444407
2,learn,MultiClass,29,1.0595668977105697
2,learn,MultiClass,30,1.053773835014543
2,learn,MultiClass,31,1.048781455823488
2,learn,MultiClass,32,1.0461248900405742
2,learn,MultiClass,33,1.0390799023091122
2,learn,MultiClass,34,1.0350052654041646
2,learn,MultiClass,35,1.0307596197535775
2,learn,MultiClass,36,1.0272653834972643
2,learn,MultiClass,37,1.0216716225288855
2,learn,MultiClass,38,1.0176553121486371
2,learn,MultiClass,39,1.015071109874884
2,learn,MultiClass,40,1.0098917553035696
2,learn,MultiClass,41,1.0068702205569913
2,learn,MultiClass,42,1.0006147649277872
2,learn,MultiClass,43,0.9943066562182359
2,learn,MultiClass,44,0.9890655587885807
2,learn,MultiClass,45,0.9833964033721667
2,learn,MultiClass,46,0.9822104813906184
2,learn,MultiClass,47,0.9747371115890582
2,learn,MultiClass,48,0.971153187766501
2,learn,MultiClass,49,0.9649081403129444
2,learn,MultiClass,50,0.959701667139415
2,learn,MultiClass,51,0.9567062318270876
2,learn,MultiClass,52,0.9532532725829369
2,learn,MultiClass,53,0.9511096893336474
2,learn,MultiClass,54,0.9473274989933234
2,learn,MultiClass,55,0.9449539831946142
2,learn,MultiClass,56,0.9385200751192128
2,learn,MultiClass,57,0.9319949964883604
2,learn,MultiClass,58,0.9260096896101425
2,learn,MultiClass,59,0.9233465907917109
2,learn,MultiClass,60,0.9196277796561297
2,learn,MultiClass,61,0.9172235325218466
2,learn,MultiClass,62,0.9132423025870698
2,learn,MultiClass,63,0.9094986689722211
2,learn,MultiClass,64,0.9068915851140436
2,learn,MultiClass,65,0.9040681059262204
2,learn,MultiClass,66,0.9013635655942452
2,learn,MultiClass,67,0.8990422003087766
2,learn,MultiClass,68,0.8974024571663167
2,learn,MultiClass,69,0.8949353004072628
2,learn,MultiClass,70,0.8903182451922582
2,learn,MultiClass,71,0.889308932329014
2,learn,MultiClass,72,0.8842016049807631
2,learn,MultiClass,73,0.8819740974402379
2,learn,MultiClass,74,0.8787505190302787
2,learn,MultiClass,75,0.8759903726594084
2,learn,MultiClass,76,0.8726867368413065
2,learn,MultiClass,77,0.8685581575911775
2,learn,MultiClass,78,0.8652304782960633
2,learn,MultiClass,79,0.8631957728754366
2,learn,MultiClass,80,0.8615061961545162
2,learn,MultiClass,81,0.859383740670298
2,learn,MultiClass,82,0.8571425658865554
2,learn,MultiClass,83,0.8543646596083416
2,learn,MultiClass,84,0.8499528455093971
2,learn,MultiClass,85,0.8478490034145939
2,learn,MultiClass,86,0.8457337918002864
2,learn,MultiClass,87,0.8423832530202762
2,learn,MultiClass,88,0.8387425942035073
2,learn,MultiClass,89,0.8364210623001826
2,learn,MultiClass,90,0.8326787655178609
2,learn,MultiClass,91,0.8308404724069057
2,learn,MultiClass,92,0.8282357099968821
2,learn,MultiClass,93,0.8268201274546575
2,learn,MultiClass,94,0.8255095808715837
2,learn,MultiClass,95,0.8229548096349772
2,learn,MultiClass,96,0.8184376783037047
2,learn,MultiClass,97,0.8162146789699922
2,learn,MultiClass,98,0.8131051438038822
2,learn,MultiClass,99,0.8095765869811397
2,learn,MultiClass,100,0.8082727400246063
2,learn,MultiClass,101,0.806878279281377
2,learn,MultiClass,102,0.8043239293269422
2,learn,MultiClass,103,0.8027376158294229
2,learn,MultiClass,104,0.8014945691832617
2,learn,MultiClass,105,0.8001777666660118
2,learn,MultiClass,106,0.7971928687627204
2,learn,MultiClass,107,0.7936635272428527
2,learn,MultiClass,108,0.792792587295426
2,learn,MultiClass,109,0.7894491179483989
2,learn,MultiClass,110,0.7880883834116337
2,learn,MultiClass,111,0.7852032104498646
2,learn,MultiClass,112,0.7823173893862759
2,learn,MultiClass,113,0.7789364076990515
2,learn,MultiClass,114,0.7768492125235391
2,learn,MultiClass,115,0.7741226908385064
2,learn,MultiClass,116,0.7726100132043167
2,learn,MultiClass,117,0.770767643695624
2,learn,MultiClass,118,0.7686480264255312
2,learn,MultiClass,119,0.7676609544812943
2,learn,MultiClass,120,0.7660797959602949
2,learn,MultiClass,121,0.7643769384535429
2,learn,MultiClass,122,0.7618929849981486
2,learn,MultiClass,123,0.7602922870583445
2,learn,MultiClass,124,0.7592487488617568
2,learn,MultiClass,125,0.7567297282601098
2,learn,MultiClass,126,0.7556830662324735
2,learn,MultiClass,127,0.7547707763385347
2,learn,MultiClass,128,0.7527916039808069
2,learn,MultiClass,129,0.7505201840886865
2,learn,MultiClass,130,0.7499302235275089
2,learn,MultiClass,131,0.7470742147021087
2,learn,MultiClass,132,0.746430197903855
2,learn,MultiClass,133,0.7453661827822976
2,learn,MultiClass,134,0.7448125923850181
2,learn,MultiClass,135,0.7423776249047702
2,learn,MultiClass,136,0.7390389345695552
2,learn,MultiClass,137,0.7377588599195671
2,learn,MultiClass,138,0.737134505616271
2,learn,MultiClass,139,0.7363533263817993
2,learn,MultiClass,140,0.735613814681513
2,learn,MultiClass,141,0.7328937957646854
2,learn,MultiClass,142,0.7324091287381715
2,learn,MultiClass,143,0.7312535342450585
2,learn,MultiClass,144,0.7304607279151613
2,learn,MultiClass,145,0.7287347460653976
2,learn,MultiClass,146,0.7278418728323063
2,learn,MultiClass,147,0.7250017874294924
2,learn,MultiClass,148,0.7230828541997296
2,learn,MultiClass,149,0.7217083227790596
2,learn,MultiClass,150,0.7193085501332502
2,learn,MultiClass,151,0.71870654740519
2,learn,MultiClass,152,0.7157673462005627
2,learn,MultiClass,153,0.715065543114012
2,learn,MultiClass,154,0.7128926048470648
2,learn,MultiClass,155,0.7099858249356422
2,learn,MultiClass,156,0.7095956576987344
2,learn,MultiClass,157,0.7084383863621558
2,learn,MultiClass,158,0.7079608361764225
2,learn,MultiClass,159,0.7057078920317694
2,learn,MultiClass,160,0.7042934882526444
2,learn,MultiClass,161,0.7026652892449842
2,learn,MultiClass,162,0.7015761323974425
2,learn,MultiClass,163,0.6994481059468005
2,learn,MultiClass,164,0.6974356286965996
2,learn,MultiClass,165,0.6959045749031937
2,learn,MultiClass,166,0.6941842701522084
2,learn,MultiClass,167,0.6936430495466043
2,learn,MultiClass,168,0.6914813578391832
2,learn,MultiClass,169,0.6907704965892124
2,learn,MultiClass,170,0.6885047325444851
2,learn,MultiClass,171,0.6871004431080506
2,learn,MultiClass,172,0.686499795262761
2,learn,MultiClass,173,0.6840113676410071
2,learn,MultiClass,174,0.6835938791021242
2,learn,MultiClass,175,0.6819248346343609
2,learn,MultiClass,176,0.680680470685782
2,learn,MultiClass,177,0.6787709861904389
2,learn,MultiClass,178,0.6770193582309738
2,learn,MultiClass,179,0.6759576474132521
2,learn,MultiClass,180,0.6755379404317708
2,learn,MultiClass,181,0.6745715108194621
2,learn,MultiClass,182,0.6741040917265725
2,learn,MultiClass,183,0.6734061526734676
2,learn,MultiClass,184,0.6723121958413013
2,learn,MultiClass,185,0.6711898866537557
2,learn,MultiClass,186,0.6702075093747043
2,learn,MultiClass,187,0.6696480963707573
2,learn,MultiClass,188,0.668614200196231
2,learn,MultiClass,189,0.6666951986345762
2,learn,MultiClass,190,0.6661446418221102
2,learn,MultiClass,191,0.6649951902152517
2,learn,MultiClass,192,0.6642753068485676
2,learn,MultiClass,193,0.6636535811972223
2,learn,MultiClass,194,0.6631948613508016
2,learn,MultiClass,195,0.6624263001259562
2,learn,MultiClass,196,0.66105096469392
2,learn,MultiClass,197,0.6592993962656876
2,learn,MultiClass,198,0.6577706566196051
2,learn,MultiClass,199,0.656802495028961
2,learn,MultiClass,200,0.6563220616687393
2,learn,MultiClass,201,0.6559126234891215
2,learn,MultiClass,202,0.6554109527991213
2,learn,MultiClass,203,0.6538222970713249
2,learn,MultiClass,204,0.653404626419816
2,learn,MultiClass,205,0.6519271214014452
2,learn,MultiClass,206,0.6514562525091552
2,learn,MultiClass,207,0.649826443433493
2,learn,MultiClass,208,0.6481737400485371
2,learn,MultiClass,209,0.6464010442976267
2,learn,MultiClass,210,0.6447402589688922
2,learn,MultiClass,211,0.643157414216727
2,learn,MultiClass,212,0.6423336110664135
2,learn,MultiClass,213,0.6408107746867776
2,learn,MultiClass,214,0.6393683611637276
2,learn,MultiClass,215,0.6385632921703874
2,learn,MultiClass,216,0.6364791991677874
2,learn,MultiClass,217,0.6348446362526405
2,learn,MultiClass,218,0.6334090739460593
2,learn,MultiClass,219,0.6323741517135434
2,learn,MultiClass,220,0.6314265000400954
2,learn,MultiClass,221,0.6298560065011298
2,learn,MultiClass,222,0.6293182896004847
2,learn,MultiClass,223,0.6285028906940114
2,learn,MultiClass,224,0.6280488346751254
2,learn,MultiClass,225,0.6272424972701254
2,learn,MultiClass,226,0.6266236342789997
2,learn,MultiClass,227,0.62622850728451
2,learn,MultiClass,228,0.6256039957651468
2,learn,MultiClass,229,0.6252322454970183
2,learn,MultiClass,230,0.6245939771003484
2,learn,MultiClass,231,0.6242891822153114
2,learn,MultiClass,232,0.6235682740888198
2,learn,MultiClass,233,0.6226792420131401
2,learn,MultiClass,234,0.6222502636578943
2,learn,MultiClass,235,0.6203667754833434
2,learn,MultiClass,236,0.6199721857529437
2,learn,MultiClass,237,0.6196390465317494
2,learn,MultiClass,238,0.6179774040049069
2,learn,MultiClass,239,0.617445271565285
2,learn,MultiClass,240,0.6162330862460302
2,learn,MultiClass,241,0.6158907758493963
2,learn,MultiClass,242,0.6156647336022577
2,learn,MultiClass,243,0.6144091427962719
2,learn,MultiClass,244,0.6137096263080214
2,learn,MultiClass,245,0.612529454993395
2,learn,MultiClass,246,0.6112048653910905
2,learn,MultiClass,247,0.6105293364769638
2,validation,TotalF1:average=Macro,1,0.23877425693932697
2,validation,TotalF1:average=Macro,2,0.2000278561056994
2,validation,TotalF1:average=Macro,3,0.20652800127143056
2,validation,TotalF1:average=Macro,4,0.20965132619361476
2,validation,TotalF1:average=Macro,5,0.20156119123401303
2,validation,TotalF1:average=Macro,6,0.22906064770471551
2,validation,TotalF1:average=Macro,7,0.22376154277039095
2,validation,TotalF1:average=Macro,8,0.2125789356908509
2,validation,TotalF1:average=Macro,9,0.2369059823293233
2,validation,TotalF1:average=Macro,10,0.23870194376222875
2,validation,TotalF1:average=Macro,11,0.23662137185657217
2,validation,TotalF1:average=Macro,12,0.23476714356531758
2,validation,TotalF1:average=Macro,13,0.23536369880119878
2,validation,TotalF1:average=Macro,14,0.23195093162658956
2,validation,TotalF1:average=Macro,15,0.23186458215662847
2,validation,TotalF1:average=Macro,16,0.23572085609164872
2,validation,TotalF1:average=Macro,17,0.23522648769769594
2,validation,TotalF1:average=Macro,18,0.23240168843884013
2,validation,TotalF1:average=Macro,19,0.2399283448249372
2,validation,TotalF1:average=Macro,20,0.2424381637204967
2,validation,TotalF1:average=Macro,21,0.2419232491293003
2,validation,TotalF1:average=Macro,22,0.24183878744813786
2,validation,TotalF1:average=Macro,23,0.2395700100112227
2,validation,TotalF1:average=Macro,24,0.24285072891599524
2,validation,TotalF1:average=Macro,25,0.2469265821375175
2,validation,TotalF1:average=Macro,26,0.24823808584392923
2,validation,TotalF1:average=Macro,27,0.2523623660451072
2,validation,TotalF1:average=Macro,28,0.24848805928081572
2,validation,TotalF1:average=Macro,29,0.25125702790828963
2,validation,TotalF1:average=Macro,30,0.250782469727703
2,validation,TotalF1:average=Macro,31,0.2468425618054811
2,validation,TotalF1:average=Macro,32,0.24823717319451494
2,validation,TotalF1:average=Macro,33,0.24963054374819083
2,validation,TotalF1:average=Macro,34,0.25255148360411517
2,validation,TotalF1:average=Macro,35,0.25243466718413626
2,validation,TotalF1:average=Macro,36,0.25640553086702966
2,validation,TotalF1:average=Macro,37,0.25945109287932067
2,validation,TotalF1:average=Macro,38,0.26278798387763325
2,validation,TotalF1:average=Macro,39,0.25830083596744247
2,validation,TotalF1:average=Macro,40,0.2548012120769596
2,validation,TotalF1:average=Macro,41,0.2615004723152995
2,validation,TotalF1:average=Macro,42,0.2576778316693469
2,validation,TotalF1:average=Macro,43,0.2576778316693469
2,validation,TotalF1:average=Macro,44,0.25406678933919385
2,validation,TotalF1:average=Macro,45,0.25659526830158175
2,validation,TotalF1:average=Macro,46,0.2580291917618669
2,validation,TotalF1:average=Macro,47,0.25532463266173844
2,validation,TotalF1:average=Macro,48,0.2580279614732851
2,validation,TotalF1:average=Macro,49,0.255099791777592
2,validation,TotalF1:average=Macro,50,0.2590742215734224
2,validation,TotalF1:average=Macro,51,0.2549607032895803
2,validation,TotalF1:average=Macro,52,0.253554955967457
2,validation,TotalF1:average=Macro,53,0.2535253115765129
2,validation,TotalF1:average=Macro,54,0.2520635352214605
2,validation,TotalF1:average=Macro,55,0.25066966767301807
2,validation,TotalF1:average=Macro,56,0.2535420885466977
2,validation,TotalF1:average=Macro,57,0.2507791945701769
2,validation,TotalF1:average=Macro,58,0.25347547549289934
2,validation,TotalF1:average=Macro,59,0.25481581320323665
2,validation,TotalF1:average=Macro,60,0.25481581320323665
2,validation,TotalF1:average=Macro,61,0.25206350915407333
2,validation,TotalF1:average=Macro,62,0.25347547549289934
2,validation,TotalF1:average=Macro,63,0.25347547549289934
2,validation,TotalF1:average=Macro,64,0.25347547549289934
2,validation,TotalF1:average=Macro,65,0.25347547549289934
2,validation,TotalF1:average=Macro,66,0.25206350915407333
2,validation,TotalF1:average=Macro,67,0.25483147657513483
2,validation,TotalF1:average=Macro,68,0.25490509807516676
2,validation,TotalF1:average=Macro,69,0.2573887900581932
2,validation,TotalF1:average=Macro,70,0.25755582276448474
2,validation,TotalF1:average=Macro,71,0.2589547071248848
2,validation,TotalF1:average=Macro,72,0.2633876213567933
2,validation,TotalF1:average=Macro,73,0.2619600227358848
2,validation,TotalF1:average=Macro,74,0.2618477559947614
2,validation,TotalF1:average=Macro,75,0.2618477559947614
2,validation,TotalF1:average=Macro,76,0.2618477559947614
2,validation,TotalF1:average=Macro,77,0.2618477559947614
2,validation,TotalF1:average=Macro,78,0.2560347014944029
2,validation,TotalF1:average=Macro,79,0.2574584671227139
2,validation,TotalF1:average=Macro,80,0.2574584671227139
2,validation,TotalF1:average=Macro,81,0.25727658713260326
2,validation,TotalF1:average=Macro,82,0.2632753546156699
2,validation,TotalF1:average=Macro,83,0.25727658713260326
2,validation,TotalF1:average=Macro,84,0.2616148559693047
2,validation,TotalF1:average=Macro,85,0.25759865787295255
2,validation,TotalF1:average=Macro,86,0.25710624076201327
2,validation,TotalF1:average=Macro,87,0.2655090217456575
2,validation,TotalF1:average=Macro,88,0.2707449029372043
2,validation,TotalF1:average=Macro,89,0.2707449029372043
2,validation,TotalF1:average=Macro,90,0.26622423061391776
2,validation,TotalF1:average=Macro,91,0.26622423061391776
2,validation,TotalF1:average=Macro,92,0.2674992972875268
2,validation,TotalF1:average=Macro,93,0.2703371448593055
2,validation,TotalF1:average=Macro,94,0.2702330743618202
2,validation,TotalF1:average=Macro,95,0.2739671304224711
2,validation,TotalF1:average=Macro,96,0.27522629188087355
2,validation,TotalF1:average=Macro,97,0.2780322727839891
2,validation,TotalF1:average=Macro,98,0.27380935278856633
2,validation,TotalF1:average=Macro,99,0.27497751918328517
2,validation,TotalF1:average=Macro,100,0.2776302696556047
2,validation,TotalF1:average=Macro,101,0.275022720226482
2,validation,TotalF1:average=Macro,102,0.2747652091982792
2,validation,TotalF1:average=Macro,103,0.27345761067894014
2,validation,TotalF1:average=Macro,104,0.27735843112606057
2,validation,TotalF1:average=Macro,105,0.27735843112606057
2,validation,TotalF1:average=Macro,106,0.27735843112606057
2,validation,TotalF1:average=Macro,107,0.26929160812536435
2,validation,TotalF1:average=Macro,108,0.26929160812536435
2,validation,TotalF1:average=Macro,109,0.26929160812536435
2,validation,TotalF1:average=Macro,110,0.26929160812536435
2,validation,TotalF1:average=Macro,111,0.26929160812536435
2,validation,TotalF1:average=Macro,112,0.26929160812536435
2,validation,TotalF1:average=Macro,113,0.2680318642241917
2,validation,TotalF1:average=Macro,114,0.26241173060819334
2,validation,TotalF1:average=Macro,115,0.2622398500876433
2,validation,TotalF1:average=Macro,116,0.2637498661112638
2,validation,TotalF1:average=Macro,117,0.2650508743025722
2,validation,TotalF1:average=Macro,118,0.2624409655877036
2,validation,TotalF1:average=Macro,119,0.2637176721910024
2,validation,TotalF1:average=Macro,120,0.2637176721910024
2,validation,TotalF1:average=Macro,121,0.26638246045560043
2,validation,TotalF1:average=Macro,122,0.26620084536519123
2,validation,TotalF1:average=Macro,123,0.2676218620738839
2,validation,TotalF1:average=Macro,124,0.2659095053742242
2,validation,TotalF1:average=Macro,125,0.2604561384230434
2,validation,TotalF1:average=Macro,126,0.26156734170625806
2,validation,TotalF1:average=Macro,127,0.25857753357753355
2,validation,TotalF1:average=Macro,128,0.2585521837824777
2,validation,TotalF1:average=Macro,129,0.26161439002889564
2,validation,TotalF1:average=Macro,130,0.25859872934681116
2,validation,TotalF1:average=Macro,131,0.2614433659689339
2,validation,TotalF1:average=Macro,132,0.2656819969057147
2,validation,TotalF1:average=Macro,133,0.2601691985660398
2,validation,TotalF1:average=Macro,134,0.26140843661408225
2,validation,TotalF1:average=Macro,135,0.2667968990056661
2,validation,TotalF1:average=Macro,136,0.26255873170430133
2,validation,TotalF1:average=Macro,137,0.26255873170430133
2,validation,TotalF1:average=Macro,138,0.2595768098461489
2,validation,TotalF1:average=Macro,139,0.25656427898106476
2,validation,TotalF1:average=Macro,140,0.2553016527184385
2,validation,TotalF1:average=Macro,141,0.2553016527184385
2,validation,TotalF1:average=Macro,142,0.26158885659394704
2,validation,TotalF1:average=Macro,143,0.26282989379426697
2,validation,TotalF1:average=Macro,144,0.2630537952248888
2,validation,TotalF1:average=Macro,145,0.2663529229784986
2,validation,TotalF1:average=Macro,146,0.2663529229784986
2,validation,TotalF1:average=Macro,147,0.26592488399829706
2,validation,TotalF1:average=Macro,148,0.26717838473896094
2,validation,TotalF1:average=Macro,149,0.26040137972479277
2,validation,TotalF1:average=Macro,150,0.2646530729071964
2,validation,TotalF1:average=Macro,151,0.26718757310625557
2,validation,TotalF1:average=Macro,152,0.264812342676996
2,validation,TotalF1:average=Macro,153,0.2660755592607241
2,validation,TotalF1:average=Macro,154,0.26608409825519186
2,validation,TotalF1:average=Macro,155,0.27017190626221743
2,validation,TotalF1:average=Macro,156,0.27034044208836905
2,validation,TotalF1:average=Macro,157,0.2705256908756378
2,validation,TotalF1:average=Macro,158,0.2705256908756378
2,validation,TotalF1:average=Macro,159,0.27003692690002756
2,validation,TotalF1:average=Macro,160,0.27003692690002756
2,validation,TotalF1:average=Macro,161,0.27132012697355024
2,validation,TotalF1:average=Macro,162,0.2687743921965521
2,validation,TotalF1:average=Macro,163,0.27132012697355024
2,validation,TotalF1:average=Macro,164,0.27240292668791655
2,validation,TotalF1:average=Macro,165,0.27184417833971347
2,validation,TotalF1:average=Macro,166,0.2707711090567223
2,validation,TotalF1:average=Macro,167,0.2707711090567223
2,validation,TotalF1:average=Macro,168,0.2674825854413947
2,validation,TotalF1:average=Macro,169,0.2707711090567223
2,validation,TotalF1:average=Macro,170,0.268715288738392
2,validation,TotalF1:average=Macro,171,0.27053057146036064
2,validation,TotalF1:average=Macro,172,0.27053057146036064
2,validation,TotalF1:average=Macro,173,0.26932711672961035
2,validation,TotalF1:average=Macro,174,0.26873220366510464
2,validation,TotalF1:average=Macro,175,0.26932711672961035
2,validation,TotalF1:average=Macro,176,0.2705647107079091
2,validation,TotalF1:average=Macro,177,0.2662357195399022
2,validation,TotalF1:average=Macro,178,0.2662357195399022
2,validation,TotalF1:average=Macro,179,0.2662357195399022
2,validation,TotalF1:average=Macro,180,0.26747260155910724
2,validation,TotalF1:average=Macro,181,0.26747260155910724
2,validation,TotalF1:average=Macro,182,0.2662357195399022
2,validation,TotalF1:average=Macro,183,0.26623248589218546
2,validation,TotalF1:average=Macro,184,0.2674741851675118
2,validation,TotalF1:average=Macro,185,0.2674741851675118
2,validation,TotalF1:average=Macro,186,0.2674741851675118
2,validation,TotalF1:average=Macro,187,0.2674741851675118
2,validation,TotalF1:average=Macro,188,0.2674741851675118
2,validation,TotalF1:average=Macro,189,0.2674741851675118
2,validation,TotalF1:average=Macro,190,0.2673316796282059
2,validation,TotalF1:average=Macro,191,0.2674741851675118
2,validation,TotalF1:average=Macro,192,0.2673316796282059
2,validation,TotalF1:average=Macro,193,0.2674741851675118
2,validation,TotalF1:average=Macro,194,0.2673316796282059
2,validation,TotalF1:average=Macro,195,0.2674741851675118
2,validation,TotalF1:average=Macro,196,0.2673316796282059
2,validation,TotalF1:average=Macro,197,0.2673316796282059
2,validation,TotalF1:average=Macro,198,0.2673316796282059
2,validation,TotalF1:average=Macro,199,0.2673316796282059
2,validation,TotalF1:average=Macro,200,0.2673316796282059
2,validation,TotalF1:average=Macro,201,0.2684111748214019
2,validation,TotalF1:average=Macro,202,0.2684111748214019
2,validation,TotalF1:average=Macro,203,0.2684111748214019
2,validation,TotalF1:average=Macro,204,0.2684311300367256
2,validation,TotalF1:average=Macro,205,0.2673579954506133
2,validation,TotalF1:average=Macro,206,0.2684111748214019
2,validation,TotalF1:average=Macro,207,0.27029159180924867
2,validation,TotalF1:average=Macro,208,0.26403480277888125
2,validation,TotalF1:average=Macro,209,0.2672411207771599
2,validation,TotalF1:average=Macro,210,0.26694736878966796
2,validation,TotalF1:average=Macro,211,0.26694736878966796
2,validation,TotalF1:average=Macro,212,0.26697359843546287
2,validation,TotalF1:average=Macro,213,0.2691539969401415
2,validation,TotalF1:average=Macro,214,0.26697359843546287
2,validation,TotalF1:average=Macro,215,0.26685842047183356
2,validation,TotalF1:average=Macro,216,0.2680620255348516
2,validation,TotalF1:average=Macro,217,0.2671351680502394
2,validation,TotalF1:average=Macro,218,0.26833187606964715
2,validation,TotalF1:average=Macro,219,0.27144775025663864
2,validation,TotalF1:average=Macro,220,0.26712370948925257
2,validation,TotalF1:average=Macro,221,0.27022368173314876
2,validation,TotalF1:average=Macro,222,0.27022368173314876
2,validation,TotalF1:average=Macro,223,0.2738691524221951
2,validation,TotalF1:average=Macro,224,0.27073613401706503
2,validation,TotalF1:average=Macro,225,0.27073613401706503
2,validation,TotalF1:average=Macro,226,0.27073613401706503
2,validation,TotalF1:average=Macro,227,0.27073613401706503
2,validation,TotalF1:average=Macro,228,0.26953118091171047
2,validation,TotalF1:average=Macro,229,0.26953118091171047
2,validation,TotalF1:average=Macro,230,0.2695330659993883
2,validation,TotalF1:average=Macro,231,0.2695330659993883
2,validation,TotalF1:average=Macro,232,0.27264817101404537
2,validation,TotalF1:average=Macro,233,0.27264817101404537
2,validation,TotalF1:average=Macro,234,0.27264817101404537
2,validation,TotalF1:average=Macro,235,0.27264817101404537
2,validation,TotalF1:average=Macro,236,0.27264817101404537
2,validation,TotalF1:average=Macro,237,0.27253427760651067
2,validation,TotalF1:average=Macro,238,0.2680709100360856
2,validation,TotalF1:average=Macro,239,0.2725528629128059
2,validation,TotalF1:average=Macro,240,0.26454516421736196
2,validation,TotalF1:average=Macro,241,0.2713538461812064
2,validation,TotalF1:average=Macro,242,0.26687759261365124
2,validation,TotalF1:average=Macro,243,0.26985939428288536
2,validation,TotalF1:average=Macro,244,0.2675269658865961
2,validation,TotalF1:average=Macro,245,0.26577585340438914
2,validation,TotalF1:average=Macro,246,0.26577585340438914
2,validation,TotalF1:average=Macro,247,0.26577585340438914
2,validation,MultiClass,1,1.3850753888676748
2,validation,MultiClass,2,1.3831256636662113
2,validation,MultiClass,3,1.3824579575092373
2,validation,MultiClass,4,1.3815467690303789
2,validation,MultiClass,5,1.3793812080247596
2,validation,MultiClass,6,1.3767852748849094
2,validation,MultiClass,7,1.3769019814562637
2,validation,MultiClass,8,1.3753565899949969
2,validation,MultiClass,9,1.3737045876056952
2,validation,MultiClass,10,1.3735648834140037
2,validation,MultiClass,11,1.3729425895723382
2,validation,MultiClass,12,1.3726175570808188
2,validation,MultiClass,13,1.3728353228219405
2,validation,MultiClass,14,1.3723916411839119
2,validation,MultiClass,15,1.37108976487706
2,validation,MultiClass,16,1.3718878015687663
2,validation,MultiClass,17,1.3688342299031502
2,validation,MultiClass,18,1.3709483955972892
2,validation,MultiClass,19,1.3699710982981257
2,validation,MultiClass,20,1.3669743204898095
2,validation,MultiClass,21,1.3643779953624644
2,validation,MultiClass,22,1.3631593319540347
2,validation,MultiClass,23,1.3615748959882825
2,validation,MultiClass,24,1.3617672823306906
2,validation,MultiClass,25,1.3562163013084167
2,validation,MultiClass,26,1.3580580175497103
2,validation,MultiClass,27,1.3497315063926465
2,validation,MultiClass,28,1.3462228940028602
2,validation,MultiClass,29,1.34695133254193
2,validation,MultiClass,30,1.344360450046139
2,validation,MultiClass,31,1.339280396622331
2,validation,MultiClass,32,1.332212595035786
2,validation,MultiClass,33,1.3302764329769894
2,validation,MultiClass,34,1.3245210467124644
2,validation,MultiClass,35,1.3225811555654672
2,validation,MultiClass,36,1.3207291382980315
2,validation,MultiClass,37,1.3223569190011835
2,validation,MultiClass,38,1.3225108381537927
2,validation,MultiClass,39,1.3224943434027094
2,validation,MultiClass,40,1.320147564563974
2,validation,MultiClass,41,1.3194865241258422
2,validation,MultiClass,42,1.3190042410439333
2,validation,MultiClass,43,1.3172287073899098
2,validation,MultiClass,44,1.3170519837231567
2,validation,MultiClass,45,1.316771865850373
2,validation,MultiClass,46,1.3127172958667295
2,validation,MultiClass,47,1.3124043051827126
2,validation,MultiClass,48,1.3114577689962283
2,validation,MultiClass,49,1.3097943969324337
2,validation,MultiClass,50,1.3090364238068743
2,validation,MultiClass,51,1.3076978131168364
2,validation,MultiClass,52,1.3072229263968584
2,validation,MultiClass,53,1.3030358266522875
2,validation,MultiClass,54,1.3030702023429188
2,validation,MultiClass,55,1.301302000473156
2,validation,MultiClass,56,1.2994092997031474
2,validation,MultiClass,57,1.297434124167192
2,validation,MultiClass,58,1.296991733897529
2,validation,MultiClass,59,1.2941223754191868
2,validation,MultiClass,60,1.2930447940026155
2,validation,MultiClass,61,1.291442283482643
2,validation,MultiClass,62,1.2907506872732422
2,validation,MultiClass,63,1.2907326826823207
2,validation,MultiClass,64,1.2907962938990027
2,validation,MultiClass,65,1.2894588786521346
2,validation,MultiClass,66,1.2870849134395093
2,validation,MultiClass,67,1.2862777593567
2,validation,MultiClass,68,1.2848673423451644
2,validation,MultiClass,69,1.2842897643661872
2,validation,MultiClass,70,1.2832985764793072
2,validation,MultiClass,71,1.2822495269233052
2,validation,MultiClass,72,1.2805937622783858
2,validation,MultiClass,73,1.2811292407585204
2,validation,MultiClass,74,1.2792372088469326
2,validation,MultiClass,75,1.2787288763654696
2,validation,MultiClass,76,1.2770881506852643
2,validation,MultiClass,77,1.2754571068388254
2,validation,MultiClass,78,1.2756535581085637
2,validation,MultiClass,79,1.2745391666878931
2,validation,MultiClass,80,1.2744053354228688
2,validation,MultiClass,81,1.2736273886741618
2,validation,MultiClass,82,1.2728296926576599
2,validation,MultiClass,83,1.2717261816531769
2,validation,MultiClass,84,1.2705678537261162
2,validation,MultiClass,85,1.2697085616847184
2,validation,MultiClass,86,1.268552214746709
2,validation,MultiClass,87,1.2689762447160835
2,validation,MultiClass,88,1.2679975874289535
2,validation,MultiClass,89,1.265219974624607
2,validation,MultiClass,90,1.2626275238142293
2,validation,MultiClass,91,1.2613495701964237
2,validation,MultiClass,92,1.2605678753096
2,validation,MultiClass,93,1.2597298778991088
2,validation,MultiClass,94,1.2588235414983582
2,validation,MultiClass,95,1.2594468699678565
2,validation,MultiClass,96,1.258668217889687
2,validation,MultiClass,97,1.2569241483397775
2,validation,MultiClass,98,1.2555997787619486
2,validation,MultiClass,99,1.2539290693498621
2,validation,MultiClass,100,1.2540627448014636
2,validation,MultiClass,101,1.253791572870237
2,validation,MultiClass,102,1.251885692719386
2,validation,MultiClass,103,1.251582501146482
2,validation,MultiClass,104,1.2506337762433384
2,validation,MultiClass,105,1.2504758660406823
2,validation,MultiClass,106,1.249918846315155
2,validation,MultiClass,107,1.2491828537960092
2,validation,MultiClass,108,1.24750066926005
2,validation,MultiClass,109,1.2476172384502986
2,validation,MultiClass,110,1.248062689916394
2,validation,MultiClass,111,1.2471781380909166
2,validation,MultiClass,112,1.2464077947816092
2,validation,MultiClass,113,1.2453461646332062
2,validation,MultiClass,114,1.2460460425413415
2,validation,MultiClass,115,1.245517892275292
2,validation,MultiClass,116,1.2457751114989348
2,validation,MultiClass,117,1.2453162629735437
2,validation,MultiClass,118,1.2439862844006557
2,validation,MultiClass,119,1.2440636195572594
2,validation,MultiClass,120,1.2439909203861947
2,validation,MultiClass,121,1.2443061842418803
2,validation,MultiClass,122,1.243536459631113
2,validation,MultiClass,123,1.2415629072576484
2,validation,MultiClass,124,1.2414719520221098
2,validation,MultiClass,125,1.2407561705822288
2,validation,MultiClass,126,1.239759911105484
2,validation,MultiClass,127,1.240498727334934
2,validation,MultiClass,128,1.240177763904904
2,validation,MultiClass,129,1.239426455587717
2,validation,MultiClass,130,1.2392259637694645
2,validation,MultiClass,131,1.2368221180294345
2,validation,MultiClass,132,1.2358547347268773
2,validation,MultiClass,133,1.23666115609846
2,validation,MultiClass,134,1.2360825608143187
2,validation,MultiClass,135,1.2356644105616246
2,validation,MultiClass,136,1.2358327346246207
2,validation,MultiClass,137,1.2369568931981945
2,validation,MultiClass,138,1.2366087857064008
2,validation,MultiClass,139,1.2352507408629894
2,validation,MultiClass,140,1.2354486524044288
2,validation,MultiClass,141,1.2352048724249975
2,validation,MultiClass,142,1.2345783733676088
2,validation,MultiClass,143,1.2342274372640099
2,validation,MultiClass,144,1.233985150262361
2,validation,MultiClass,145,1.2338655161053094
2,validation,MultiClass,146,1.2343848216967248
2,validation,MultiClass,147,1.2340694931785874
2,validation,MultiClass,148,1.2338636833280638
2,validation,MultiClass,149,1.2337118262305946
2,validation,MultiClass,150,1.2337940698264702
2,validation,MultiClass,151,1.2327446206635837
2,validation,MultiClass,152,1.2324203278626313
2,validation,MultiClass,153,1.2323617741108666
2,validation,MultiClass,154,1.2325759626733717
2,validation,MultiClass,155,1.2325122896945826
2,validation,MultiClass,156,1.2320927925178256
2,validation,MultiClass,157,1.233182248521734
2,validation,MultiClass,158,1.232868584040227
2,validation,MultiClass,159,1.2337729187069069
2,validation,MultiClass,160,1.2334869864220175
2,validation,MultiClass,161,1.2331230047567643
2,validation,MultiClass,162,1.2332625558176276
2,validation,MultiClass,163,1.2333164500420541
2,validation,MultiClass,164,1.2334358602449194
2,validation,MultiClass,165,1.2327227559247984
2,validation,MultiClass,166,1.2318288404951228
2,validation,MultiClass,167,1.2306275545813519
2,validation,MultiClass,168,1.230581600718623
2,validation,MultiClass,169,1.2313695706094272
2,validation,MultiClass,170,1.230633041154371
2,validation,MultiClass,171,1.2311571176956413
2,validation,MultiClass,172,1.2314910758498614
2,validation,MultiClass,173,1.2310878870407427
2,validation,MultiClass,174,1.2303441725582613
2,validation,MultiClass,175,1.2296277716951376
2,validation,MultiClass,176,1.2289915767591058
2,validation,MultiClass,177,1.2288712623833808
2,validation,MultiClass,178,1.2283960394479572
2,validation,MultiClass,179,1.228372852716012
2,validation,MultiClass,180,1.228325690211187
2,validation,MultiClass,181,1.2290886683269417
2,validation,MultiClass,182,1.2282863382605482
2,validation,MultiClass,183,1.2290963604750518
2,validation,MultiClass,184,1.2293726825964262
2,validation,MultiClass,185,1.2291179152362721
2,validation,MultiClass,186,1.2274208442671077
2,validation,MultiClass,187,1.226356373984075
2,validation,MultiClass,188,1.2264304997702427
2,validation,MultiClass,189,1.2269607434486522
2,validation,MultiClass,190,1.22623346394832
2,validation,MultiClass,191,1.2262037881713852
2,validation,MultiClass,192,1.2263171723707298
2,validation,MultiClass,193,1.2262125492378688
2,validation,MultiClass,194,1.2256507226152826
2,validation,MultiClass,195,1.2276120151978713
2,validation,MultiClass,196,1.2269799051210712
2,validation,MultiClass,197,1.227642129407767
2,validation,MultiClass,198,1.2276678729879575
2,validation,MultiClass,199,1.2286183106444042
2,validation,MultiClass,200,1.228019050182166
2,validation,MultiClass,201,1.2274547507692481
2,validation,MultiClass,202,1.2267704499229701
2,validation,MultiClass,203,1.2266113727270758
2,validation,MultiClass,204,1.2260144849131853
2,validation,MultiClass,205,1.2256498056515395
2,validation,MultiClass,206,1.2251764301509644
2,validation,MultiClass,207,1.2251482363677118
2,validation,MultiClass,208,1.2246665769234535
2,validation,MultiClass,209,1.2240841498645707
2,validation,MultiClass,210,1.2239794704697233
2,validation,MultiClass,211,1.2239145808880922
2,validation,MultiClass,212,1.2232702228832817
2,validation,MultiClass,213,1.2233672474745743
2,validation,MultiClass,214,1.2242179723591418
2,validation,MultiClass,215,1.2250743507947863
2,validation,MultiClass,216,1.2251002460194846
2,validation,MultiClass,217,1.2255985551875486
2,validation,MultiClass,218,1.2254169334463973
2,validation,MultiClass,219,1.2257924722310405
2,validation,MultiClass,220,1.2245230622416188
2,validation,MultiClass,221,1.2250102765198225
2,validation,MultiClass,222,1.2250790115847277
2,validation,MultiClass,223,1.2238101410903515
2,validation,MultiClass,224,1.2240922491668835
2,validation,MultiClass,225,1.2239812732233313
2,validation,MultiClass,226,1.2245549507659619
2,validation,MultiClass,227,1.2234825436665444
2,validation,MultiClass,228,1.2231916015840416
2,validation,MultiClass,229,1.2233288919776335
2,validation,MultiClass,230,1.223247621284451
2,validation,MultiClass,231,1.2235727661432743
2,validation,MultiClass,232,1.2243900584805094
2,validation,MultiClass,233,1.2235230304856377
2,validation,MultiClass,234,1.2241251430967954
2,validation,MultiClass,235,1.224399602897411
2,validation,MultiClass,236,1.2239539548875282
2,validation,MultiClass,237,1.2231715309752667
2,validation,MultiClass,238,1.223619760512775
2,validation,MultiClass,239,1.222895855146303
2,validation,MultiClass,240,1.2231290304164006
2,validation,MultiClass,241,1.222147887494217
2,validation,MultiClass,242,1.2222435450883036
2,validation,MultiClass,243,1.2221934349460055
2,validation,MultiClass,244,1.2222664277232496
2,validation,MultiClass,245,1.222557595879339
2,validation,MultiClass,246,1.2222105926565023
2,validation,MultiClass,247,1.222891257152501
