split,metric,iteration,mean,std
learn,MultiClass,1,1.3631166632352323,0.0060164773116487755
learn,MultiClass,2,1.3446745584329276,0.005310721911715363
learn,MultiClass,3,1.323038536688674,0.006907394748430341
learn,MultiClass,4,1.3075762663789283,0.003163585837641666
learn,MultiClass,5,1.2913560304015959,0.0014605957390207305
learn,MultiClass,6,1.274180492771613,0.004594287615505226
learn,MultiClass,7,1.260115145108506,0.003352533129476757
learn,MultiClass,8,1.2443089071438989,0.0004704704943048764
learn,MultiClass,9,1.2316752550689007,3.735305310329735e-05
learn,MultiClass,10,1.2184834615700422,0.002247914180817877
learn,MultiClass,11,1.2071805459073912,0.0021564029650447815
learn,MultiClass,12,1.1961135976775121,0.0030836321827075784
learn,MultiClass,13,1.1860173790664568,0.0022493263060506326
learn,MultiClass,14,1.1751619503315105,0.0028671083268509323
learn,MultiClass,15,1.1655008132720792,0.003692003563137499
learn,MultiClass,16,1.155802973471709,0.0043482873794388945
learn,MultiClass,17,1.1474214473054478,0.00511989609253426
learn,MultiClass,18,1.1378081385454633,0.005818634710400764
learn,MultiClass,19,1.1303761517156001,0.007247806662673171
learn,MultiClass,20,1.12254110938016,0.007464114464275471
learn,MultiClass,21,1.1145472004572365,0.006840659961152984
learn,MultiClass,22,1.106234742170598,0.005680475794465082
learn,MultiClass,23,1.0978528709111963,0.0065022261809684545
learn,MultiClass,24,1.09185820899962,0.005997757694365121
learn,MultiClass,25,1.0833358438358331,0.0013847355238564853
learn,MultiClass,26,1.0765101572844196,1.0940403642598653e-05
learn,MultiClass,27,1.0716540764068099,0.002314885988747933
learn,MultiClass,28,1.0656000068868603,0.00045553043210802427
learn,MultiClass,29,1.0591124447369826,0.0006426935587075716
learn,MultiClass,30,1.05313305977201,0.0009061930384228085
learn,MultiClass,31,1.0474721310610664,0.0018516648365675945
learn,MultiClass,32,1.0433042854493142,0.003988937267051698
learn,MultiClass,33,1.0364146007194195,0.0037693056559579756
learn,MultiClass,34,1.0315263313860001,0.004919955671089305
learn,MultiClass,35,1.0269546994555234,0.005380969889256825
learn,MultiClass,36,1.0224322952998808,0.006835018876885136
learn,MultiClass,37,1.016759326936254,0.006947035049484984
learn,MultiClass,38,1.0140143013762994,0.005149166814986504
learn,MultiClass,39,1.0103174338365593,0.0067227131245267404
learn,MultiClass,40,1.0051365575153142,0.006724865203917323
learn,MultiClass,41,1.0005195751082185,0.008981168923477443
learn,MultiClass,42,0.9951082817751888,0.007787343155383554
learn,MultiClass,43,0.9895850522291725,0.006677356397488414
learn,MultiClass,44,0.9845024299389766,0.006453238705965991
learn,MultiClass,45,0.9797051902473104,0.005220163662781417
learn,MultiClass,46,0.9767525438346102,0.007718689314292272
learn,MultiClass,47,0.9715736001402587,0.004473880795614741
learn,MultiClass,48,0.9675146221664193,0.005145708819219724
learn,MultiClass,49,0.9630617931169999,0.0026111292453541803
learn,MultiClass,50,0.9581721714666163,0.0021630335240628794
learn,MultiClass,51,0.9544255242191721,0.0032254076309215047
learn,MultiClass,52,0.9497712427844939,0.00492433376554539
learn,MultiClass,53,0.9469703614451067,0.005853893639083383
learn,MultiClass,54,0.9431113210608086,0.005962576013540472
learn,MultiClass,55,0.939697715871154,0.007433484536295921
learn,MultiClass,56,0.9352736354614464,0.004591158993439094
learn,MultiClass,57,0.9302471285527896,0.0024718585397212906
learn,MultiClass,58,0.9252598208696121,0.0010604745428577647
learn,MultiClass,59,0.9218860897522669,0.002065460377841599
learn,MultiClass,60,0.9182759172286838,0.0019118221793565575
learn,MultiClass,61,0.9146888506527926,0.0035845814755174395
learn,MultiClass,62,0.9103631399161258,0.004071750897527407
learn,MultiClass,63,0.9066359491649625,0.004048497176699214
learn,MultiClass,64,0.9040010724113384,0.004087802266377302
learn,MultiClass,65,0.9004398757960057,0.005131092257560422
learn,MultiClass,66,0.8978478169601163,0.0049720194002798946
learn,MultiClass,67,0.8953682048903687,0.005195814148808995
learn,MultiClass,68,0.8929934788888103,0.0062352368762579385
learn,MultiClass,69,0.8897262983750124,0.007366641320437512
learn,MultiClass,70,0.8862399755335948,0.00576754426229647
learn,MultiClass,71,0.8839218133143285,0.007618536772686217
learn,MultiClass,72,0.8795659479755744,0.006555809007247663
learn,MultiClass,73,0.8767058616734341,0.007450410471192952
learn,MultiClass,74,0.8731781203041549,0.007880561853434883
learn,MultiClass,75,0.8711484926561197,0.006847452368033881
learn,MultiClass,76,0.8671962532077873,0.007764716418510362
learn,MultiClass,77,0.8629611751241568,0.00791532851322502
learn,MultiClass,78,0.860246133030621,0.007048928673938558
learn,MultiClass,79,0.8571936980363035,0.008488215639880253
learn,MultiClass,80,0.8553240118090035,0.008742928946514631
learn,MultiClass,81,0.8529893595336985,0.009043020526361719
learn,MultiClass,82,0.8500173257892456,0.010076611180780078
learn,MultiClass,83,0.8467246811410836,0.010804561164634794
learn,MultiClass,84,0.8426147329074309,0.010377658363921492
learn,MultiClass,85,0.8397528519285252,0.011449687234625416
learn,MultiClass,86,0.8367670944662171,0.012680824979535512
learn,MultiClass,87,0.833632444343148,0.012375512312926802
learn,MultiClass,88,0.8303800285899599,0.01182645370691365
learn,MultiClass,89,0.8276866831727101,0.012352277420980117
learn,MultiClass,90,0.8243458130754839,0.011784574358619522
learn,MultiClass,91,0.8224426099285282,0.011876371011865568
learn,MultiClass,92,0.8193955666696255,0.01250185058672827
learn,MultiClass,93,0.8176309983221045,0.012995391045654147
learn,MultiClass,94,0.8155069940171393,0.014145793988370044
learn,MultiClass,95,0.8122380636102582,0.015155767572665686
learn,MultiClass,96,0.8088125571460987,0.013611976880570706
learn,MultiClass,97,0.8062892200508609,0.01403671861621248
learn,MultiClass,98,0.8037902341582382,0.013173271553149657
learn,MultiClass,99,0.8009744652273632,0.012165237249375327
learn,MultiClass,100,0.7992459843719224,0.012765760268253499
learn,MultiClass,101,0.7976169075569403,0.013097557498877152
learn,MultiClass,102,0.7952589152634019,0.012819865831761566
learn,MultiClass,103,0.7930594866897144,0.013686941487774098
learn,MultiClass,104,0.7912033883953911,0.014553927443040016
learn,MultiClass,105,0.7897973188152365,0.014680170134073113
learn,MultiClass,106,0.787564503246456,0.013616565096586609
learn,MultiClass,107,0.7847122084914138,0.012659076379409526
learn,MultiClass,108,0.7833366300393215,0.013372742996803242
learn,MultiClass,109,0.7806513863048397,0.012441871408440374
learn,MultiClass,110,0.7792575591934396,0.012488671376302826
learn,MultiClass,111,0.7770586754307988,0.011518111883185566
learn,MultiClass,112,0.7746953386776776,0.01077920748519519
learn,MultiClass,113,0.7723450412101991,0.00932159988310654
learn,MultiClass,114,0.7707266912112107,0.008658552675813072
learn,MultiClass,115,0.7680950794722778,0.008524329742834577
learn,MultiClass,116,0.7666333720313334,0.008452247004270386
learn,MultiClass,117,0.764547489693399,0.008796626149995808
learn,MultiClass,118,0.7627161947473771,0.008388876808959984
learn,MultiClass,119,0.7614465399497048,0.008788509312782388
learn,MultiClass,120,0.7600053095598149,0.008590621052009622
learn,MultiClass,121,0.7581962509278225,0.00874081212366404
learn,MultiClass,122,0.7556279964610102,0.008860031757333164
learn,MultiClass,123,0.7543633955275054,0.008384718812751617
learn,MultiClass,124,0.7529278367417166,0.008939119646729263
learn,MultiClass,125,0.7513446329231365,0.007615674860219738
learn,MultiClass,126,0.7499641203094046,0.008087810886882322
learn,MultiClass,127,0.7480372555150815,0.009522636471049227
learn,MultiClass,128,0.7464702824597573,0.008939698627189243
learn,MultiClass,129,0.7446918842534143,0.008242460672618851
learn,MultiClass,130,0.7436243531114068,0.008917847465018846
learn,MultiClass,131,0.7415504256670338,0.00781181736909066
learn,MultiClass,132,0.7406118058037366,0.008228449019191864
learn,MultiClass,133,0.7392497818504975,0.008649897150663104
learn,MultiClass,134,0.7380176173612125,0.009609545834652252
learn,MultiClass,135,0.7362232481349322,0.008703603095858764
learn,MultiClass,136,0.7338784462338097,0.007298032592879338
learn,MultiClass,137,0.7323420422482074,0.007660537015739107
learn,MultiClass,138,0.7312670083619405,0.00829789419426117
learn,MultiClass,139,0.7299163193174557,0.009103302691486114
learn,MultiClass,140,0.7289160049856555,0.009472133310075743
learn,MultiClass,141,0.7271818457744084,0.008077917143846631
learn,MultiClass,142,0.7263453224933545,0.008575517031022915
learn,MultiClass,143,0.725331772119469,0.00837463631115593
learn,MultiClass,144,0.7239388567012274,0.009223318722795979
learn,MultiClass,145,0.7225635058407354,0.00872745162237963
learn,MultiClass,146,0.7215829788350459,0.00885141277638129
learn,MultiClass,147,0.7193309813292368,0.008019730896569564
learn,MultiClass,148,0.7175587028674593,0.007812329734698098
learn,MultiClass,149,0.7164608807554411,0.007421003677567784
learn,MultiClass,150,0.7141614889094103,0.007279043789119047
learn,MultiClass,151,0.7135041155164001,0.007357349734448968
learn,MultiClass,152,0.711617209407276,0.005869179738769616
learn,MultiClass,153,0.7106858583047859,0.006193809656127047
learn,MultiClass,154,0.7092094687455253,0.0052087410268632514
learn,MultiClass,155,0.70753198675001,0.0034702512419901494
learn,MultiClass,156,0.7070199284485459,0.0036426312386177487
learn,MultiClass,157,0.7059950202454415,0.0034554415001002954
learn,MultiClass,158,0.7052662189091996,0.003810764284711263
learn,MultiClass,159,0.7036355959846645,0.00293066917506791
learn,MultiClass,160,0.7024376776700971,0.0026245124950338293
learn,MultiClass,161,0.7009904439201717,0.0023685889732269175
learn,MultiClass,162,0.6999714881426327,0.0022693096679362455
learn,MultiClass,163,0.698421455841141,0.0014519025032354738
learn,MultiClass,164,0.697141334046693,0.0004161954852317574
learn,MultiClass,165,0.6958507637605286,7.610044776380148e-05
learn,MultiClass,166,0.6945509106216807,0.0005185079244425594
learn,MultiClass,167,0.6940173274599183,0.0005293089011053801
learn,MultiClass,168,0.6918112761077985,0.0004665748899503806
learn,MultiClass,169,0.6912428856175814,0.000668058970635637
learn,MultiClass,170,0.689328238705159,0.0011646135811228945
learn,MultiClass,171,0.6884033259345921,0.0018425545634779528
learn,MultiClass,172,0.6876684203038812,0.001652685382481077
learn,MultiClass,173,0.6859284256399454,0.0027111294219543604
learn,MultiClass,174,0.6854485477915115,0.0026228976142402935
learn,MultiClass,175,0.6843926513443856,0.003490019860767946
learn,MultiClass,176,0.6835209564461302,0.004017053486012084
learn,MultiClass,177,0.6821112508941662,0.004723847645927425
learn,MultiClass,178,0.6803714137933605,0.004740522438155501
learn,MultiClass,179,0.6794280710880531,0.0049079202280842395
learn,MultiClass,180,0.6783775743446975,0.0040158487918354226
learn,MultiClass,181,0.6775705711909261,0.004241311851700115
learn,MultiClass,182,0.6767567908651198,0.0037514830986290076
learn,MultiClass,183,0.6756416770424531,0.0031615088816349243
learn,MultiClass,184,0.6738716093024921,0.0022053436661632238
learn,MultiClass,185,0.672995425978758,0.00255341820081637
learn,MultiClass,186,0.6722455457621936,0.002882218699797253
learn,MultiClass,187,0.6715815943176378,0.0027343790192988935
learn,MultiClass,188,0.6698867046784751,0.0017995930969702178
learn,MultiClass,189,0.6678496475074072,0.0016326372530238995
learn,MultiClass,190,0.6665756912419073,0.0006095959355301163
learn,MultiClass,191,0.6650666399731571,0.00010104521665813912
learn,MultiClass,192,0.6641203483653964,0.00021914438850556398
learn,MultiClass,193,0.6635253695331618,0.0001813186741687684
learn,MultiClass,194,0.6628932502312699,0.00042654253580429825
learn,MultiClass,195,0.6618568009246746,0.0008053934942130104
learn,MultiClass,196,0.6610017013522171,6.966888596395736e-05
learn,MultiClass,197,0.6598785860781149,0.0008190980879230949
learn,MultiClass,198,0.658189772834467,0.0005927198352681404
learn,MultiClass,199,0.6567746985948542,3.9310094099568145e-05
learn,MultiClass,200,0.6557523339575573,0.0008057166560134364
learn,MultiClass,201,0.6548080246098739,0.0015621387160141208
learn,MultiClass,202,0.6543394886541454,0.0015152791254214302
learn,MultiClass,203,0.6531510224633528,0.0009493256546708498
learn,MultiClass,204,0.6525410316440068,0.001221307444343909
learn,MultiClass,205,0.6513881997774547,0.0007621502697034929
learn,MultiClass,206,0.6506312453426768,0.0011667363238887557
learn,MultiClass,207,0.6487957493767926,0.001457621513643079
learn,MultiClass,208,0.6478398232891562,0.0004722296098200763
learn,MultiClass,209,0.6460918646026895,0.00043724611779050236
learn,MultiClass,210,0.6444623644790153,0.00039300215649268956
learn,MultiClass,211,0.6434385056959709,0.000397523382214286
learn,MultiClass,212,0.6427752860067908,0.0006246226908418369
learn,MultiClass,213,0.6414928199316163,0.0009645576354030421
learn,MultiClass,214,0.6403387215264177,0.0013722967853055414
learn,MultiClass,215,0.6395561456175676,0.001404106810450997
learn,MultiClass,216,0.6382650476531864,0.0025255711483946845
learn,MultiClass,217,0.6368004716383482,0.0027659689282369714
learn,MultiClass,218,0.635445965228415,0.0028805992765869666
learn,MultiClass,219,0.6346479270755696,0.003215603954767275
learn,MultiClass,220,0.6335125383933499,0.002950103730802942
learn,MultiClass,221,0.6319360959565464,0.0029416907187994217
learn,MultiClass,222,0.6310217616109317,0.002409073220297093
learn,MultiClass,223,0.6298117282985076,0.0018509758912224536
learn,MultiClass,224,0.6291498649640425,0.0015570919671700732
learn,MultiClass,225,0.6284431029269704,0.0016979128029720016
learn,MultiClass,226,0.6272232737146153,0.0008480182223812684
learn,MultiClass,227,0.6268979230513426,0.0009466968563211325
learn,MultiClass,228,0.6262423815612778,0.0009028138509147466
learn,MultiClass,229,0.6259153814899251,0.0009661001861140263
learn,MultiClass,230,0.6249172344524221,0.00045715493143943685
learn,MultiClass,231,0.6238725909234524,0.0005891490549135699
learn,MultiClass,232,0.6225812889188869,0.0013958078131801773
learn,MultiClass,233,0.6214165706838002,0.0017856869187721257
learn,MultiClass,234,0.6209732166498934,0.0018060171985028286
learn,MultiClass,235,0.6195287973527337,0.0011850800372803
learn,MultiClass,236,0.6190015188883309,0.0013727302444816005
learn,MultiClass,237,0.6183589583044533,0.001810318132076215
learn,MultiClass,238,0.6170592247518777,0.001298501552323453
learn,MultiClass,239,0.616708374260706,0.0010421301622116634
learn,MultiClass,240,0.6154598045670341,0.0010935854379709566
learn,MultiClass,241,0.6151609984657014,0.0010320610735345154
learn,MultiClass,242,0.6147094378938571,0.001350992146896918
learn,MultiClass,243,0.613687996022365,0.0010198555481207262
learn,MultiClass,244,0.6128003134807924,0.0012859625327069613
learn,MultiClass,245,0.6116338834660409,0.0012665294000593788
learn,MultiClass,246,0.6105521127730074,0.0009231316053678098
learn,MultiClass,247,0.6100911941962133,0.0006196267556864888
learn,MultiClass,248,0.6087511055832512,
learn,MultiClass,249,0.6083029024635846,
learn,MultiClass,250,0.6080277335203678,
learn,MultiClass,251,0.6069674003350383,
learn,MultiClass,252,0.6055566202219289,
learn,MultiClass,253,0.6049533419825264,
learn,MultiClass,254,0.6039904484254262,
learn,MultiClass,255,0.6026046524820641,
learn,MultiClass,256,0.6012632849812763,
learn,MultiClass,257,0.6004253237911614,
learn,MultiClass,258,0.6001357672093532,
learn,MultiClass,259,0.5993666258646559,
learn,MultiClass,260,0.5990705819621186,
learn,MultiClass,261,0.598863030444965,
learn,MultiClass,262,0.5981390091420727,
learn,MultiClass,263,0.5973368948312757,
learn,MultiClass,264,0.5959842409611795,
learn,MultiClass,265,0.5950947675857758,
learn,MultiClass,266,0.594363685153868,
learn,MultiClass,267,0.5936367407563582,
learn,MultiClass,268,0.5925322326663546,
learn,MultiClass,269,0.5913098688442403,
learn,MultiClass,270,0.5902447225932009,
learn,MultiClass,271,0.5901368307151409,
learn,MultiClass,272,0.5897753965136405,
learn,MultiClass,273,0.5883945909426954,
learn,MultiClass,274,0.5869332845665788,
learn,MultiClass,275,0.5861852890405927,
learn,MultiClass,276,0.5857328522234063,
learn,MultiClass,277,0.5846909719871145,
learn,MultiClass,278,0.5835575946044149,
learn,MultiClass,279,0.5826333893969168,
learn,MultiClass,280,0.582083310119957,
learn,MultiClass,281,0.5808988873681015,
learn,MultiClass,282,0.5797720039360227,
learn,MultiClass,283,0.5795692905075398,
learn,MultiClass,284,0.5781114172310166,
learn,MultiClass,285,0.5774690820379039,
learn,MultiClass,286,0.5764014529707269,
learn,MultiClass,287,0.5752532413369169,
learn,MultiClass,288,0.5746324131676953,
learn,MultiClass,289,0.5744842297521334,
learn,MultiClass,290,0.5741146425607265,
learn,MultiClass,291,0.5731821750726823,
learn,MultiClass,292,0.5728607341542389,
learn,MultiClass,293,0.5722740100609552,
learn,MultiClass,294,0.5714654188801885,
learn,MultiClass,295,0.5706646316264908,
learn,MultiClass,296,0.569955118512632,
learn,MultiClass,297,0.5693627318109149,
learn,MultiClass,298,0.5692255451145047,
learn,MultiClass,299,0.568220208133058,
learn,MultiClass,300,0.5680922979319678,
learn,MultiClass,301,0.5672401106639793,
learn,MultiClass,302,0.567137324564167,
learn,MultiClass,303,0.5665863592125356,
learn,MultiClass,304,0.5658752155509681,
learn,MultiClass,305,0.5656935039635383,
learn,MultiClass,306,0.5647903869506783,
learn,MultiClass,307,0.564024703339709,
learn,MultiClass,308,0.563762174787818,
learn,MultiClass,309,0.5626505566098179,
learn,MultiClass,310,0.5616827976929484,
learn,MultiClass,311,0.5607913823409141,
learn,MultiClass,312,0.5604080923193541,
learn,MultiClass,313,0.5602758785457347,
learn,MultiClass,314,0.5592792194385747,
learn,MultiClass,315,0.5585314016307232,
learn,MultiClass,316,0.5583837533793354,
learn,MultiClass,317,0.5573493280233397,
learn,MultiClass,318,0.5571510709139097,
learn,MultiClass,319,0.5560753935761493,
learn,MultiClass,320,0.5550807835441841,
learn,MultiClass,321,0.5544608255935434,
learn,MultiClass,322,0.5543423627359194,
learn,MultiClass,323,0.5538008868953959,
learn,MultiClass,324,0.5536181259049924,
learn,MultiClass,325,0.5529472175614389,
learn,MultiClass,326,0.5518592348396938,
learn,MultiClass,327,0.5517606398921926,
learn,MultiClass,328,0.5516873891939388,
learn,MultiClass,329,0.5514623640033993,
learn,MultiClass,330,0.5506655011350388,
learn,MultiClass,331,0.5503964150304371,
learn,MultiClass,332,0.5500542387835886,
learn,MultiClass,333,0.5499818344919812,
learn,MultiClass,334,0.5491473733130354,
learn,MultiClass,335,0.5485869767200792,
learn,MultiClass,336,0.5479305229966669,
learn,MultiClass,337,0.5473375417948969,
learn,MultiClass,338,0.5466437991964802,
learn,MultiClass,339,0.5458988002377051,
learn,MultiClass,340,0.5453464691733666,
learn,MultiClass,341,0.5447461981935592,
learn,MultiClass,342,0.543930839270454,
learn,MultiClass,343,0.5437483019181569,
learn,MultiClass,344,0.5432301356243928,
learn,MultiClass,345,0.5428117107010294,
learn,MultiClass,346,0.5426249030244529,
learn,MultiClass,347,0.5425480086570587,
learn,MultiClass,348,0.5414803636695849,
learn,MultiClass,349,0.5412921282737712,
learn,MultiClass,350,0.5406740562329512,
learn,MultiClass,351,0.5402515332991847,
learn,MultiClass,352,0.5398600376259175,
learn,MultiClass,353,0.5393533851352723,
learn,MultiClass,354,0.5391091437775011,
learn,MultiClass,355,0.5384661236875978,
learn,MultiClass,356,0.537981580472544,
learn,MultiClass,357,0.5370651196012988,
learn,MultiClass,358,0.5364043271543645,
learn,MultiClass,359,0.5358171426025108,
learn,MultiClass,360,0.5355673312153411,
learn,MultiClass,361,0.5349266098769008,
learn,MultiClass,362,0.5342924208046695,
learn,MultiClass,363,0.5332088243465424,
learn,MultiClass,364,0.5330079780459442,
learn,MultiClass,365,0.5321687120121924,
learn,MultiClass,366,0.5316144729461224,
learn,MultiClass,367,0.5307141619163561,
learn,MultiClass,368,0.5304847530795742,
learn,MultiClass,369,0.5295799952365189,
learn,MultiClass,370,0.5294794594184753,
learn,MultiClass,371,0.5289245260255921,
learn,MultiClass,372,0.528533948926743,
learn,MultiClass,373,0.5281779900628957,
learn,MultiClass,374,0.5274435072005382,
learn,MultiClass,375,0.5269809987677581,
learn,MultiClass,376,0.5267868938945721,
learn,MultiClass,377,0.5262374475963861,
learn,MultiClass,378,0.5252889737536007,
learn,MultiClass,379,0.5251905664667037,
learn,MultiClass,380,0.5248024339247437,
learn,MultiClass,381,0.5242542733284714,
learn,MultiClass,382,0.5236658596241409,
learn,MultiClass,383,0.5234652519875042,
learn,MultiClass,384,0.5227775016838642,
learn,MultiClass,385,0.5223116053186609,
learn,MultiClass,386,0.5215277873686135,
learn,MultiClass,387,0.5213914226320945,
learn,MultiClass,388,0.5209128971765683,
learn,MultiClass,389,0.5198270034753429,
learn,MultiClass,390,0.5196159624398543,
learn,MultiClass,391,0.5186699418541586,
learn,MultiClass,392,0.5182399970061691,
learn,MultiClass,393,0.5182048259997479,
learn,MultiClass,394,0.518083434606387,
learn,MultiClass,395,0.5180055290807082,
learn,MultiClass,396,0.5177961805845225,
learn,MultiClass,397,0.5176895749474241,
learn,MultiClass,398,0.5176588499776543,
learn,MultiClass,399,0.5172200607532224,
learn,MultiClass,400,0.5163179095068282,
learn,MultiClass,401,0.5158906019171537,
learn,MultiClass,402,0.5152675312414883,
learn,MultiClass,403,0.5147434802025498,
learn,MultiClass,404,0.5142993178262956,
learn,MultiClass,405,0.5142591646435097,
learn,MultiClass,406,0.513673046607604,
learn,MultiClass,407,0.5129133530824118,
learn,MultiClass,408,0.5121314439796467,
learn,MultiClass,409,0.5115657517406285,
learn,MultiClass,410,0.5113264438209766,
learn,MultiClass,411,0.5104700661366124,
learn,MultiClass,412,0.5098926324529522,
learn,MultiClass,413,0.5098349070503481,
learn,MultiClass,414,0.5097660492791939,
learn,MultiClass,415,0.5097361450915231,
learn,MultiClass,416,0.5092611107195943,
learn,MultiClass,417,0.5089221465124253,
learn,MultiClass,418,0.5083925428601513,
learn,MultiClass,419,0.507451081603024,
learn,MultiClass,420,0.5065085427999323,
learn,MultiClass,421,0.5057210143796439,
learn,MultiClass,422,0.5053056826690849,
learn,MultiClass,423,0.5052670289681213,
learn,MultiClass,424,0.5051895611377673,
learn,MultiClass,425,0.5045816115528637,
learn,MultiClass,426,0.5043786323033187,
learn,MultiClass,427,0.5038521725036861,
learn,MultiClass,428,0.5036992961502833,
learn,MultiClass,429,0.503440634831586,
learn,MultiClass,430,0.5030041262379694,
learn,MultiClass,431,0.5025559679332235,
learn,MultiClass,432,0.5022951200502396,
learn,MultiClass,433,0.5021172493239033,
learn,MultiClass,434,0.5016535301939634,
learn,MultiClass,435,0.5014298764843329,
learn,MultiClass,436,0.5007554267551612,
learn,MultiClass,437,0.5005714366220024,
learn,MultiClass,438,0.4997212656005102,
learn,MultiClass,439,0.499588874263122,
learn,MultiClass,440,0.49901537231928816,
learn,MultiClass,441,0.49849712808637575,
learn,MultiClass,442,0.49779926696271304,
learn,MultiClass,443,0.49734129101436014,
learn,MultiClass,444,0.49716103829092095,
learn,MultiClass,445,0.4964021656096792,
learn,MultiClass,446,0.4960067353626529,
learn,MultiClass,447,0.4959147789564644,
learn,MultiClass,448,0.49542119319924266,
learn,MultiClass,449,0.4951962379048345,
learn,MultiClass,450,0.4951598118576297,
learn,MultiClass,451,0.4948059346692236,
learn,MultiClass,452,0.49383172729117664,
learn,MultiClass,453,0.49352483299610866,
learn,MultiClass,454,0.49323169095073083,
learn,MultiClass,455,0.49302550609072754,
learn,MultiClass,456,0.49247760031393956,
learn,MultiClass,457,0.49218955395866204,
learn,MultiClass,458,0.49187059891470336,
learn,MultiClass,459,0.4915730718884472,
learn,MultiClass,460,0.49145960906442815,
learn,MultiClass,461,0.49122843369942043,
learn,MultiClass,462,0.4904905153879077,
learn,MultiClass,463,0.48995858320160923,
learn,MultiClass,464,0.4893491206979542,
learn,MultiClass,465,0.4890608597097249,
learn,MultiClass,466,0.4890336098830039,
learn,MultiClass,467,0.48884565205789776,
learn,MultiClass,468,0.48815393060873136,
learn,MultiClass,469,0.4876641744761423,
learn,MultiClass,470,0.48749006061837735,
learn,TotalF1:average=Macro,1,0.5859667217860549,0.029553580796289784
learn,TotalF1:average=Macro,2,0.5728997367637922,0.023109001894959923
learn,TotalF1:average=Macro,3,0.5698282543488098,0.0011899512004522965
learn,TotalF1:average=Macro,4,0.5772697740504644,0.0124691869097871
learn,TotalF1:average=Macro,5,0.5852890492011977,0.007461833122963243
learn,TotalF1:average=Macro,6,0.5751359384799513,0.015119954812765506
learn,TotalF1:average=Macro,7,0.5669274862830276,0.010945501441537749
learn,TotalF1:average=Macro,8,0.5587655161010474,0.017156625383221456
learn,TotalF1:average=Macro,9,0.5720311543484968,0.005961294345975391
learn,TotalF1:average=Macro,10,0.5710199684605031,0.003838927584458424
learn,TotalF1:average=Macro,11,0.5601027791948683,0.0005226986463737987
learn,TotalF1:average=Macro,12,0.5607587146005377,0.0003363875487267183
learn,TotalF1:average=Macro,13,0.5623344811237778,0.003355423167958883
learn,TotalF1:average=Macro,14,0.5773512080255148,0.006627047807387247
learn,TotalF1:average=Macro,15,0.583354332176872,0.007854955845551362
learn,TotalF1:average=Macro,16,0.5824243426366059,0.010918137403015647
learn,TotalF1:average=Macro,17,0.586358389249823,0.007647641164342729
learn,TotalF1:average=Macro,18,0.5919693271972845,0.010788824582924584
learn,TotalF1:average=Macro,19,0.5909892719538089,0.01848900791040481
learn,TotalF1:average=Macro,20,0.5974088309172572,0.0167259355948018
learn,TotalF1:average=Macro,21,0.6001819209620877,0.01725234499519416
learn,TotalF1:average=Macro,22,0.600599892713607,0.010800832474326207
learn,TotalF1:average=Macro,23,0.6031315932361496,0.006914052434743503
learn,TotalF1:average=Macro,24,0.6046469022041311,0.005165823450018628
learn,TotalF1:average=Macro,25,0.612020896933801,0.0011005909245814232
learn,TotalF1:average=Macro,26,0.6137578076963023,0.006551432391129835
learn,TotalF1:average=Macro,27,0.6205585502890971,0.009448574849875735
learn,TotalF1:average=Macro,28,0.6226774234242711,0.00926688528900221
learn,TotalF1:average=Macro,29,0.6241549257861636,0.006687361103266728
learn,TotalF1:average=Macro,30,0.6240495254336192,0.010119300616362552
learn,TotalF1:average=Macro,31,0.6256806546101458,0.01186800093680495
learn,TotalF1:average=Macro,32,0.6315432199619968,0.016614999512005773
learn,TotalF1:average=Macro,33,0.636461015350199,0.023422124086969417
learn,TotalF1:average=Macro,34,0.6371825481606803,0.02592753699016261
learn,TotalF1:average=Macro,35,0.6374504862207456,0.021919741109529847
learn,TotalF1:average=Macro,36,0.6388988770229531,0.020464948920579873
learn,TotalF1:average=Macro,37,0.6376893871670946,0.020025121179190104
learn,TotalF1:average=Macro,38,0.6367792222826021,0.022170806093751567
learn,TotalF1:average=Macro,39,0.6392744765418259,0.025696378537479473
learn,TotalF1:average=Macro,40,0.6367744188274753,0.02022596243676346
learn,TotalF1:average=Macro,41,0.637770255123583,0.02013910421648883
learn,TotalF1:average=Macro,42,0.6414796504127618,0.023959744355720212
learn,TotalF1:average=Macro,43,0.6428616223984691,0.025958758053864724
learn,TotalF1:average=Macro,44,0.6468992164854276,0.02963344044360401
learn,TotalF1:average=Macro,45,0.6457574181381018,0.03138323715886063
learn,TotalF1:average=Macro,46,0.6466365410907182,0.030675177437173386
learn,TotalF1:average=Macro,47,0.6496721613557428,0.02957968095531139
learn,TotalF1:average=Macro,48,0.6457742452017559,0.020631196628529712
learn,TotalF1:average=Macro,49,0.6469991478699035,0.0196554042636175
learn,TotalF1:average=Macro,50,0.6464328313581842,0.018778553808820944
learn,TotalF1:average=Macro,51,0.6485025303401348,0.023060807965658865
learn,TotalF1:average=Macro,52,0.6503668713106714,0.021780418145888564
learn,TotalF1:average=Macro,53,0.6522994102055187,0.023042676553319034
learn,TotalF1:average=Macro,54,0.6573286455402418,0.026756209789130177
learn,TotalF1:average=Macro,55,0.659327716858291,0.028060472909044145
learn,TotalF1:average=Macro,56,0.6602620742935732,0.031310268020223665
learn,TotalF1:average=Macro,57,0.6630763022018695,0.034072137803535324
learn,TotalF1:average=Macro,58,0.658215273029751,0.03221583055265607
learn,TotalF1:average=Macro,59,0.6595380129118695,0.027290292967842994
learn,TotalF1:average=Macro,60,0.6578563520415772,0.028809219131634586
learn,TotalF1:average=Macro,61,0.658487709374106,0.03013459875499218
learn,TotalF1:average=Macro,62,0.6635737493510674,0.0340871215558796
learn,TotalF1:average=Macro,63,0.6614819451543751,0.032404902101095624
learn,TotalF1:average=Macro,64,0.66045779216932,0.027557366407102428
learn,TotalF1:average=Macro,65,0.6625635497706917,0.028377693230422347
learn,TotalF1:average=Macro,66,0.6630609413339565,0.027679362840985003
learn,TotalF1:average=Macro,67,0.6665328899713377,0.02966220118718491
learn,TotalF1:average=Macro,68,0.6703304262078171,0.03308083380958791
learn,TotalF1:average=Macro,69,0.670736699518236,0.03283695514588879
learn,TotalF1:average=Macro,70,0.6704553396727215,0.030881155533647835
learn,TotalF1:average=Macro,71,0.6707177606684074,0.03280420901235753
learn,TotalF1:average=Macro,72,0.6723450049023227,0.030481030074864992
learn,TotalF1:average=Macro,73,0.6781230779459418,0.03416265238209849
learn,TotalF1:average=Macro,74,0.6800081297342491,0.0334848725335979
learn,TotalF1:average=Macro,75,0.6788639461801784,0.0369751585451712
learn,TotalF1:average=Macro,76,0.6845004634831282,0.03195750768556076
learn,TotalF1:average=Macro,77,0.685861035727929,0.03531776306327349
learn,TotalF1:average=Macro,78,0.6878140008666955,0.03624189306643511
learn,TotalF1:average=Macro,79,0.6895981273682616,0.03671780676662526
learn,TotalF1:average=Macro,80,0.6883149040941474,0.03708420623805569
learn,TotalF1:average=Macro,81,0.688437084995519,0.03279922524899733
learn,TotalF1:average=Macro,82,0.6894530291929901,0.0323754124062495
learn,TotalF1:average=Macro,83,0.692430327017087,0.02997077066463266
learn,TotalF1:average=Macro,84,0.6963385632916914,0.028226159411918406
learn,TotalF1:average=Macro,85,0.6986418410818015,0.02765816585720724
learn,TotalF1:average=Macro,86,0.6998470984798316,0.027448614839537647
learn,TotalF1:average=Macro,87,0.7030407181609496,0.026692181072659853
learn,TotalF1:average=Macro,88,0.7059617036393282,0.022077792220072345
learn,TotalF1:average=Macro,89,0.7066385770834219,0.021580992228176932
learn,TotalF1:average=Macro,90,0.7071138040597822,0.020357795953604634
learn,TotalF1:average=Macro,91,0.7092514889751178,0.021029344261331673
learn,TotalF1:average=Macro,92,0.7118779799345962,0.021373626429896795
learn,TotalF1:average=Macro,93,0.7110280352438529,0.023534345966237442
learn,TotalF1:average=Macro,94,0.7150896283310753,0.02737235779775985
learn,TotalF1:average=Macro,95,0.7141974617689684,0.02130080008418161
learn,TotalF1:average=Macro,96,0.7162814645029678,0.021045407404710902
learn,TotalF1:average=Macro,97,0.719692355974849,0.017857009757651136
learn,TotalF1:average=Macro,98,0.7189360196344712,0.018248959863407504
learn,TotalF1:average=Macro,99,0.7238329363290453,0.013182915152120434
learn,TotalF1:average=Macro,100,0.7238389819018906,0.015063210166905861
learn,TotalF1:average=Macro,101,0.7237186772215669,0.014893073656375162
learn,TotalF1:average=Macro,102,0.7275029591594546,0.010920451866582545
learn,TotalF1:average=Macro,103,0.7268775792099116,0.013741303791251326
learn,TotalF1:average=Macro,104,0.7281895173352915,0.0089170537067712
learn,TotalF1:average=Macro,105,0.7276438472376633,0.009658733273622702
learn,TotalF1:average=Macro,106,0.7313954961120581,0.009802762095766951
learn,TotalF1:average=Macro,107,0.7336507484353435,0.01005700809703814
learn,TotalF1:average=Macro,108,0.7341402669563719,0.008917095246844997
learn,TotalF1:average=Macro,109,0.7356125225673525,0.0050826158923721635
learn,TotalF1:average=Macro,110,0.7358647365829101,0.006554535270950744
learn,TotalF1:average=Macro,111,0.7360891804366654,0.0025525965587771676
learn,TotalF1:average=Macro,112,0.7368874407625186,0.005121087470394874
learn,TotalF1:average=Macro,113,0.7379317159435015,0.0018448268381921272
learn,TotalF1:average=Macro,114,0.7389780159211043,0.0018277278032671897
learn,TotalF1:average=Macro,115,0.7402739795025991,0.001840470989599365
learn,TotalF1:average=Macro,116,0.7422667080815957,0.004208725009281125
learn,TotalF1:average=Macro,117,0.745047817643447,0.0052852475172539175
learn,TotalF1:average=Macro,118,0.7439152673865236,0.00383824481915209
learn,TotalF1:average=Macro,119,0.745014728615402,0.005357785560843857
learn,TotalF1:average=Macro,120,0.7453733567690425,0.004442249526754097
learn,TotalF1:average=Macro,121,0.7484444704896206,0.007272134919540108
learn,TotalF1:average=Macro,122,0.7498628617279531,0.006791984553025771
learn,TotalF1:average=Macro,123,0.7500151496273968,0.008333665857187622
learn,TotalF1:average=Macro,124,0.7520517881137059,0.007206464923970833
learn,TotalF1:average=Macro,125,0.7521871640011573,0.0052619736721462645
learn,TotalF1:average=Macro,126,0.7538640843893549,0.0028904501161369335
learn,TotalF1:average=Macro,127,0.7557343649324421,0.005536250679246835
learn,TotalF1:average=Macro,128,0.7558203173597107,0.005666378348141783
learn,TotalF1:average=Macro,129,0.7569617435888273,0.000891915488787709
learn,TotalF1:average=Macro,130,0.7534728880047558,0.0023390780313938043
learn,TotalF1:average=Macro,131,0.7557174253229244,0.000571184833328816
learn,TotalF1:average=Macro,132,0.7560975265343823,0.00010429364899222556
learn,TotalF1:average=Macro,133,0.7569439410308376,0.000637087063969896
learn,TotalF1:average=Macro,134,0.7568719355588998,0.001199473394288879
learn,TotalF1:average=Macro,135,0.7574178301639479,0.0013272417045777694
learn,TotalF1:average=Macro,136,0.7580727180465678,0.000773053857290373
learn,TotalF1:average=Macro,137,0.759927518359823,0.0006878285993568806
learn,TotalF1:average=Macro,138,0.7611719886753314,0.0006825789913506402
learn,TotalF1:average=Macro,139,0.7606633935229234,0.0014433325355628212
learn,TotalF1:average=Macro,140,0.7618208882865382,0.001600261622137712
learn,TotalF1:average=Macro,141,0.7630593745601727,0.00015873305342553083
learn,TotalF1:average=Macro,142,0.7647473824238149,0.00045921677099855794
learn,TotalF1:average=Macro,143,0.7641205169212997,0.0003933298755077517
learn,TotalF1:average=Macro,144,0.7652745653305184,0.0017144569302244995
learn,TotalF1:average=Macro,145,0.7647662398680519,0.0009723376403251642
learn,TotalF1:average=Macro,146,0.7659153043488134,0.0011254796461596368
learn,TotalF1:average=Macro,147,0.7658200720416137,0.002757104338298598
learn,TotalF1:average=Macro,148,0.7663946840061513,0.002032396559649496
learn,TotalF1:average=Macro,149,0.7651194208876138,0.0019725938169106857
learn,TotalF1:average=Macro,150,0.7676143755705723,0.0016176945956158449
learn,TotalF1:average=Macro,151,0.7663894521345878,0.0033499979316539154
learn,TotalF1:average=Macro,152,0.7675284627125469,0.004960802138690436
learn,TotalF1:average=Macro,153,0.7681422897043291,0.004092719681961494
learn,TotalF1:average=Macro,154,0.7692593503815227,0.003983499876959796
learn,TotalF1:average=Macro,155,0.7698708428346515,0.003118718956456327
learn,TotalF1:average=Macro,156,0.7710279396039923,0.0029807892081348828
learn,TotalF1:average=Macro,157,0.7708916620888215,0.00282633046103127
learn,TotalF1:average=Macro,158,0.7722369274375034,0.0009692303838718417
learn,TotalF1:average=Macro,159,0.77120402521312,0.0012707167014348007
learn,TotalF1:average=Macro,160,0.7717343304993345,0.0005207517734722584
learn,TotalF1:average=Macro,161,0.7733291490766284,0.00036606111364149334
learn,TotalF1:average=Macro,162,0.7738600625706685,0.001116886177359902
learn,TotalF1:average=Macro,163,0.7744526276476751,0.001222777518568128
learn,TotalF1:average=Macro,164,0.7768241263227826,0.0013505227895670199
learn,TotalF1:average=Macro,165,0.7786356223850572,0.001211319509887134
learn,TotalF1:average=Macro,166,0.7768978042083695,0.001967108536134789
learn,TotalF1:average=Macro,167,0.7786425714875369,0.0027167847954836922
learn,TotalF1:average=Macro,168,0.7786543414304865,0.000517010226196108
learn,TotalF1:average=Macro,169,0.7796757568276382,0.0012283973161517933
learn,TotalF1:average=Macro,170,0.7814563659846308,0.00123394302510543
learn,TotalF1:average=Macro,171,0.7815885523875921,0.0029256934124924617
learn,TotalF1:average=Macro,172,0.7815795787753241,0.0012315334747564038
learn,TotalF1:average=Macro,173,0.7832480286712488,0.000370316837437066
learn,TotalF1:average=Macro,174,0.7838517266508027,0.0012240747076993827
learn,TotalF1:average=Macro,175,0.7838517266508027,0.0012240747076993827
learn,TotalF1:average=Macro,176,0.7844472208974489,0.0020662307476215563
learn,TotalF1:average=Macro,177,0.7855210202288263,0.0005476491699204196
learn,TotalF1:average=Macro,178,0.7855930889094873,0.00046580404152765886
learn,TotalF1:average=Macro,179,0.7849904969451574,0.00038638968700470085
learn,TotalF1:average=Macro,180,0.7863230168520173,0.0011659159426755225
learn,TotalF1:average=Macro,181,0.7868629095342454,0.001329993507786378
learn,TotalF1:average=Macro,182,0.7879981916947432,0.0002451260108905063
learn,TotalF1:average=Macro,183,0.786709673453061,0.00035315207145430777
learn,TotalF1:average=Macro,184,0.7879245329976121,0.0011106506951777876
learn,TotalF1:average=Macro,185,0.7879146814621323,0.0013509865977424965
learn,TotalF1:average=Macro,186,0.7889777932585966,0.002854453718621276
learn,TotalF1:average=Macro,187,0.7895817245342547,0.0019755571405495353
learn,TotalF1:average=Macro,188,0.7902235907278325,0.0013936159622705327
learn,TotalF1:average=Macro,189,0.789643378116291,0.000588943678228585
learn,TotalF1:average=Macro,190,0.7907625859516054,0.0010211913832383704
learn,TotalF1:average=Macro,191,0.7902530489946005,0.00030059730811165007
learn,TotalF1:average=Macro,192,0.789826595289982,0.0005939794930199934
learn,TotalF1:average=Macro,193,0.7898234398881868,0.0008879924111948888
learn,TotalF1:average=Macro,194,0.7898234398881868,0.0008879924111948888
learn,TotalF1:average=Macro,195,0.7903781167146976,0.00012415901546758884
learn,TotalF1:average=Macro,196,0.7919995890030772,0.0007733245669622206
learn,TotalF1:average=Macro,197,0.7909009115122971,0.0008635025085709485
learn,TotalF1:average=Macro,198,0.792956853709445,0.0008994433222844635
learn,TotalF1:average=Macro,199,0.7933956097379962,0.00322451151364829
learn,TotalF1:average=Macro,200,0.7923492136748972,0.0017446840095998663
learn,TotalF1:average=Macro,201,0.7928872280157974,0.002505551187252112
learn,TotalF1:average=Macro,202,0.7934999416155699,0.0016091905502230446
learn,TotalF1:average=Macro,203,0.7946229991218663,0.0014996050394088872
learn,TotalF1:average=Macro,204,0.7946391190597442,0.0001724249963392892
learn,TotalF1:average=Macro,205,0.7941421011670999,0.0005304644481801508
learn,TotalF1:average=Macro,206,0.795281660755082,0.00039411580138767394
learn,TotalF1:average=Macro,207,0.7946756200552942,0.0012511867783774845
learn,TotalF1:average=Macro,208,0.796380183134783,0.0011594294465558238
learn,TotalF1:average=Macro,209,0.7981422888449534,0.0013325643471022814
learn,TotalF1:average=Macro,210,0.7986832334293243,0.0020688414621666236
learn,TotalF1:average=Macro,211,0.7981918004723645,0.001267711812245872
learn,TotalF1:average=Macro,212,0.7993913258517127,0.0012636455523612228
learn,TotalF1:average=Macro,213,0.7998210401695621,0.0021547570306908147
learn,TotalF1:average=Macro,214,0.801519432167608,0.0013712141759395359
learn,TotalF1:average=Macro,215,0.8021497767631227,0.0011314337838372421
learn,TotalF1:average=Macro,216,0.8030721430819461,0.002476163986156203
learn,TotalF1:average=Macro,217,0.8031132740761402,0.002417995976332995
learn,TotalF1:average=Macro,218,0.8032226532524613,0.0025470139119486562
learn,TotalF1:average=Macro,219,0.8049007419787612,0.0018877975326943538
learn,TotalF1:average=Macro,220,0.8055560210311647,0.00433044788232987
learn,TotalF1:average=Macro,221,0.8055437913641539,0.002917154034032304
learn,TotalF1:average=Macro,222,0.8060801073138963,0.0021586887441895873
learn,TotalF1:average=Macro,223,0.8060981912295062,0.0021700179036833406
learn,TotalF1:average=Macro,224,0.8066217107989004,0.001429649428478303
learn,TotalF1:average=Macro,225,0.8072207455495481,0.0022768124971773137
learn,TotalF1:average=Macro,226,0.8062315496412368,0.005338307474533905
learn,TotalF1:average=Macro,227,0.807791586699663,0.0031320819087028735
learn,TotalF1:average=Macro,228,0.8068130967182782,0.006195023214849626
learn,TotalF1:average=Macro,229,0.8069023856165062,0.006321296785693033
learn,TotalF1:average=Macro,230,0.8095078833389142,0.004041587145446273
learn,TotalF1:average=Macro,231,0.8094401375615836,0.002458439008716904
learn,TotalF1:average=Macro,232,0.8106279202440478,0.002468491564618505
learn,TotalF1:average=Macro,233,0.8106279202440478,0.002468491564618505
learn,TotalF1:average=Macro,234,0.8100304747875926,0.0016235760973213249
learn,TotalF1:average=Macro,235,0.8106472089811734,0.0024957699582627193
learn,TotalF1:average=Macro,236,0.8106511901137432,0.0010130853224954175
learn,TotalF1:average=Macro,237,0.8101286044695556,0.0002740376169836982
learn,TotalF1:average=Macro,238,0.8101099597656433,0.0003115001075366094
learn,TotalF1:average=Macro,239,0.8107064334126595,0.0011550412287451859
learn,TotalF1:average=Macro,240,0.81174087338495,0.0026179602670191367
learn,TotalF1:average=Macro,241,0.8117526688392099,0.0026012789756304114
learn,TotalF1:average=Macro,242,0.811770533986989,0.0025760138413474867
learn,TotalF1:average=Macro,243,0.8117713234074018,0.002607559266423866
learn,TotalF1:average=Macro,244,0.8117453613142314,0.004095165582562199
learn,TotalF1:average=Macro,245,0.8127833460795073,0.002627233449972342
learn,TotalF1:average=Macro,246,0.8127806632790764,0.0026310275027269284
learn,TotalF1:average=Macro,247,0.8133050190515401,0.003359879960153543
learn,TotalF1:average=Macro,248,0.81209039683629,
learn,TotalF1:average=Macro,249,0.8110333930924052,
learn,TotalF1:average=Macro,250,0.8110333930924052,
learn,TotalF1:average=Macro,251,0.8121112582446695,
learn,TotalF1:average=Macro,252,0.8110078082535397,
learn,TotalF1:average=Macro,253,0.8133644229469374,
learn,TotalF1:average=Macro,254,0.8120608942335302,
learn,TotalF1:average=Macro,255,0.8154912958475806,
learn,TotalF1:average=Macro,256,0.8166444985418465,
learn,TotalF1:average=Macro,257,0.8154912958475806,
learn,TotalF1:average=Macro,258,0.8154912958475806,
learn,TotalF1:average=Macro,259,0.815458969017459,
learn,TotalF1:average=Macro,260,0.815458969017459,
learn,TotalF1:average=Macro,261,0.8166139072804709,
learn,TotalF1:average=Macro,262,0.8166195158869396,
learn,TotalF1:average=Macro,263,0.8166444985418465,
learn,TotalF1:average=Macro,264,0.8177955466504334,
learn,TotalF1:average=Macro,265,0.8167368891180334,
learn,TotalF1:average=Macro,266,0.8167368891180334,
learn,TotalF1:average=Macro,267,0.8155554742868693,
learn,TotalF1:average=Macro,268,0.8155554742868693,
learn,TotalF1:average=Macro,269,0.8177959864751748,
learn,TotalF1:average=Macro,270,0.8166444985418465,
learn,TotalF1:average=Macro,271,0.8189457947255919,
learn,TotalF1:average=Macro,272,0.8210033990020154,
learn,TotalF1:average=Macro,273,0.8198508005786638,
learn,TotalF1:average=Macro,274,0.8209379849031142,
learn,TotalF1:average=Macro,275,0.8209379849031142,
learn,TotalF1:average=Macro,276,0.8198508005786638,
learn,TotalF1:average=Macro,277,0.820934891491964,
learn,TotalF1:average=Macro,278,0.8199432971948927,
learn,TotalF1:average=Macro,279,0.8199432971948927,
learn,TotalF1:average=Macro,280,0.8220912327231173,
learn,TotalF1:average=Macro,281,0.8220912327231173,
learn,TotalF1:average=Macro,282,0.8199663695766075,
learn,TotalF1:average=Macro,283,0.8200517977299357,
learn,TotalF1:average=Macro,284,0.8222860159291867,
learn,TotalF1:average=Macro,285,0.8244594174458784,
learn,TotalF1:average=Macro,286,0.8233966645460427,
learn,TotalF1:average=Macro,287,0.8222338633610139,
learn,TotalF1:average=Macro,288,0.8232945383280007,
learn,TotalF1:average=Macro,289,0.8244485411733133,
learn,TotalF1:average=Macro,290,0.8233909845333964,
learn,TotalF1:average=Macro,291,0.8232945383280007,
learn,TotalF1:average=Macro,292,0.8244485411733133,
learn,TotalF1:average=Macro,293,0.8233676091190733,
learn,TotalF1:average=Macro,294,0.8245117216262741,
learn,TotalF1:average=Macro,295,0.8244226385148969,
learn,TotalF1:average=Macro,296,0.8267113154731998,
learn,TotalF1:average=Macro,297,0.8255677442150879,
learn,TotalF1:average=Macro,298,0.8267113154731998,
learn,TotalF1:average=Macro,299,0.826663586870132,
learn,TotalF1:average=Macro,300,0.8278103452200618,
learn,TotalF1:average=Macro,301,0.8267260690891114,
learn,TotalF1:average=Macro,302,0.8267260690891114,
learn,TotalF1:average=Macro,303,0.8300139249062161,
learn,TotalF1:average=Macro,304,0.8288679498356918,
learn,TotalF1:average=Macro,305,0.8299251132047614,
learn,TotalF1:average=Macro,306,0.8299251132047614,
learn,TotalF1:average=Macro,307,0.8299251132047614,
learn,TotalF1:average=Macro,308,0.8299251132047614,
learn,TotalF1:average=Macro,309,0.8300224604111799,
learn,TotalF1:average=Macro,310,0.828748324822016,
learn,TotalF1:average=Macro,311,0.8265535730162684,
learn,TotalF1:average=Macro,312,0.82783088563896,
learn,TotalF1:average=Macro,313,0.827821541403392,
learn,TotalF1:average=Macro,314,0.8288770766025149,
learn,TotalF1:average=Macro,315,0.827738092400849,
learn,TotalF1:average=Macro,316,0.8288783527457813,
learn,TotalF1:average=Macro,317,0.8254989973828168,
learn,TotalF1:average=Macro,318,0.8254989973828168,
learn,TotalF1:average=Macro,319,0.8275909174146087,
learn,TotalF1:average=Macro,320,0.8275909174146087,
learn,TotalF1:average=Macro,321,0.8298146178298509,
learn,TotalF1:average=Macro,322,0.830956087288295,
learn,TotalF1:average=Macro,323,0.8266873508580121,
learn,TotalF1:average=Macro,324,0.8266873508580121,
learn,TotalF1:average=Macro,325,0.8288202822800563,
learn,TotalF1:average=Macro,326,0.8288437918797651,
learn,TotalF1:average=Macro,327,0.8288437918797651,
learn,TotalF1:average=Macro,328,0.8288437918797651,
learn,TotalF1:average=Macro,329,0.8288437918797651,
learn,TotalF1:average=Macro,330,0.8288437918797651,
learn,TotalF1:average=Macro,331,0.8299001858766453,
learn,TotalF1:average=Macro,332,0.8321037884866522,
learn,TotalF1:average=Macro,333,0.8321037884866522,
learn,TotalF1:average=Macro,334,0.830956087288295,
learn,TotalF1:average=Macro,335,0.830956087288295,
learn,TotalF1:average=Macro,336,0.8331598187369758,
learn,TotalF1:average=Macro,337,0.8321037884866522,
learn,TotalF1:average=Macro,338,0.830956087288295,
learn,TotalF1:average=Macro,339,0.830956087288295,
learn,TotalF1:average=Macro,340,0.830956087288295,
learn,TotalF1:average=Macro,341,0.8309945664538325,
learn,TotalF1:average=Macro,342,0.8331441452281692,
learn,TotalF1:average=Macro,343,0.8342815061620652,
learn,TotalF1:average=Macro,344,0.8331328059208298,
learn,TotalF1:average=Macro,345,0.8342719618231454,
learn,TotalF1:average=Macro,346,0.8330458698720364,
learn,TotalF1:average=Macro,347,0.8353275577265775,
learn,TotalF1:average=Macro,348,0.8330458698720364,
learn,TotalF1:average=Macro,349,0.834198444219979,
learn,TotalF1:average=Macro,350,0.8319921704113933,
learn,TotalF1:average=Macro,351,0.8319921704113933,
learn,TotalF1:average=Macro,352,0.8319805045702913,
learn,TotalF1:average=Macro,353,0.8331328059208298,
learn,TotalF1:average=Macro,354,0.8331328059208298,
learn,TotalF1:average=Macro,355,0.8331337832013271,
learn,TotalF1:average=Macro,356,0.8342888929462124,
learn,TotalF1:average=Macro,357,0.8354256648573427,
learn,TotalF1:average=Macro,358,0.8363739471016252,
learn,TotalF1:average=Macro,359,0.8363739471016252,
learn,TotalF1:average=Macro,360,0.8375144018217565,
learn,TotalF1:average=Macro,361,0.8364695061934596,
learn,TotalF1:average=Macro,362,0.8364695061934596,
learn,TotalF1:average=Macro,363,0.8364695061934596,
learn,TotalF1:average=Macro,364,0.8364695061934596,
learn,TotalF1:average=Macro,365,0.8386876170283957,
learn,TotalF1:average=Macro,366,0.8364695061934596,
learn,TotalF1:average=Macro,367,0.835330559612879,
learn,TotalF1:average=Macro,368,0.8364695061934596,
learn,TotalF1:average=Macro,369,0.8376322522144896,
learn,TotalF1:average=Macro,370,0.8376322522144896,
learn,TotalF1:average=Macro,371,0.8386851033252987,
learn,TotalF1:average=Macro,372,0.8386851033252987,
learn,TotalF1:average=Macro,373,0.8386851033252987,
learn,TotalF1:average=Macro,374,0.8386851033252987,
learn,TotalF1:average=Macro,375,0.8386984240589723,
learn,TotalF1:average=Macro,376,0.8398598985809623,
learn,TotalF1:average=Macro,377,0.8409837370547874,
learn,TotalF1:average=Macro,378,0.8408421607241654,
learn,TotalF1:average=Macro,379,0.8408574072978406,
learn,TotalF1:average=Macro,380,0.8420012262040887,
learn,TotalF1:average=Macro,381,0.8420703006888764,
learn,TotalF1:average=Macro,382,0.8431296598015685,
learn,TotalF1:average=Macro,383,0.8442600712296421,
learn,TotalF1:average=Macro,384,0.8452243488479341,
learn,TotalF1:average=Macro,385,0.8453124983467424,
learn,TotalF1:average=Macro,386,0.8442523789936155,
learn,TotalF1:average=Macro,387,0.8442523789936155,
learn,TotalF1:average=Macro,388,0.8453198496658965,
learn,TotalF1:average=Macro,389,0.8442006169524935,
learn,TotalF1:average=Macro,390,0.8463886230483358,
learn,TotalF1:average=Macro,391,0.8474454480280531,
learn,TotalF1:average=Macro,392,0.8452569923705607,
learn,TotalF1:average=Macro,393,0.8452569923705607,
learn,TotalF1:average=Macro,394,0.8463886230483358,
learn,TotalF1:average=Macro,395,0.8463886230483358,
learn,TotalF1:average=Macro,396,0.8442006169524935,
learn,TotalF1:average=Macro,397,0.8442006169524935,
learn,TotalF1:average=Macro,398,0.8442006169524935,
learn,TotalF1:average=Macro,399,0.8452569923705607,
learn,TotalF1:average=Macro,400,0.8442006169524935,
learn,TotalF1:average=Macro,401,0.8452569923705607,
learn,TotalF1:average=Macro,402,0.8442006169524935,
learn,TotalF1:average=Macro,403,0.8442006169524935,
learn,TotalF1:average=Macro,404,0.8463886230483358,
learn,TotalF1:average=Macro,405,0.8463886230483358,
learn,TotalF1:average=Macro,406,0.8475436354857246,
learn,TotalF1:average=Macro,407,0.849629581417219,
learn,TotalF1:average=Macro,408,0.8496978462661657,
learn,TotalF1:average=Macro,409,0.8507581383022438,
learn,TotalF1:average=Macro,410,0.8507581383022438,
learn,TotalF1:average=Macro,411,0.8508243010104076,
learn,TotalF1:average=Macro,412,0.8496978462661657,
learn,TotalF1:average=Macro,413,0.8508243010104076,
learn,TotalF1:average=Macro,414,0.8508243010104076,
learn,TotalF1:average=Macro,415,0.8508243010104076,
learn,TotalF1:average=Macro,416,0.8508243010104076,
learn,TotalF1:average=Macro,417,0.8508243010104076,
learn,TotalF1:average=Macro,418,0.8508243010104076,
learn,TotalF1:average=Macro,419,0.8508243010104076,
learn,TotalF1:average=Macro,420,0.8519547542410159,
learn,TotalF1:average=Macro,421,0.8508313962741396,
learn,TotalF1:average=Macro,422,0.8508313962741396,
learn,TotalF1:average=Macro,423,0.8508313962741396,
learn,TotalF1:average=Macro,424,0.8508313962741396,
learn,TotalF1:average=Macro,425,0.8508313962741396,
learn,TotalF1:average=Macro,426,0.8519547542410159,
learn,TotalF1:average=Macro,427,0.8519547542410159,
learn,TotalF1:average=Macro,428,0.8529825078578976,
learn,TotalF1:average=Macro,429,0.8541123219530478,
learn,TotalF1:average=Macro,430,0.8529825078578976,
learn,TotalF1:average=Macro,431,0.8551804165501468,
learn,TotalF1:average=Macro,432,0.8551804165501468,
learn,TotalF1:average=Macro,433,0.8551804165501468,
learn,TotalF1:average=Macro,434,0.8585208571184596,
learn,TotalF1:average=Macro,435,0.8551804165501468,
learn,TotalF1:average=Macro,436,0.8575347911142395,
learn,TotalF1:average=Macro,437,0.8575347911142395,
learn,TotalF1:average=Macro,438,0.8575347911142395,
learn,TotalF1:average=Macro,439,0.8564082925692951,
learn,TotalF1:average=Macro,440,0.8564082925692951,
learn,TotalF1:average=Macro,441,0.8564082925692951,
learn,TotalF1:average=Macro,442,0.8574333636018235,
learn,TotalF1:average=Macro,443,0.8574333636018235,
learn,TotalF1:average=Macro,444,0.8585607796837744,
learn,TotalF1:average=Macro,445,0.85851885068647,
learn,TotalF1:average=Macro,446,0.859635155262527,
learn,TotalF1:average=Macro,447,0.859635155262527,
learn,TotalF1:average=Macro,448,0.859635155262527,
learn,TotalF1:average=Macro,449,0.8585089239360731,
learn,TotalF1:average=Macro,450,0.8596768293450217,
learn,TotalF1:average=Macro,451,0.8596736185463005,
learn,TotalF1:average=Macro,452,0.8607603487769033,
learn,TotalF1:average=Macro,453,0.8596194922880587,
learn,TotalF1:average=Macro,454,0.860744685802435,
learn,TotalF1:average=Macro,455,0.8596194922880587,
learn,TotalF1:average=Macro,456,0.8618279203515813,
learn,TotalF1:average=Macro,457,0.8628928939627623,
learn,TotalF1:average=Macro,458,0.8628939998098365,
learn,TotalF1:average=Macro,459,0.8628939998098365,
learn,TotalF1:average=Macro,460,0.8628939998098365,
learn,TotalF1:average=Macro,461,0.8628939998098365,
learn,TotalF1:average=Macro,462,0.8628928939627623,
learn,TotalF1:average=Macro,463,0.8607562553800557,
learn,TotalF1:average=Macro,464,0.8618237736889459,
learn,TotalF1:average=Macro,465,0.860759466178777,
learn,TotalF1:average=Macro,466,0.860759466178777,
learn,TotalF1:average=Macro,467,0.8628928939627623,
learn,TotalF1:average=Macro,468,0.860759466178777,
learn,TotalF1:average=Macro,469,0.8640252803243628,
learn,TotalF1:average=Macro,470,0.8628939998098365,
validation,MultiClass,1,1.3845931536433036,0.0006819835945597634
validation,MultiClass,2,1.3823391599579198,0.0011122842111225364
validation,MultiClass,3,1.382168647877509,0.0004091456049151649
validation,MultiClass,4,1.3811528840263203,0.0005570375147550106
validation,MultiClass,5,1.3792297510857352,0.00021419245728383275
validation,MultiClass,6,1.377980409617312,0.0016901757474270106
validation,MultiClass,7,1.378209350965995,0.0018488996916950118
validation,MultiClass,8,1.3762907019787063,0.0013210338361371574
validation,MultiClass,9,1.3765822208832517,0.00406958800865642
validation,MultiClass,10,1.3766066381976059,0.004301690868383379
validation,MultiClass,11,1.3757955595845828,0.004034708884359976
validation,MultiClass,12,1.3759105758824535,0.004657031850421288
validation,MultiClass,13,1.3763354646202743,0.0049499480014326145
validation,MultiClass,14,1.3763071431955471,0.005537356048353648
validation,MultiClass,15,1.3752709710361903,0.005913118457320163
validation,MultiClass,16,1.3761017097691024,0.00595936612751055
validation,MultiClass,17,1.3744831860674371,0.00798883042078571
validation,MultiClass,18,1.375683405379484,0.006696315051949112
validation,MultiClass,19,1.3757240081637359,0.008135843155055878
validation,MultiClass,20,1.3738163584942384,0.009676102940135491
validation,MultiClass,21,1.3717301795809347,0.010397558634826106
validation,MultiClass,22,1.370560129283854,0.010466307956205038
validation,MultiClass,23,1.3697805593586345,0.011604560426619842
validation,MultiClass,24,1.3702776341568677,0.012035454973146368
validation,MultiClass,25,1.365908891740511,0.013707392843595543
validation,MultiClass,26,1.3664717574649754,0.011898825098447705
validation,MultiClass,27,1.3620731456484263,0.017453713617439987
validation,MultiClass,28,1.3602236679140232,0.019800084348886117
validation,MultiClass,29,1.360274228728389,0.018841420476979166
validation,MultiClass,30,1.359380462056305,0.021241504691783618
validation,MultiClass,31,1.3563097857876985,0.024083193116592006
validation,MultiClass,32,1.3521274921832627,0.02816391763922687
validation,MultiClass,33,1.3515967547294006,0.0301514881764179
validation,MultiClass,34,1.3486152897042558,0.034074405214104236
validation,MultiClass,35,1.3477186271945003,0.03554975330154755
validation,MultiClass,36,1.347076554379556,0.03726087315597881
validation,MultiClass,37,1.3468384644850209,0.034622133651096655
validation,MultiClass,38,1.345809707107357,0.03294957646208401
validation,MultiClass,39,1.3460149044711693,0.03326309645764068
validation,MultiClass,40,1.3444124279454326,0.034315698883189125
validation,MultiClass,41,1.343464308564269,0.03390970794848172
validation,MultiClass,42,1.3431144888161182,0.03409703939159959
validation,MultiClass,43,1.3416801075661309,0.034579501748223614
validation,MultiClass,44,1.3412658977687395,0.0342436456413996
validation,MultiClass,45,1.3406007183096311,0.03369908632367011
validation,MultiClass,46,1.3376472035148441,0.0352562135046724
validation,MultiClass,47,1.3353398858049075,0.03243580917680952
validation,MultiClass,48,1.3345439988746297,0.0326488593980981
validation,MultiClass,49,1.3335291465675758,0.033566004833547915
validation,MultiClass,50,1.3323657581580401,0.0329926610405552
validation,MultiClass,51,1.3310255681417822,0.03299042753599543
validation,MultiClass,52,1.3304244435591976,0.03281190023861215
validation,MultiClass,53,1.3277591775093018,0.03496409808929822
validation,MultiClass,54,1.3273895544911847,0.034392757636204765
validation,MultiClass,55,1.3259746824042424,0.034892441407060236
validation,MultiClass,56,1.3239592289343864,0.03471884287411788
validation,MultiClass,57,1.3223599400090809,0.03525042681681321
validation,MultiClass,58,1.3225523376058108,0.03614815242669612
validation,MultiClass,59,1.3211636745507211,0.03824217197600361
validation,MultiClass,60,1.3205791622811953,0.03893947705094308
validation,MultiClass,61,1.317994238717277,0.03755013520034277
validation,MultiClass,62,1.316121814775459,0.03588019260633213
validation,MultiClass,63,1.3163535217415308,0.03623333807691331
validation,MultiClass,64,1.3158887542111564,0.035486097686756195
validation,MultiClass,65,1.3148123341950653,0.03585520068183579
validation,MultiClass,66,1.3130366333509498,0.03670127426566708
validation,MultiClass,67,1.3107639537887144,0.03462870825665915
validation,MultiClass,68,1.308677853993435,0.033673148500026735
validation,MultiClass,69,1.3079728939059487,0.033493002994569566
validation,MultiClass,70,1.3078522067301994,0.03472407690630604
validation,MultiClass,71,1.306871691674326,0.0348209993258783
validation,MultiClass,72,1.3062885334125873,0.03633789382006038
validation,MultiClass,73,1.306512562752503,0.03589743822197335
validation,MultiClass,74,1.30484454137054,0.036214236951083265
validation,MultiClass,75,1.304892799137977,0.03700137442976231
validation,MultiClass,76,1.304071048525306,0.0381595800775146
validation,MultiClass,77,1.3031796627246086,0.03920561451732068
validation,MultiClass,78,1.303649942451202,0.039592866434768836
validation,MultiClass,79,1.3026951844951438,0.039818622245432214
validation,MultiClass,80,1.3021858058044455,0.039287517982729864
validation,MultiClass,81,1.301562052885203,0.03950558098759268
validation,MultiClass,82,1.3013809872816235,0.04037762808051953
validation,MultiClass,83,1.3006772555025299,0.0409430012830201
validation,MultiClass,84,1.2998085973642106,0.04135265622686785
validation,MultiClass,85,1.2989159478114733,0.0413054815819247
validation,MultiClass,86,1.2968719379744185,0.04005013667127919
validation,MultiClass,87,1.2962916794057824,0.038629858200288754
validation,MultiClass,88,1.2953339353696838,0.038659434003530474
validation,MultiClass,89,1.2936532608615834,0.040210739019168426
validation,MultiClass,90,1.2913979161210554,0.04068747899510802
validation,MultiClass,91,1.290628041443311,0.04140601112289867
validation,MultiClass,92,1.2901736855345813,0.041868938345212874
validation,MultiClass,93,1.2895247382884993,0.04213629565168896
validation,MultiClass,94,1.2881456843208694,0.041467772057436354
validation,MultiClass,95,1.2882648246683968,0.04075474237735754
validation,MultiClass,96,1.2875478515072871,0.04084196953837595
validation,MultiClass,97,1.2855344054742848,0.040461013662601776
validation,MultiClass,98,1.2842590821555278,0.040530375547364966
validation,MultiClass,99,1.2828589117339324,0.040912975456868075
validation,MultiClass,100,1.2825041103489188,0.04022216488962201
validation,MultiClass,101,1.2814859659308608,0.0391657862680257
validation,MultiClass,102,1.279889203810057,0.039602945178492555
validation,MultiClass,103,1.2789423952384886,0.0386927332900072
validation,MultiClass,104,1.2779753279337098,0.03866679321684832
validation,MultiClass,105,1.2767754925550105,0.03719328850191008
validation,MultiClass,106,1.2752434866138116,0.03581444977258041
validation,MultiClass,107,1.274618245540605,0.03597107596947989
validation,MultiClass,108,1.2729033238054008,0.035924778578313554
validation,MultiClass,109,1.2728394270363141,0.03566956117107498
validation,MultiClass,110,1.2725638030957418,0.03464980655147181
validation,MultiClass,111,1.2721105519573892,0.03525975783266449
validation,MultiClass,112,1.2707666571683394,0.03444863355129353
validation,MultiClass,113,1.2703990787371167,0.03543017090271823
validation,MultiClass,114,1.269730326589499,0.03349463571600106
validation,MultiClass,115,1.2694994033191713,0.03391497816445419
validation,MultiClass,116,1.2692738403962767,0.03323222110514931
validation,MultiClass,117,1.2684993556186492,0.032785844036460204
validation,MultiClass,118,1.2667993490386524,0.032262545410349085
validation,MultiClass,119,1.2671318395022615,0.03262338950602747
validation,MultiClass,120,1.2665894736609205,0.0319591805311281
validation,MultiClass,121,1.266354131003478,0.031180505332731447
validation,MultiClass,122,1.2655922669017696,0.031191621771249824
validation,MultiClass,123,1.263797030085985,0.031443798051303
validation,MultiClass,124,1.2632550780818392,0.03080599230455224
validation,MultiClass,125,1.2623914924542747,0.030596965617754678
validation,MultiClass,126,1.2612499309853833,0.03039147756982101
validation,MultiClass,127,1.2615881779162428,0.02982498703508412
validation,MultiClass,128,1.2608664574012345,0.0292582309302905
validation,MultiClass,129,1.2604516458458377,0.029734109214508916
validation,MultiClass,130,1.2597839149035948,0.029073333308490393
validation,MultiClass,131,1.2579439789310425,0.02987082214961189
validation,MultiClass,132,1.2576692449419196,0.0308503762026392
validation,MultiClass,133,1.2579485257238128,0.03010488683142296
validation,MultiClass,134,1.2570098923939714,0.029595716144223704
validation,MultiClass,135,1.2567923392545701,0.02987940330241526
validation,MultiClass,136,1.2564948403479668,0.029220630141142793
validation,MultiClass,137,1.257049214766107,0.028414833660903336
validation,MultiClass,138,1.2565671563593546,0.028225398460276434
validation,MultiClass,139,1.2557752547086478,0.029026045841644633
validation,MultiClass,140,1.2555832100460065,0.028474564489101913
validation,MultiClass,141,1.2549579323655067,0.027935045266236774
validation,MultiClass,142,1.254099483433913,0.02760701860834534
validation,MultiClass,143,1.253308245344229,0.026984337568084087
validation,MultiClass,144,1.2531556640353263,0.027111200575387667
validation,MultiClass,145,1.252809283522279,0.02679053280351998
validation,MultiClass,146,1.2531216410414405,0.02649786403303161
validation,MultiClass,147,1.2527327446216794,0.026393823308800024
validation,MultiClass,148,1.2526349345651244,0.026546558082163735
validation,MultiClass,149,1.2525601662849861,0.02665557813314059
validation,MultiClass,150,1.252819709157093,0.026906317174185644
validation,MultiClass,151,1.252179876629098,0.0274856025746228
validation,MultiClass,152,1.2517467396085171,0.027331673603038363
validation,MultiClass,153,1.2513873979687016,0.026906295292359408
validation,MultiClass,154,1.2507058413811616,0.02563952035273564
validation,MultiClass,155,1.250377173855894,0.025264761471150768
validation,MultiClass,156,1.2501090762148253,0.025478872747858265
validation,MultiClass,157,1.250382820909584,0.024325282751477564
validation,MultiClass,158,1.2500798082288342,0.024340346672572344
validation,MultiClass,159,1.2507208574824034,0.023968004870576008
validation,MultiClass,160,1.2504824962748333,0.02403528053329772
validation,MultiClass,161,1.2500605554902275,0.0239533139606461
validation,MultiClass,162,1.2501605102132909,0.023897316282709056
validation,MultiClass,163,1.2499751772661645,0.023558997972210803
validation,MultiClass,164,1.2495376686000617,0.02277139575457458
validation,MultiClass,165,1.2487955339050223,0.02273034060464426
validation,MultiClass,166,1.2485074352570473,0.02358709491363859
validation,MultiClass,167,1.2473684844523505,0.02367525007030312
validation,MultiClass,168,1.2468629583268038,0.023025316743335637
validation,MultiClass,169,1.2470385067514953,0.022159222000070592
validation,MultiClass,170,1.2472151901524988,0.02345070000644372
validation,MultiClass,171,1.2470636723771509,0.022495265361220106
validation,MultiClass,172,1.2467777462122174,0.021618616549970663
validation,MultiClass,173,1.2469151245789265,0.02238309398140012
validation,MultiClass,174,1.2467715409271518,0.023231807141383693
validation,MultiClass,175,1.2459055293501344,0.023020225640719077
validation,MultiClass,176,1.2456091058782033,0.023500735053357556
validation,MultiClass,177,1.2453102147583468,0.02324818939988225
validation,MultiClass,178,1.2450258653803683,0.02351812537351955
validation,MultiClass,179,1.2448133080077772,0.02325031484520277
validation,MultiClass,180,1.2441351500722864,0.022357952549359815
validation,MultiClass,181,1.244696554853671,0.02207288480608086
validation,MultiClass,182,1.2439528289920756,0.02215576366731832
validation,MultiClass,183,1.2439603003450779,0.02102078535448909
validation,MultiClass,184,1.24389181520209,0.020533154244823142
validation,MultiClass,185,1.2434353248268928,0.02024787482110637
validation,MultiClass,186,1.2422868269199832,0.021023674285699505
validation,MultiClass,187,1.2417419700349983,0.021758518600409695
validation,MultiClass,188,1.241470772199313,0.02127015725097751
validation,MultiClass,189,1.2412525923627205,0.020211726565662527
validation,MultiClass,190,1.2407198086202553,0.020486785104262318
validation,MultiClass,191,1.2401207819694107,0.019681601376629786
validation,MultiClass,192,1.2394070873760583,0.01851193533084676
validation,MultiClass,193,1.2392956129799686,0.0185022461814692
validation,MultiClass,194,1.238976328164054,0.018845252093906657
validation,MultiClass,195,1.2398307686186807,0.017279926803001167
validation,MultiClass,196,1.2392145554572995,0.01730240843638658
validation,MultiClass,197,1.2391591995785225,0.016287596834284865
validation,MultiClass,198,1.23925611179672,0.01638824448737021
validation,MultiClass,199,1.2394440731400997,0.015309940144442662
validation,MultiClass,200,1.238958566407573,0.015470812211771356
validation,MultiClass,201,1.2389566520654345,0.01626614480614332
validation,MultiClass,202,1.2381097402238255,0.01603617813115524
validation,MultiClass,203,1.2382601901884973,0.016473915639550876
validation,MultiClass,204,1.2379420327168014,0.016868099869727232
validation,MultiClass,205,1.2377863053666176,0.017163602496800698
validation,MultiClass,206,1.2375589097608937,0.017511470600170293
validation,MultiClass,207,1.237444512077897,0.017389559876022708
validation,MultiClass,208,1.2370221747443328,0.01747345400951505
validation,MultiClass,209,1.237196453175195,0.018543597175834748
validation,MultiClass,210,1.236797573510104,0.018127535163602146
validation,MultiClass,211,1.2366962819969307,0.018076055058318594
validation,MultiClass,212,1.2358726955497028,0.017822587764288966
validation,MultiClass,213,1.2360348897390006,0.01791475149364229
validation,MultiClass,214,1.2354196620449318,0.015841581475139102
validation,MultiClass,215,1.2363029374292376,0.01587961950472231
validation,MultiClass,216,1.2362964329512491,0.01583379940576576
validation,MultiClass,217,1.2358928796234707,0.014558373232749791
validation,MultiClass,218,1.2358566785518335,0.014764029115825954
validation,MultiClass,219,1.2361622030389188,0.014665013946659505
validation,MultiClass,220,1.2357760660520833,0.01591415060619511
validation,MultiClass,221,1.235861913685799,0.01534653245407564
validation,MultiClass,222,1.2365159143101607,0.01617422294584919
validation,MultiClass,223,1.235945360144954,0.01716179136938729
validation,MultiClass,224,1.23592978807186,0.01674080806453695
validation,MultiClass,225,1.2355932932782547,0.016421876248221123
validation,MultiClass,226,1.2356023958449676,0.015623446660301663
validation,MultiClass,227,1.2350224308749995,0.016319864998453018
validation,MultiClass,228,1.2348266100010719,0.016454386701689368
validation,MultiClass,229,1.2346562227396376,0.016019264789112236
validation,MultiClass,230,1.2348319884637682,0.016382769176500157
validation,MultiClass,231,1.2348828232694231,0.0159948361790141
validation,MultiClass,232,1.23557598833318,0.015819293705400816
validation,MultiClass,233,1.2352155544850991,0.01653572601841123
validation,MultiClass,234,1.2352100933754793,0.0156764870223461
validation,MultiClass,235,1.235342557871223,0.015475675336403098
validation,MultiClass,236,1.2350929653601121,0.01575293968174412
validation,MultiClass,237,1.2341525011625956,0.01552943696693517
validation,MultiClass,238,1.2345035050875386,0.015391939187035275
validation,MultiClass,239,1.2337991722033457,0.015419618856923648
validation,MultiClass,240,1.233462795266178,0.014614150400929544
validation,MultiClass,241,1.2329344990055362,0.015254572291357219
validation,MultiClass,242,1.232608148735257,0.014657763046142995
validation,MultiClass,243,1.2316673749900782,0.013398174499437098
validation,MultiClass,244,1.2318677808942304,0.013578363871534998
validation,MultiClass,245,1.2321792291991887,0.013607044333112106
validation,MultiClass,246,1.2320491280138002,0.013913790136177828
validation,MultiClass,247,1.2320599631163276,0.01296650832345462
validation,MultiClass,248,1.2413722397697728,
validation,MultiClass,249,1.2410589315993303,
validation,MultiClass,250,1.2412297068139468,
validation,MultiClass,251,1.2411969376759746,
validation,MultiClass,252,1.2407678529377637,
validation,MultiClass,253,1.241055247236998,
validation,MultiClass,254,1.2410845026529884,
validation,MultiClass,255,1.2408850485336207,
validation,MultiClass,256,1.2404906279529437,
validation,MultiClass,257,1.2406324514229259,
validation,MultiClass,258,1.2406508728598082,
validation,MultiClass,259,1.2387354130021604,
validation,MultiClass,260,1.2382771745228387,
validation,MultiClass,261,1.2383856319413664,
validation,MultiClass,262,1.2366412209514432,
validation,MultiClass,263,1.2369511215130855,
validation,MultiClass,264,1.2365702885590104,
validation,MultiClass,265,1.2361742918674081,
validation,MultiClass,266,1.2363037755912538,
validation,MultiClass,267,1.2372795176118532,
validation,MultiClass,268,1.2370856407488466,
validation,MultiClass,269,1.236992187824137,
validation,MultiClass,270,1.2368078700020106,
validation,MultiClass,271,1.2361157130953637,
validation,MultiClass,272,1.2359107709275838,
validation,MultiClass,273,1.236742794519058,
validation,MultiClass,274,1.2372085037196199,
validation,MultiClass,275,1.2377490888186562,
validation,MultiClass,276,1.2380703854817712,
validation,MultiClass,277,1.2378419817326927,
validation,MultiClass,278,1.2384777194397483,
validation,MultiClass,279,1.23886887417554,
validation,MultiClass,280,1.2399399865778877,
validation,MultiClass,281,1.2402910478921525,
validation,MultiClass,282,1.2410702394380257,
validation,MultiClass,283,1.240208033440401,
validation,MultiClass,284,1.2400246018967207,
validation,MultiClass,285,1.2409462535192106,
validation,MultiClass,286,1.2414504786491207,
validation,MultiClass,287,1.2414641865303988,
validation,MultiClass,288,1.2400522504562688,
validation,MultiClass,289,1.2395812276724865,
validation,MultiClass,290,1.2393345849627346,
validation,MultiClass,291,1.2393190376959329,
validation,MultiClass,292,1.2392499613441224,
validation,MultiClass,293,1.2390602868623337,
validation,MultiClass,294,1.2382062107806275,
validation,MultiClass,295,1.2392100076366912,
validation,MultiClass,296,1.2393976198059071,
validation,MultiClass,297,1.2394282049065466,
validation,MultiClass,298,1.2388147051204288,
validation,MultiClass,299,1.238847147079158,
validation,MultiClass,300,1.2380597939133309,
validation,MultiClass,301,1.2377344818831149,
validation,MultiClass,302,1.2369460854173417,
validation,MultiClass,303,1.237255456544139,
validation,MultiClass,304,1.2377250891499632,
validation,MultiClass,305,1.2376644779441193,
validation,MultiClass,306,1.2375884880201364,
validation,MultiClass,307,1.2378883219107888,
validation,MultiClass,308,1.23847463610443,
validation,MultiClass,309,1.2385319112169848,
validation,MultiClass,310,1.2390074948104906,
validation,MultiClass,311,1.2393112381076865,
validation,MultiClass,312,1.2381237931400926,
validation,MultiClass,313,1.237699948697883,
validation,MultiClass,314,1.2375826498401865,
validation,MultiClass,315,1.2382893905271213,
validation,MultiClass,316,1.23708932869458,
validation,MultiClass,317,1.2372715371835983,
validation,MultiClass,318,1.2370405114162104,
validation,MultiClass,319,1.237762170310967,
validation,MultiClass,320,1.2376961194161533,
validation,MultiClass,321,1.2377074781865105,
validation,MultiClass,322,1.2369140325665278,
validation,MultiClass,323,1.236856346406396,
validation,MultiClass,324,1.2367770575493044,
validation,MultiClass,325,1.2373478948939227,
validation,MultiClass,326,1.2383583890101781,
validation,MultiClass,327,1.2378053355895822,
validation,MultiClass,328,1.2375847124281427,
validation,MultiClass,329,1.2382013534004104,
validation,MultiClass,330,1.2389258545227835,
validation,MultiClass,331,1.2387500747599216,
validation,MultiClass,332,1.2392975409672973,
validation,MultiClass,333,1.2384760114748414,
validation,MultiClass,334,1.238693939473173,
validation,MultiClass,335,1.239114743206334,
validation,MultiClass,336,1.239224592904998,
validation,MultiClass,337,1.240568957054381,
validation,MultiClass,338,1.241491616098449,
validation,MultiClass,339,1.2415839068367325,
validation,MultiClass,340,1.2416230123503347,
validation,MultiClass,341,1.2416877452428607,
validation,MultiClass,342,1.2423205274954991,
validation,MultiClass,343,1.2426188792028485,
validation,MultiClass,344,1.2423081692646554,
validation,MultiClass,345,1.2419412983616775,
validation,MultiClass,346,1.242184078724935,
validation,MultiClass,347,1.2417129265896103,
validation,MultiClass,348,1.2420615211942043,
validation,MultiClass,349,1.2418313171089799,
validation,MultiClass,350,1.2427027680706941,
validation,MultiClass,351,1.2431903438472425,
validation,MultiClass,352,1.2437297626616939,
validation,MultiClass,353,1.2441220991817288,
validation,MultiClass,354,1.2445226019974691,
validation,MultiClass,355,1.2443841096371242,
validation,MultiClass,356,1.2442328823924027,
validation,MultiClass,357,1.2441690715624563,
validation,MultiClass,358,1.2444581633380556,
validation,MultiClass,359,1.2446788998632106,
validation,MultiClass,360,1.2444134033415666,
validation,MultiClass,361,1.2445081642812514,
validation,MultiClass,362,1.2435834301828637,
validation,MultiClass,363,1.2437815734976327,
validation,MultiClass,364,1.2442924471883265,
validation,MultiClass,365,1.2446113432162318,
validation,MultiClass,366,1.2450702069082533,
validation,MultiClass,367,1.2457776961931344,
validation,MultiClass,368,1.245557241099764,
validation,MultiClass,369,1.2456296445825155,
validation,MultiClass,370,1.2455869407596687,
validation,MultiClass,371,1.2455325711979799,
validation,MultiClass,372,1.2457850399394126,
validation,MultiClass,373,1.2454757329295267,
validation,MultiClass,374,1.2458945950127922,
validation,MultiClass,375,1.245396086399093,
validation,MultiClass,376,1.2458215684596803,
validation,MultiClass,377,1.2462351651280965,
validation,MultiClass,378,1.2463553908378762,
validation,MultiClass,379,1.2459517951932055,
validation,MultiClass,380,1.2456659266409913,
validation,MultiClass,381,1.2458480774296954,
validation,MultiClass,382,1.2462739456925065,
validation,MultiClass,383,1.2461434762381225,
validation,MultiClass,384,1.2468515380834908,
validation,MultiClass,385,1.2472580236601427,
validation,MultiClass,386,1.2467115902054382,
validation,MultiClass,387,1.2464811042305715,
validation,MultiClass,388,1.2465763059630397,
validation,MultiClass,389,1.2471464663126672,
validation,MultiClass,390,1.2470878628296318,
validation,MultiClass,391,1.247078016643509,
validation,MultiClass,392,1.2466526839635892,
validation,MultiClass,393,1.2462239985361616,
validation,MultiClass,394,1.2454487033861839,
validation,MultiClass,395,1.2451056940625507,
validation,MultiClass,396,1.2454657840225312,
validation,MultiClass,397,1.2454518981998428,
validation,MultiClass,398,1.2449642634061404,
validation,MultiClass,399,1.2452944317489063,
validation,MultiClass,400,1.2462573876611487,
validation,MultiClass,401,1.245860768148225,
validation,MultiClass,402,1.246100713257886,
validation,MultiClass,403,1.246186340152823,
validation,MultiClass,404,1.2461617338928608,
validation,MultiClass,405,1.24588725555097,
validation,MultiClass,406,1.2462787786083365,
validation,MultiClass,407,1.2465608599887728,
validation,MultiClass,408,1.246978344839725,
validation,MultiClass,409,1.247264649209676,
validation,MultiClass,410,1.2477776649475847,
validation,MultiClass,411,1.2482273680037868,
validation,MultiClass,412,1.2485504121406827,
validation,MultiClass,413,1.2483467637202526,
validation,MultiClass,414,1.2480935942819213,
validation,MultiClass,415,1.2476407140937131,
validation,MultiClass,416,1.2481482383874687,
validation,MultiClass,417,1.2484610055814642,
validation,MultiClass,418,1.2473954837653758,
validation,MultiClass,419,1.2479960517372044,
validation,MultiClass,420,1.2483907034043051,
validation,MultiClass,421,1.2492998132717767,
validation,MultiClass,422,1.2498141514215013,
validation,MultiClass,423,1.2495177613627884,
validation,MultiClass,424,1.249038408704717,
validation,MultiClass,425,1.2498877208655383,
validation,MultiClass,426,1.2503698298575716,
validation,MultiClass,427,1.2508181087710704,
validation,MultiClass,428,1.2512489597327026,
validation,MultiClass,429,1.25168026237127,
validation,MultiClass,430,1.2518485193775855,
validation,MultiClass,431,1.252381913374668,
validation,MultiClass,432,1.252835968419179,
validation,MultiClass,433,1.2532869346594737,
validation,MultiClass,434,1.2533000385158592,
validation,MultiClass,435,1.253446096798304,
validation,MultiClass,436,1.252832136847507,
validation,MultiClass,437,1.2523372278700837,
validation,MultiClass,438,1.2523025470532738,
validation,MultiClass,439,1.2522390438812525,
validation,MultiClass,440,1.2526473513621288,
validation,MultiClass,441,1.2529706983629978,
validation,MultiClass,442,1.2537757514569736,
validation,MultiClass,443,1.254638602774029,
validation,MultiClass,444,1.2549843110525383,
validation,MultiClass,445,1.2551243931842384,
validation,MultiClass,446,1.2556097529338583,
validation,MultiClass,447,1.2554121350626302,
validation,MultiClass,448,1.2551747896917689,
validation,MultiClass,449,1.2555929277518187,
validation,MultiClass,450,1.2549400525620185,
validation,MultiClass,451,1.2550930121012558,
validation,MultiClass,452,1.255861402794887,
validation,MultiClass,453,1.2566461632400419,
validation,MultiClass,454,1.2567331384517328,
validation,MultiClass,455,1.257191571452964,
validation,MultiClass,456,1.2570639613712735,
validation,MultiClass,457,1.2566288272198265,
validation,MultiClass,458,1.2571383862860417,
validation,MultiClass,459,1.2574445876314846,
validation,MultiClass,460,1.2575342659316928,
validation,MultiClass,461,1.2580138790588336,
validation,MultiClass,462,1.2585317964688194,
validation,MultiClass,463,1.2586986332777186,
validation,MultiClass,464,1.2582640226110477,
validation,MultiClass,465,1.2577122288728027,
validation,MultiClass,466,1.2573813281516173,
validation,MultiClass,467,1.257552087985458,
validation,MultiClass,468,1.2573849174037361,
validation,MultiClass,469,1.25696236156804,
validation,MultiClass,470,1.2571811405071076,
validation,TotalF1:average=Macro,1,0.22929264013466105,0.013409031078383177
validation,TotalF1:average=Macro,2,0.20721708378018083,0.010167103280239632
validation,TotalF1:average=Macro,3,0.19732404290852285,0.013016362744341361
validation,TotalF1:average=Macro,4,0.1995575034614117,0.014274821004071403
validation,TotalF1:average=Macro,5,0.1941690091014563,0.0104541242273938
validation,TotalF1:average=Macro,6,0.21411553456309984,0.02113558169607326
validation,TotalF1:average=Macro,7,0.21568546075137232,0.011421304722133638
validation,TotalF1:average=Macro,8,0.20685895378423788,0.008089275988860847
validation,TotalF1:average=Macro,9,0.2183147331990722,0.026291996661458143
validation,TotalF1:average=Macro,10,0.22054315688908885,0.02568040267223698
validation,TotalF1:average=Macro,11,0.21834178622204314,0.02585123791891135
validation,TotalF1:average=Macro,12,0.20870901221524207,0.03685176276537631
validation,TotalF1:average=Macro,13,0.21102156326522428,0.03442497821209921
validation,TotalF1:average=Macro,14,0.2087232697290247,0.03284887447775302
validation,TotalF1:average=Macro,15,0.2086611139285825,0.032814659462195826
validation,TotalF1:average=Macro,16,0.21163876577278412,0.034057218739232134
validation,TotalF1:average=Macro,17,0.21299913613154461,0.031434222040486064
validation,TotalF1:average=Macro,18,0.21394915675394255,0.026095820568901404
validation,TotalF1:average=Macro,19,0.21782258580347905,0.0312622642146975
validation,TotalF1:average=Macro,20,0.22185151045734153,0.02911392424862638
validation,TotalF1:average=Macro,21,0.22515912080140094,0.023708057642678266
validation,TotalF1:average=Macro,22,0.2234035848946706,0.026071313476208505
validation,TotalF1:average=Macro,23,0.22398690879235617,0.022037833087553745
validation,TotalF1:average=Macro,24,0.22828809711924364,0.020594671390811798
validation,TotalF1:average=Macro,25,0.2351915295290627,0.016595870554038567
validation,TotalF1:average=Macro,26,0.23457580593753952,0.01932138153655374
validation,TotalF1:average=Macro,27,0.24267359583849582,0.013701990228906188
validation,TotalF1:average=Macro,28,0.23921757601812882,0.013110443159844599
validation,TotalF1:average=Macro,29,0.23710629571092467,0.02001215739102315
validation,TotalF1:average=Macro,30,0.2405655093334014,0.014448963955850111
validation,TotalF1:average=Macro,31,0.23827572130527003,0.01211534202208558
validation,TotalF1:average=Macro,32,0.2364238921423874,0.016706502280043865
validation,TotalF1:average=Macro,33,0.2357107089243548,0.019685619193862202
validation,TotalF1:average=Macro,34,0.23791542123605935,0.020698517900643
validation,TotalF1:average=Macro,35,0.23860698796761878,0.019555291484143592
validation,TotalF1:average=Macro,36,0.23975388987384796,0.02354897652832535
validation,TotalF1:average=Macro,37,0.23778892553874076,0.030634930843443615
validation,TotalF1:average=Macro,38,0.23914650540676965,0.033434099488046834
validation,TotalF1:average=Macro,39,0.24025827723826818,0.025516031254711354
validation,TotalF1:average=Macro,40,0.23854612469984826,0.022988165026270563
validation,TotalF1:average=Macro,41,0.24045297900472248,0.029765650493775
validation,TotalF1:average=Macro,42,0.240815736405244,0.02384660381252142
validation,TotalF1:average=Macro,43,0.24074845024814368,0.023941760808452686
validation,TotalF1:average=Macro,44,0.2398830589371126,0.020058823899666914
validation,TotalF1:average=Macro,45,0.24163005647249813,0.02116400553247632
validation,TotalF1:average=Macro,46,0.24401527418629199,0.019818672297356718
validation,TotalF1:average=Macro,47,0.24182149134821865,0.019096325580220137
validation,TotalF1:average=Macro,48,0.23836060852851923,0.02781383727046633
validation,TotalF1:average=Macro,49,0.2397734525622442,0.021674716779875505
validation,TotalF1:average=Macro,50,0.24250875735897282,0.02342710415908079
validation,TotalF1:average=Macro,51,0.24396773278735384,0.015546407975016052
validation,TotalF1:average=Macro,52,0.24615737368697882,0.010461761189823095
validation,TotalF1:average=Macro,53,0.24591142559642995,0.010767660815395706
validation,TotalF1:average=Macro,54,0.24740887809854856,0.006582679231418631
validation,TotalF1:average=Macro,55,0.24938546356084873,0.0018161388722851806
validation,TotalF1:average=Macro,56,0.2509490348655139,0.0036671316838916123
validation,TotalF1:average=Macro,57,0.2478202839613885,0.004184531512798172
validation,TotalF1:average=Macro,58,0.2505690878170809,0.004110252868656406
validation,TotalF1:average=Macro,59,0.2536526586331258,0.001644948968187007
validation,TotalF1:average=Macro,60,0.2529187777252077,0.002682813301331456
validation,TotalF1:average=Macro,61,0.2509818005778417,0.0015297669390420755
validation,TotalF1:average=Macro,62,0.25180476964214,0.002362734872879948
validation,TotalF1:average=Macro,63,0.25095736812733765,0.003561141587888918
validation,TotalF1:average=Macro,64,0.2527991983667338,0.0009564002837459671
validation,TotalF1:average=Macro,65,0.25224284480754294,0.0017432030326282571
validation,TotalF1:average=Macro,66,0.2509046499369816,0.0016388744216921938
validation,TotalF1:average=Macro,67,0.2530239277651594,0.0025562600417185764
validation,TotalF1:average=Macro,68,0.2544035315663691,0.0007093221591737831
validation,TotalF1:average=Macro,69,0.2586178584814718,0.0017381652332851016
validation,TotalF1:average=Macro,70,0.2549706465408219,0.00365599127662842
validation,TotalF1:average=Macro,71,0.2579172760430625,0.0014671491059404162
validation,TotalF1:average=Macro,72,0.2609703054489667,0.003418600941388542
validation,TotalF1:average=Macro,73,0.2572933116922843,0.006599726049536111
validation,TotalF1:average=Macro,74,0.25924600142039333,0.0036794366050375764
validation,TotalF1:average=Macro,75,0.2585061466979013,0.004725749187771577
validation,TotalF1:average=Macro,76,0.2585061466979013,0.004725749187771577
validation,TotalF1:average=Macro,77,0.2561303446791471,0.008085640624207168
validation,TotalF1:average=Macro,78,0.25395620181390993,0.0029394424375412762
validation,TotalF1:average=Macro,79,0.25569909124296125,0.0024881332304583174
validation,TotalF1:average=Macro,80,0.25569909124296125,0.0024881332304583174
validation,TotalF1:average=Macro,81,0.2568770403121597,0.0005650445322743512
validation,TotalF1:average=Macro,82,0.26097238970480485,0.003256884210614706
validation,TotalF1:average=Macro,83,0.2600901151030651,0.00397892941394323
validation,TotalF1:average=Macro,84,0.2630093761601412,0.0019721493668840495
validation,TotalF1:average=Macro,85,0.2624653082242857,0.0068824829301831385
validation,TotalF1:average=Macro,86,0.2625366368645231,0.007679739817227409
validation,TotalF1:average=Macro,87,0.26645470694210016,0.001337400830544668
validation,TotalF1:average=Macro,88,0.2690726475378735,0.0023649262654852365
validation,TotalF1:average=Macro,89,0.2703384254206754,0.0005748460166749707
validation,TotalF1:average=Macro,90,0.2680780892590321,0.0026217520386433058
validation,TotalF1:average=Macro,91,0.2687896525136044,0.0036280544437458395
validation,TotalF1:average=Macro,92,0.2686808370812811,0.0016709496008108513
validation,TotalF1:average=Macro,93,0.2726375273937737,0.003253232178891175
validation,TotalF1:average=Macro,94,0.26982939376798565,0.0005708905706676713
validation,TotalF1:average=Macro,95,0.27100109581723664,0.004194606365190531
validation,TotalF1:average=Macro,96,0.2722242447206556,0.004245535808863872
validation,TotalF1:average=Macro,97,0.27232092046936357,0.008077071902834422
validation,TotalF1:average=Macro,98,0.26948542539108883,0.006114956768229282
validation,TotalF1:average=Macro,99,0.2694939585416884,0.007754925829441469
validation,TotalF1:average=Macro,100,0.26689431195899027,0.015182936979615952
validation,TotalF1:average=Macro,101,0.26935582284005666,0.008014203140459362
validation,TotalF1:average=Macro,102,0.2699274713718457,0.006841594445347573
validation,TotalF1:average=Macro,103,0.26717298706074155,0.008887799955266722
validation,TotalF1:average=Macro,104,0.2689621002480047,0.011874205001918572
validation,TotalF1:average=Macro,105,0.2689521028831968,0.011888343410817901
validation,TotalF1:average=Macro,106,0.26965444879957146,0.010895076290403531
validation,TotalF1:average=Macro,107,0.2663277316443723,0.004191554316617608
validation,TotalF1:average=Macro,108,0.26702740272717557,0.003202069982116945
validation,TotalF1:average=Macro,109,0.2664890286806693,0.0039634458603157695
validation,TotalF1:average=Macro,110,0.26758225228727384,0.002417394209149227
validation,TotalF1:average=Macro,111,0.26812939653059037,0.0016436153996766212
validation,TotalF1:average=Macro,112,0.26812939653059037,0.0016436153996766212
validation,TotalF1:average=Macro,113,0.26749952458000403,0.0007528419445990288
validation,TotalF1:average=Macro,114,0.26369076322030494,0.0018088252667657065
validation,TotalF1:average=Macro,115,0.26219491488780106,6.354796904481578e-05
validation,TotalF1:average=Macro,116,0.2631093785746055,0.0009057861608731171
validation,TotalF1:average=Macro,117,0.26401529415696123,0.0014645314868472878
validation,TotalF1:average=Macro,118,0.26409086245205515,0.002333306522082839
validation,TotalF1:average=Macro,119,0.26335422898822547,0.0005139863065194622
validation,TotalF1:average=Macro,120,0.2636356748959213,0.00011596168678155929
validation,TotalF1:average=Macro,121,0.2632784245488109,0.004389769677474852
validation,TotalF1:average=Macro,122,0.2631723741836632,0.004282905018173036
validation,TotalF1:average=Macro,123,0.2620292709290495,0.007909118245832486
validation,TotalF1:average=Macro,124,0.2610323771819259,0.006897300834980428
validation,TotalF1:average=Macro,125,0.25885767539586924,0.0022605680919816503
validation,TotalF1:average=Macro,126,0.2599632542789576,0.0022685221949204416
validation,TotalF1:average=Macro,127,0.2584574707583894,0.0001697944671704379
validation,TotalF1:average=Macro,128,0.25767532342096167,0.0012400678155633483
validation,TotalF1:average=Macro,129,0.25907306583133344,0.0035939751465793863
validation,TotalF1:average=Macro,130,0.25968373574979575,0.001534430770362474
validation,TotalF1:average=Macro,131,0.2596631103016625,0.0025176617091467964
validation,TotalF1:average=Macro,132,0.261778349179289,0.005520591557438133
validation,TotalF1:average=Macro,133,0.2583577279888207,0.002561806258143131
validation,TotalF1:average=Macro,134,0.2589773470128419,0.0034380798854182974
validation,TotalF1:average=Macro,135,0.26142059565533415,0.007603241113471344
validation,TotalF1:average=Macro,136,0.2599649458218361,0.003668167172874191
validation,TotalF1:average=Macro,137,0.26140477867074874,0.001631936030391629
validation,TotalF1:average=Macro,138,0.2578108362996281,0.0024974637402818164
validation,TotalF1:average=Macro,139,0.2577374349759889,0.0016590931188010182
validation,TotalF1:average=Macro,140,0.2550170338390242,0.0004025118793751828
validation,TotalF1:average=Macro,141,0.255560733904132,0.0003663961265633863
validation,TotalF1:average=Macro,142,0.2593605038208888,0.003151366713410607
validation,TotalF1:average=Macro,143,0.2620894156907997,0.0010471941765637144
validation,TotalF1:average=Macro,144,0.26142927024317436,0.002297425261554477
validation,TotalF1:average=Macro,145,0.26309294855821486,0.004610300038154669
validation,TotalF1:average=Macro,146,0.26306521952589335,0.004649514811735192
validation,TotalF1:average=Macro,147,0.2628648146298785,0.004327591602620016
validation,TotalF1:average=Macro,148,0.26347876203154913,0.00523205660848525
validation,TotalF1:average=Macro,149,0.2600902595244651,0.0004399904068316829
validation,TotalF1:average=Macro,150,0.26156255297588193,0.0043706552016492895
validation,TotalF1:average=Macro,151,0.263487197405841,0.005233121501402159
validation,TotalF1:average=Macro,152,0.262956683509076,0.0026242983624144853
validation,TotalF1:average=Macro,153,0.26358829180094,0.003517527374875972
validation,TotalF1:average=Macro,154,0.2635925612981739,0.0035235653557686205
validation,TotalF1:average=Macro,155,0.2641750742070002,0.008480801223761924
validation,TotalF1:average=Macro,156,0.264259342120076,0.008599974049306609
validation,TotalF1:average=Macro,157,0.2647650853094909,0.00814672651912694
validation,TotalF1:average=Macro,158,0.2647540586093201,0.00816232062805666
validation,TotalF1:average=Macro,159,0.263990517387868,0.00855091433575775
validation,TotalF1:average=Macro,160,0.26463943504164356,0.007633206188925004
validation,TotalF1:average=Macro,161,0.26528103507840495,0.008540565662531923
validation,TotalF1:average=Macro,162,0.26400816768990587,0.0067404593386141045
validation,TotalF1:average=Macro,163,0.26528103507840495,0.008540565662531923
validation,TotalF1:average=Macro,164,0.2658224349355881,0.009306220683227198
validation,TotalF1:average=Macro,165,0.2660819125069098,0.008149074490750035
validation,TotalF1:average=Macro,166,0.2655343152320218,0.007405944850243108
validation,TotalF1:average=Macro,167,0.2655453778654142,0.007390299924064015
validation,TotalF1:average=Macro,168,0.263890053424358,0.005080607501752854
validation,TotalF1:average=Macro,169,0.26718387534932386,0.005073114560404794
validation,TotalF1:average=Macro,170,0.26614151439129496,0.0036398665881526007
validation,TotalF1:average=Macro,171,0.2655596565028051,0.0070299353503783055
validation,TotalF1:average=Macro,172,0.2655596565028051,0.0070299353503783055
validation,TotalF1:average=Macro,173,0.26495792913743,0.006178964349413728
validation,TotalF1:average=Macro,174,0.2646604726051771,0.005758297287285291
validation,TotalF1:average=Macro,175,0.26495792913743,0.006178964349413728
validation,TotalF1:average=Macro,176,0.26557672612657934,0.007054075443824435
validation,TotalF1:average=Macro,177,0.2634122305425759,0.00399301643323009
validation,TotalF1:average=Macro,178,0.2634122305425759,0.00399301643323009
validation,TotalF1:average=Macro,179,0.2634122305425759,0.00399301643323009
validation,TotalF1:average=Macro,180,0.2653126035494654,0.0030546984799343802
validation,TotalF1:average=Macro,181,0.2659533811363757,0.0021485021260611585
validation,TotalF1:average=Macro,182,0.26586477134676756,0.0005245999656688261
validation,TotalF1:average=Macro,183,0.2658631545229092,0.0005223134314403168
validation,TotalF1:average=Macro,184,0.2672356449891482,0.0003373467554127354
validation,TotalF1:average=Macro,185,0.2671240646935945,0.0004951451226783462
validation,TotalF1:average=Macro,186,0.2671240646935945,0.0004951451226783462
validation,TotalF1:average=Macro,187,0.2686506578842658,0.0016637836717953705
validation,TotalF1:average=Macro,188,0.2669021066937245,0.0008090411363717467
validation,TotalF1:average=Macro,189,0.26753922540510766,9.198078610799722e-05
validation,TotalF1:average=Macro,190,0.2674679726354547,0.00019274741930782043
validation,TotalF1:average=Macro,191,0.26806306956324166,0.0008328082991110183
validation,TotalF1:average=Macro,192,0.266639347403155,0.0009791056223349616
validation,TotalF1:average=Macro,193,0.26806306956324166,0.0008328082991110183
validation,TotalF1:average=Macro,194,0.2679918167935887,0.0009335749323108415
validation,TotalF1:average=Macro,195,0.26858753413375885,0.0015745132077206305
validation,TotalF1:average=Macro,196,0.26915672819360315,0.002581008433174316
validation,TotalF1:average=Macro,197,0.26915672819360315,0.002581008433174316
validation,TotalF1:average=Macro,198,0.2706850348317642,0.004742360408326535
validation,TotalF1:average=Macro,199,0.2713269667530598,0.0056501892375429436
validation,TotalF1:average=Macro,200,0.26942485844099084,0.002960201865512453
validation,TotalF1:average=Macro,201,0.2699646060375889,0.002196883494145298
validation,TotalF1:average=Macro,202,0.2699646060375889,0.002196883494145298
validation,TotalF1:average=Macro,203,0.2699646060375889,0.002196883494145298
validation,TotalF1:average=Macro,204,0.26945452447773366,0.001447298298130851
validation,TotalF1:average=Macro,205,0.2689179571846775,0.0022061190410966585
validation,TotalF1:average=Macro,206,0.2694445468700718,0.0014614087662062315
validation,TotalF1:average=Macro,207,0.2703847553639952,0.00013175316264143629
validation,TotalF1:average=Macro,208,0.2672563608488115,0.0045559711144678395
validation,TotalF1:average=Macro,209,0.2694922086339114,0.0031835189771113374
validation,TotalF1:average=Macro,210,0.2698632136918693,0.00412362740646955
validation,TotalF1:average=Macro,211,0.2698632136918693,0.00412362740646955
validation,TotalF1:average=Macro,212,0.26987632851476673,0.004105080246059851
validation,TotalF1:average=Macro,213,0.2704486467154022,0.001830911270696919
validation,TotalF1:average=Macro,214,0.2705077053440036,0.004997981920934724
validation,TotalF1:average=Macro,215,0.2704501163621889,0.005079425040060246
validation,TotalF1:average=Macro,216,0.27105191889369795,0.004228347738129754
validation,TotalF1:average=Macro,217,0.27058849015139186,0.004883734950692537
validation,TotalF1:average=Macro,218,0.27118684416109573,0.004037534595068999
validation,TotalF1:average=Macro,219,0.2726440767396955,0.0016918611373651124
validation,TotalF1:average=Macro,220,0.2705827608708984,0.004891837376868926
validation,TotalF1:average=Macro,221,0.2721327469928465,0.002699825981719874
validation,TotalF1:average=Macro,222,0.27150137016360965,0.001806924306845001
validation,TotalF1:average=Macro,223,0.27332410550813285,0.0007708127379964563
validation,TotalF1:average=Macro,224,0.271657509787404,0.0013030221104553368
validation,TotalF1:average=Macro,225,0.271657509787404,0.0013030221104553368
validation,TotalF1:average=Macro,226,0.2709322509590494,0.0002773512391653825
validation,TotalF1:average=Macro,227,0.2715615096213497,0.0011672573736312259
validation,TotalF1:average=Macro,228,0.2715891747075475,0.0029104427373524326
validation,TotalF1:average=Macro,229,0.2715891747075475,0.0029104427373524326
validation,TotalF1:average=Macro,230,0.2715936495973848,0.002914105270690186
validation,TotalF1:average=Macro,231,0.2709599756125113,0.002017954927159074
validation,TotalF1:average=Macro,232,0.27314766975871496,0.0007063978991000712
validation,TotalF1:average=Macro,233,0.27314966165867954,0.0007092148710448733
validation,TotalF1:average=Macro,234,0.27314966165867954,0.0007092148710448733
validation,TotalF1:average=Macro,235,0.27314966165867954,0.0007092148710448733
validation,TotalF1:average=Macro,236,0.27314966165867954,0.0007092148710448733
validation,TotalF1:average=Macro,237,0.27372072728131314,0.0016778932211788209
validation,TotalF1:average=Macro,238,0.2717413570433783,0.005190795937685155
validation,TotalF1:average=Macro,239,0.27388283558812293,0.0018808653950189828
validation,TotalF1:average=Macro,240,0.2696410222927596,0.0072066316021558025
validation,TotalF1:average=Macro,241,0.2730453632746818,0.002392166414578865
validation,TotalF1:average=Macro,242,0.2708072364909042,0.005557355666507571
validation,TotalF1:average=Macro,243,0.27229813732552133,0.0034489034860387983
validation,TotalF1:average=Macro,244,0.27049824587836824,0.0042020244619720235
validation,TotalF1:average=Macro,245,0.26962268963726477,0.005440247972760958
validation,TotalF1:average=Macro,246,0.26962268963726477,0.005440247972760958
validation,TotalF1:average=Macro,247,0.26962268963726477,0.005440247972760958
validation,TotalF1:average=Macro,248,0.27346952587014045,
validation,TotalF1:average=Macro,249,0.27346952587014045,
validation,TotalF1:average=Macro,250,0.27346952587014045,
validation,TotalF1:average=Macro,251,0.27346952587014045,
validation,TotalF1:average=Macro,252,0.27521280826343997,
validation,TotalF1:average=Macro,253,0.27521280826343997,
validation,TotalF1:average=Macro,254,0.27521280826343997,
validation,TotalF1:average=Macro,255,0.27521280826343997,
validation,TotalF1:average=Macro,256,0.27521280826343997,
validation,TotalF1:average=Macro,257,0.27521280826343997,
validation,TotalF1:average=Macro,258,0.27521280826343997,
validation,TotalF1:average=Macro,259,0.27521280826343997,
validation,TotalF1:average=Macro,260,0.2721725616282313,
validation,TotalF1:average=Macro,261,0.2721725616282313,
validation,TotalF1:average=Macro,262,0.2681699281205491,
validation,TotalF1:average=Macro,263,0.2681699281205491,
validation,TotalF1:average=Macro,264,0.27120839158676835,
validation,TotalF1:average=Macro,265,0.2681699281205491,
validation,TotalF1:average=Macro,266,0.27120839158676835,
validation,TotalF1:average=Macro,267,0.27120839158676835,
validation,TotalF1:average=Macro,268,0.27120839158676835,
validation,TotalF1:average=Macro,269,0.27120839158676835,
validation,TotalF1:average=Macro,270,0.27120839158676835,
validation,TotalF1:average=Macro,271,0.27120839158676835,
validation,TotalF1:average=Macro,272,0.27521280826343997,
validation,TotalF1:average=Macro,273,0.27521280826343997,
validation,TotalF1:average=Macro,274,0.27521280826343997,
validation,TotalF1:average=Macro,275,0.2754118040506711,
validation,TotalF1:average=Macro,276,0.2766961219077432,
validation,TotalF1:average=Macro,277,0.27246397737201417,
validation,TotalF1:average=Macro,278,0.27266237536992316,
validation,TotalF1:average=Macro,279,0.2714055910612582,
validation,TotalF1:average=Macro,280,0.27266237536992316,
validation,TotalF1:average=Macro,281,0.2683653444260495,
validation,TotalF1:average=Macro,282,0.26839110099458774,
validation,TotalF1:average=Macro,283,0.26819568468908733,
validation,TotalF1:average=Macro,284,0.26965329570651075,
validation,TotalF1:average=Macro,285,0.27378272612769167,
validation,TotalF1:average=Macro,286,0.27378272612769167,
validation,TotalF1:average=Macro,287,0.2737855271114695,
validation,TotalF1:average=Macro,288,0.2682838113495048,
validation,TotalF1:average=Macro,289,0.269506713675551,
validation,TotalF1:average=Macro,290,0.2682838113495048,
validation,TotalF1:average=Macro,291,0.2708338428677412,
validation,TotalF1:average=Macro,292,0.2708338428677412,
validation,TotalF1:average=Macro,293,0.2761884368831819,
validation,TotalF1:average=Macro,294,0.2718594392859214,
validation,TotalF1:average=Macro,295,0.2708338428677412,
validation,TotalF1:average=Macro,296,0.2720485102173547,
validation,TotalF1:average=Macro,297,0.2761884368831819,
validation,TotalF1:average=Macro,298,0.2720485102173547,
validation,TotalF1:average=Macro,299,0.2707761024578864,
validation,TotalF1:average=Macro,300,0.2707761024578864,
validation,TotalF1:average=Macro,301,0.2707761024578864,
validation,TotalF1:average=Macro,302,0.2707761024578864,
validation,TotalF1:average=Macro,303,0.2652581641659312,
validation,TotalF1:average=Macro,304,0.2652581641659312,
validation,TotalF1:average=Macro,305,0.2652581641659312,
validation,TotalF1:average=Macro,306,0.26610444640105657,
validation,TotalF1:average=Macro,307,0.26610444640105657,
validation,TotalF1:average=Macro,308,0.26610444640105657,
validation,TotalF1:average=Macro,309,0.2669466403162055,
validation,TotalF1:average=Macro,310,0.2769315740816271,
validation,TotalF1:average=Macro,311,0.27571983101644115,
validation,TotalF1:average=Macro,312,0.2769315740816271,
validation,TotalF1:average=Macro,313,0.2769315740816271,
validation,TotalF1:average=Macro,314,0.2769315740816271,
validation,TotalF1:average=Macro,315,0.27814379272635614,
validation,TotalF1:average=Macro,316,0.27814379272635614,
validation,TotalF1:average=Macro,317,0.2793566001899335,
validation,TotalF1:average=Macro,318,0.279433080452568,
validation,TotalF1:average=Macro,319,0.279433080452568,
validation,TotalF1:average=Macro,320,0.28472518993352325,
validation,TotalF1:average=Macro,321,0.28064188740941454,
validation,TotalF1:average=Macro,322,0.28064188740941454,
validation,TotalF1:average=Macro,323,0.28064188740941454,
validation,TotalF1:average=Macro,324,0.28064188740941454,
validation,TotalF1:average=Macro,325,0.28472518993352325,
validation,TotalF1:average=Macro,326,0.28472518993352325,
validation,TotalF1:average=Macro,327,0.28472518993352325,
validation,TotalF1:average=Macro,328,0.28472518993352325,
validation,TotalF1:average=Macro,329,0.28472518993352325,
validation,TotalF1:average=Macro,330,0.274731103507944,
validation,TotalF1:average=Macro,331,0.274731103507944,
validation,TotalF1:average=Macro,332,0.274731103507944,
validation,TotalF1:average=Macro,333,0.274731103507944,
validation,TotalF1:average=Macro,334,0.26936251376435427,
validation,TotalF1:average=Macro,335,0.26936251376435427,
validation,TotalF1:average=Macro,336,0.27064780098383534,
validation,TotalF1:average=Macro,337,0.26936251376435427,
validation,TotalF1:average=Macro,338,0.26936251376435427,
validation,TotalF1:average=Macro,339,0.26976512839110683,
validation,TotalF1:average=Macro,340,0.26976512839110683,
validation,TotalF1:average=Macro,341,0.26976512839110683,
validation,TotalF1:average=Macro,342,0.26976512839110683,
validation,TotalF1:average=Macro,343,0.26976512839110683,
validation,TotalF1:average=Macro,344,0.26976512839110683,
validation,TotalF1:average=Macro,345,0.26976512839110683,
validation,TotalF1:average=Macro,346,0.26976512839110683,
validation,TotalF1:average=Macro,347,0.26976512839110683,
validation,TotalF1:average=Macro,348,0.26976512839110683,
validation,TotalF1:average=Macro,349,0.26976512839110683,
validation,TotalF1:average=Macro,350,0.26976512839110683,
validation,TotalF1:average=Macro,351,0.26976512839110683,
validation,TotalF1:average=Macro,352,0.26976512839110683,
validation,TotalF1:average=Macro,353,0.26976512839110683,
validation,TotalF1:average=Macro,354,0.26976512839110683,
validation,TotalF1:average=Macro,355,0.26976512839110683,
validation,TotalF1:average=Macro,356,0.26976512839110683,
validation,TotalF1:average=Macro,357,0.27107808321332244,
validation,TotalF1:average=Macro,358,0.27107808321332244,
validation,TotalF1:average=Macro,359,0.27107808321332244,
validation,TotalF1:average=Macro,360,0.27107808321332244,
validation,TotalF1:average=Macro,361,0.27107808321332244,
validation,TotalF1:average=Macro,362,0.27239567313014024,
validation,TotalF1:average=Macro,363,0.27594081342511867,
validation,TotalF1:average=Macro,364,0.27594081342511867,
validation,TotalF1:average=Macro,365,0.2733985375676118,
validation,TotalF1:average=Macro,366,0.2733985375676118,
validation,TotalF1:average=Macro,367,0.2735197660135971,
validation,TotalF1:average=Macro,368,0.2735197660135971,
validation,TotalF1:average=Macro,369,0.2735197660135971,
validation,TotalF1:average=Macro,370,0.27301518597944097,
validation,TotalF1:average=Macro,371,0.27301518597944097,
validation,TotalF1:average=Macro,372,0.27301518597944097,
validation,TotalF1:average=Macro,373,0.27301518597944097,
validation,TotalF1:average=Macro,374,0.27301518597944097,
validation,TotalF1:average=Macro,375,0.27051371693360077,
validation,TotalF1:average=Macro,376,0.2687313095618885,
validation,TotalF1:average=Macro,377,0.2687313095618885,
validation,TotalF1:average=Macro,378,0.27051371693360077,
validation,TotalF1:average=Macro,379,0.27051371693360077,
validation,TotalF1:average=Macro,380,0.27434656451342665,
validation,TotalF1:average=Macro,381,0.27434656451342665,
validation,TotalF1:average=Macro,382,0.27051371693360077,
validation,TotalF1:average=Macro,383,0.27003109145097526,
validation,TotalF1:average=Macro,384,0.27486015490533566,
validation,TotalF1:average=Macro,385,0.27486015490533566,
validation,TotalF1:average=Macro,386,0.27486015490533566,
validation,TotalF1:average=Macro,387,0.27486015490533566,
validation,TotalF1:average=Macro,388,0.27486015490533566,
validation,TotalF1:average=Macro,389,0.27486015490533566,
validation,TotalF1:average=Macro,390,0.27486015490533566,
validation,TotalF1:average=Macro,391,0.27486015490533566,
validation,TotalF1:average=Macro,392,0.27434656451342665,
validation,TotalF1:average=Macro,393,0.27434656451342665,
validation,TotalF1:average=Macro,394,0.27434656451342665,
validation,TotalF1:average=Macro,395,0.27434656451342665,
validation,TotalF1:average=Macro,396,0.27003109145097526,
validation,TotalF1:average=Macro,397,0.2696680425153559,
validation,TotalF1:average=Macro,398,0.2696680425153559,
validation,TotalF1:average=Macro,399,0.27048874322009414,
validation,TotalF1:average=Macro,400,0.27048874322009414,
validation,TotalF1:average=Macro,401,0.27048874322009414,
validation,TotalF1:average=Macro,402,0.2719161136524708,
validation,TotalF1:average=Macro,403,0.2715543351382482,
validation,TotalF1:average=Macro,404,0.2715543351382482,
validation,TotalF1:average=Macro,405,0.2715543351382482,
validation,TotalF1:average=Macro,406,0.2715543351382482,
validation,TotalF1:average=Macro,407,0.2692691622103387,
validation,TotalF1:average=Macro,408,0.272279598669119,
validation,TotalF1:average=Macro,409,0.2721715497658894,
validation,TotalF1:average=Macro,410,0.2721715497658894,
validation,TotalF1:average=Macro,411,0.26963871136037565,
validation,TotalF1:average=Macro,412,0.2725595763734282,
validation,TotalF1:average=Macro,413,0.2725595763734282,
validation,TotalF1:average=Macro,414,0.2721715497658894,
validation,TotalF1:average=Macro,415,0.2721715497658894,
validation,TotalF1:average=Macro,416,0.2725595763734282,
validation,TotalF1:average=Macro,417,0.2700127948558118,
validation,TotalF1:average=Macro,418,0.2696510163415892,
validation,TotalF1:average=Macro,419,0.2696510163415892,
validation,TotalF1:average=Macro,420,0.2696510163415892,
validation,TotalF1:average=Macro,421,0.2696510163415892,
validation,TotalF1:average=Macro,422,0.2696510163415892,
validation,TotalF1:average=Macro,423,0.2696510163415892,
validation,TotalF1:average=Macro,424,0.2696510163415892,
validation,TotalF1:average=Macro,425,0.26658321439742205,
validation,TotalF1:average=Macro,426,0.26658321439742205,
validation,TotalF1:average=Macro,427,0.26658321439742205,
validation,TotalF1:average=Macro,428,0.26658321439742205,
validation,TotalF1:average=Macro,429,0.26658321439742205,
validation,TotalF1:average=Macro,430,0.26658321439742205,
validation,TotalF1:average=Macro,431,0.2652781889871092,
validation,TotalF1:average=Macro,432,0.2652781889871092,
validation,TotalF1:average=Macro,433,0.26694329839869746,
validation,TotalF1:average=Macro,434,0.26540982275882474,
validation,TotalF1:average=Macro,435,0.26658321439742205,
validation,TotalF1:average=Macro,436,0.26540982275882474,
validation,TotalF1:average=Macro,437,0.26540982275882474,
validation,TotalF1:average=Macro,438,0.26978194361810387,
validation,TotalF1:average=Macro,439,0.26978194361810387,
validation,TotalF1:average=Macro,440,0.26978194361810387,
validation,TotalF1:average=Macro,441,0.26491842226742424,
validation,TotalF1:average=Macro,442,0.2652781889871092,
validation,TotalF1:average=Macro,443,0.2652781889871092,
validation,TotalF1:average=Macro,444,0.2652781889871092,
validation,TotalF1:average=Macro,445,0.2652781889871092,
validation,TotalF1:average=Macro,446,0.26658321439742205,
validation,TotalF1:average=Macro,447,0.2652781889871092,
validation,TotalF1:average=Macro,448,0.2652781889871092,
validation,TotalF1:average=Macro,449,0.2652781889871092,
validation,TotalF1:average=Macro,450,0.2652781889871092,
validation,TotalF1:average=Macro,451,0.2652781889871092,
validation,TotalF1:average=Macro,452,0.2652781889871092,
validation,TotalF1:average=Macro,453,0.2652781889871092,
validation,TotalF1:average=Macro,454,0.2652781889871092,
validation,TotalF1:average=Macro,455,0.2652781889871092,
validation,TotalF1:average=Macro,456,0.2652781889871092,
validation,TotalF1:average=Macro,457,0.2652781889871092,
validation,TotalF1:average=Macro,458,0.2652781889871092,
validation,TotalF1:average=Macro,459,0.2652781889871092,
validation,TotalF1:average=Macro,460,0.2652781889871092,
validation,TotalF1:average=Macro,461,0.2652781889871092,
validation,TotalF1:average=Macro,462,0.2652781889871092,
validation,TotalF1:average=Macro,463,0.26658321439742205,
validation,TotalF1:average=Macro,464,0.2652781889871092,
validation,TotalF1:average=Macro,465,0.263350459715392,
validation,TotalF1:average=Macro,466,0.263350459715392,
validation,TotalF1:average=Macro,467,0.263350459715392,
validation,TotalF1:average=Macro,468,0.263350459715392,
validation,TotalF1:average=Macro,469,0.263350459715392,
validation,TotalF1:average=Macro,470,0.263350459715392,
