fold,split,metric,iteration,value
1,learn,TotalF1:average=Macro,1,0.4493769002376691
1,learn,TotalF1:average=Macro,2,0.4676531841864457
1,learn,TotalF1:average=Macro,3,0.469781020829787
1,learn,TotalF1:average=Macro,4,0.4863235211571052
1,learn,TotalF1:average=Macro,5,0.4814840694740691
1,learn,TotalF1:average=Macro,6,0.49589376518142536
1,learn,TotalF1:average=Macro,7,0.5070650673380628
1,learn,TotalF1:average=Macro,8,0.5129025298680387
1,learn,TotalF1:average=Macro,9,0.5160525403778298
1,learn,TotalF1:average=Macro,10,0.5202518334475157
1,learn,TotalF1:average=Macro,11,0.5300077607288277
1,learn,TotalF1:average=Macro,12,0.5317587745505463
1,learn,TotalF1:average=Macro,13,0.5319037509877809
1,learn,TotalF1:average=Macro,14,0.5332635563506452
1,learn,TotalF1:average=Macro,15,0.5353998114465519
1,learn,TotalF1:average=Macro,16,0.537407152579188
1,learn,TotalF1:average=Macro,17,0.5351911088818964
1,learn,TotalF1:average=Macro,18,0.5356642884162206
1,learn,TotalF1:average=Macro,19,0.5396327724481182
1,learn,TotalF1:average=Macro,20,0.5435802840441155
1,learn,TotalF1:average=Macro,21,0.5484598245984598
1,learn,TotalF1:average=Macro,22,0.553514908327521
1,learn,TotalF1:average=Macro,23,0.5545588525596522
1,learn,TotalF1:average=Macro,24,0.5600804392969945
1,learn,TotalF1:average=Macro,25,0.5613305941925297
1,learn,TotalF1:average=Macro,26,0.5631066313470658
1,learn,TotalF1:average=Macro,27,0.5606366817734387
1,learn,TotalF1:average=Macro,28,0.5653044264780099
1,learn,TotalF1:average=Macro,29,0.5645693918547331
1,learn,TotalF1:average=Macro,30,0.5712314690300864
1,learn,TotalF1:average=Macro,31,0.5693425502935405
1,learn,TotalF1:average=Macro,32,0.5672800514948733
1,learn,TotalF1:average=Macro,33,0.5661369268048656
1,learn,TotalF1:average=Macro,34,0.5687119064293938
1,learn,TotalF1:average=Macro,35,0.5663179264688654
1,learn,TotalF1:average=Macro,36,0.569362729630404
1,learn,TotalF1:average=Macro,37,0.5693251648731592
1,learn,TotalF1:average=Macro,38,0.5732110884650188
1,learn,TotalF1:average=Macro,39,0.5730946168994654
1,learn,TotalF1:average=Macro,40,0.5769384154889039
1,learn,TotalF1:average=Macro,41,0.5806483929310946
1,learn,TotalF1:average=Macro,42,0.5913876290760126
1,learn,TotalF1:average=Macro,43,0.5916952523592663
1,learn,TotalF1:average=Macro,44,0.5943820507382198
1,learn,TotalF1:average=Macro,45,0.5940471513196907
1,learn,TotalF1:average=Macro,46,0.5939194558301408
1,learn,TotalF1:average=Macro,47,0.5937276156944085
1,learn,TotalF1:average=Macro,48,0.6082781270285017
1,learn,TotalF1:average=Macro,49,0.6106895970402837
1,learn,TotalF1:average=Macro,50,0.6103734890158332
1,learn,TotalF1:average=Macro,51,0.6151449657125647
1,learn,TotalF1:average=Macro,52,0.6154896902544315
1,learn,TotalF1:average=Macro,53,0.6143711294069142
1,learn,TotalF1:average=Macro,54,0.6150488638746556
1,learn,TotalF1:average=Macro,55,0.6164111918322621
1,learn,TotalF1:average=Macro,56,0.6153739559700901
1,learn,TotalF1:average=Macro,57,0.6161315894141641
1,learn,TotalF1:average=Macro,58,0.6159726427453687
1,learn,TotalF1:average=Macro,59,0.616154217909967
1,learn,TotalF1:average=Macro,60,0.6147349088875108
1,learn,TotalF1:average=Macro,61,0.613259343940499
1,learn,TotalF1:average=Macro,62,0.6157663169735996
1,learn,TotalF1:average=Macro,63,0.6155777525188861
1,learn,TotalF1:average=Macro,64,0.6184966296693755
1,learn,TotalF1:average=Macro,65,0.6179452125898562
1,learn,TotalF1:average=Macro,66,0.6171368215037423
1,learn,TotalF1:average=Macro,67,0.6182225203229658
1,learn,TotalF1:average=Macro,68,0.6197328307809725
1,learn,TotalF1:average=Macro,69,0.6188855203109658
1,learn,TotalF1:average=Macro,70,0.6180784786509472
1,learn,TotalF1:average=Macro,71,0.6193646685381722
1,learn,TotalF1:average=Macro,72,0.6208412438022447
1,learn,TotalF1:average=Macro,73,0.6214342854451386
1,learn,TotalF1:average=Macro,74,0.6216745883184522
1,learn,TotalF1:average=Macro,75,0.6218565367362792
1,learn,TotalF1:average=Macro,76,0.6229298847429434
1,learn,TotalF1:average=Macro,77,0.6216511048708657
1,learn,TotalF1:average=Macro,78,0.6234439524808191
1,learn,TotalF1:average=Macro,79,0.6250090300794902
1,learn,TotalF1:average=Macro,80,0.6270075675747482
1,learn,TotalF1:average=Macro,81,0.6273119256839368
1,learn,TotalF1:average=Macro,82,0.6272100139177124
1,learn,TotalF1:average=Macro,83,0.6277182154584151
1,learn,TotalF1:average=Macro,84,0.6299358368675382
1,learn,TotalF1:average=Macro,85,0.6306018818176188
1,learn,TotalF1:average=Macro,86,0.6320512425328939
1,learn,TotalF1:average=Macro,87,0.6341171005215602
1,learn,TotalF1:average=Macro,88,0.635085379685231
1,learn,TotalF1:average=Macro,89,0.6353793203464189
1,learn,TotalF1:average=Macro,90,0.6348465844080471
1,learn,TotalF1:average=Macro,91,0.6382167959264277
1,learn,TotalF1:average=Macro,92,0.639772375704408
1,learn,TotalF1:average=Macro,93,0.6390624327577246
1,learn,TotalF1:average=Macro,94,0.6388350896499222
1,learn,TotalF1:average=Macro,95,0.6406986509548926
1,learn,TotalF1:average=Macro,96,0.6410014358885852
1,learn,TotalF1:average=Macro,97,0.642635914897961
1,learn,TotalF1:average=Macro,98,0.6436395935371398
1,learn,TotalF1:average=Macro,99,0.6438602739167525
1,learn,TotalF1:average=Macro,100,0.6456938804029737
1,learn,TotalF1:average=Macro,101,0.6462005131979374
1,learn,TotalF1:average=Macro,102,0.6469220543392588
1,learn,TotalF1:average=Macro,103,0.6475501914483119
1,learn,TotalF1:average=Macro,104,0.6478548320305179
1,learn,TotalF1:average=Macro,105,0.6481340731510623
1,learn,TotalF1:average=Macro,106,0.6506973833077088
1,learn,TotalF1:average=Macro,107,0.6517138464304604
1,learn,TotalF1:average=Macro,108,0.6523185543751229
1,learn,TotalF1:average=Macro,109,0.6524072569816376
1,learn,TotalF1:average=Macro,110,0.653377925579224
1,learn,TotalF1:average=Macro,111,0.6524778702745303
1,learn,TotalF1:average=Macro,112,0.6532208605785258
1,learn,TotalF1:average=Macro,113,0.6535360458772912
1,learn,TotalF1:average=Macro,114,0.6541458373316295
1,learn,TotalF1:average=Macro,115,0.6544811943255479
1,learn,TotalF1:average=Macro,116,0.655862693402691
1,learn,TotalF1:average=Macro,117,0.6562086964328036
1,learn,TotalF1:average=Macro,118,0.656093670287718
1,learn,TotalF1:average=Macro,119,0.6566248289782234
1,learn,TotalF1:average=Macro,120,0.6574777874013049
1,learn,TotalF1:average=Macro,121,0.6564291604739233
1,learn,TotalF1:average=Macro,122,0.6583908103451264
1,learn,TotalF1:average=Macro,123,0.6598128121581224
1,learn,TotalF1:average=Macro,124,0.6603982487150297
1,learn,TotalF1:average=Macro,125,0.6610313687306346
1,learn,TotalF1:average=Macro,126,0.6617841990386335
1,learn,TotalF1:average=Macro,127,0.6625095726260969
1,learn,TotalF1:average=Macro,128,0.662917289889846
1,learn,TotalF1:average=Macro,129,0.6625400835398148
1,learn,TotalF1:average=Macro,130,0.6623715432305081
1,learn,TotalF1:average=Macro,131,0.6622824048135594
1,learn,TotalF1:average=Macro,132,0.6626955812738649
1,learn,TotalF1:average=Macro,133,0.6635330527428261
1,learn,TotalF1:average=Macro,134,0.6647471350308438
1,learn,TotalF1:average=Macro,135,0.668748415215877
1,learn,TotalF1:average=Macro,136,0.6693914489444416
1,learn,TotalF1:average=Macro,137,0.6679737168633961
1,learn,TotalF1:average=Macro,138,0.6664082856936189
1,learn,TotalF1:average=Macro,139,0.6669742996409036
1,learn,TotalF1:average=Macro,140,0.6672811301210417
1,learn,TotalF1:average=Macro,141,0.6687929255639835
1,learn,TotalF1:average=Macro,142,0.6695499455267401
1,learn,TotalF1:average=Macro,143,0.6741887969195249
1,learn,TotalF1:average=Macro,144,0.6750305878243562
1,learn,TotalF1:average=Macro,145,0.6749428310708958
1,learn,TotalF1:average=Macro,146,0.6744113970347516
1,learn,TotalF1:average=Macro,147,0.6736458095312681
1,learn,TotalF1:average=Macro,148,0.6735349083489995
1,learn,TotalF1:average=Macro,149,0.6735260364421854
1,learn,TotalF1:average=Macro,150,0.6744239345276836
1,learn,TotalF1:average=Macro,151,0.6748350995692578
1,learn,TotalF1:average=Macro,152,0.6740293361155295
1,learn,TotalF1:average=Macro,153,0.6742238669528228
1,learn,TotalF1:average=Macro,154,0.6737957128422888
1,learn,TotalF1:average=Macro,155,0.6741129305019743
1,learn,TotalF1:average=Macro,156,0.674647282803754
1,learn,TotalF1:average=Macro,157,0.6749901798719684
1,learn,TotalF1:average=Macro,158,0.6747142673203308
1,learn,TotalF1:average=Macro,159,0.675741482850178
1,learn,TotalF1:average=Macro,160,0.6767019129437656
1,learn,TotalF1:average=Macro,161,0.6765765304129314
1,learn,TotalF1:average=Macro,162,0.6765922110589628
1,learn,TotalF1:average=Macro,163,0.676799891152482
1,learn,TotalF1:average=Macro,164,0.6767550368264688
1,learn,TotalF1:average=Macro,165,0.6779054823984055
1,learn,TotalF1:average=Macro,166,0.6779054823984055
1,learn,TotalF1:average=Macro,167,0.6787795346308547
1,learn,TotalF1:average=Macro,168,0.6788021193130045
1,learn,TotalF1:average=Macro,169,0.6789111316073502
1,learn,TotalF1:average=Macro,170,0.6790241175419561
1,learn,TotalF1:average=Macro,171,0.6794381238465538
1,learn,TotalF1:average=Macro,172,0.6795336856007411
1,learn,TotalF1:average=Macro,173,0.6791935232756754
1,learn,TotalF1:average=Macro,174,0.6791935232756754
1,learn,TotalF1:average=Macro,175,0.6790880146427126
1,learn,TotalF1:average=Macro,176,0.6811225372597592
1,learn,TotalF1:average=Macro,177,0.6817883333076113
1,learn,MultiClass,1,1.3489990643692322
1,learn,MultiClass,2,1.3198481757058054
1,learn,MultiClass,3,1.2953282159726973
1,learn,MultiClass,4,1.269732883079086
1,learn,MultiClass,5,1.2477825490608916
1,learn,MultiClass,6,1.2317703904276087
1,learn,MultiClass,7,1.215330365804928
1,learn,MultiClass,8,1.2022152262018726
1,learn,MultiClass,9,1.1893994084238473
1,learn,MultiClass,10,1.179457885544598
1,learn,MultiClass,11,1.1681797511131786
1,learn,MultiClass,12,1.1575061122038524
1,learn,MultiClass,13,1.1488261768846624
1,learn,MultiClass,14,1.1417411759880824
1,learn,MultiClass,15,1.1330630224758003
1,learn,MultiClass,16,1.1263210926786487
1,learn,MultiClass,17,1.1189358682127304
1,learn,MultiClass,18,1.112474969225182
1,learn,MultiClass,19,1.1067747034604911
1,learn,MultiClass,20,1.0988257621700093
1,learn,MultiClass,21,1.0923093594219275
1,learn,MultiClass,22,1.0867181746566212
1,learn,MultiClass,23,1.081429303541102
1,learn,MultiClass,24,1.0756592923536656
1,learn,MultiClass,25,1.0707035224147596
1,learn,MultiClass,26,1.066449495933108
1,learn,MultiClass,27,1.0615606819099423
1,learn,MultiClass,28,1.0573931038085993
1,learn,MultiClass,29,1.0521790436033023
1,learn,MultiClass,30,1.0483342038441565
1,learn,MultiClass,31,1.045233378528321
1,learn,MultiClass,32,1.0414069806663862
1,learn,MultiClass,33,1.037858736755605
1,learn,MultiClass,34,1.0354739180207302
1,learn,MultiClass,35,1.032830153412727
1,learn,MultiClass,36,1.0291277201156532
1,learn,MultiClass,37,1.0249215106621425
1,learn,MultiClass,38,1.0220304537399378
1,learn,MultiClass,39,1.0206882144416765
1,learn,MultiClass,40,1.0177366113018453
1,learn,MultiClass,41,1.0140345086314329
1,learn,MultiClass,42,1.0091471159251377
1,learn,MultiClass,43,1.0062863490412273
1,learn,MultiClass,44,1.0036681755127645
1,learn,MultiClass,45,1.002351531088546
1,learn,MultiClass,46,1.0014684451163725
1,learn,MultiClass,47,1.0012022517942383
1,learn,MultiClass,48,0.9961483140664145
1,learn,MultiClass,49,0.9930663442847959
1,learn,MultiClass,50,0.9901335206122552
1,learn,MultiClass,51,0.9878831855162408
1,learn,MultiClass,52,0.9839311341966588
1,learn,MultiClass,53,0.9808762661316193
1,learn,MultiClass,54,0.9781580582357919
1,learn,MultiClass,55,0.976182867577881
1,learn,MultiClass,56,0.9738151627990775
1,learn,MultiClass,57,0.973139857846365
1,learn,MultiClass,58,0.9714384256570079
1,learn,MultiClass,59,0.9698275556655029
1,learn,MultiClass,60,0.9680740922442793
1,learn,MultiClass,61,0.967582453743916
1,learn,MultiClass,62,0.9670572371565093
1,learn,MultiClass,63,0.9652334427695239
1,learn,MultiClass,64,0.9626640219477662
1,learn,MultiClass,65,0.9611936762019201
1,learn,MultiClass,66,0.9589097089150179
1,learn,MultiClass,67,0.9569240631449274
1,learn,MultiClass,68,0.9542471656515064
1,learn,MultiClass,69,0.9522296736638394
1,learn,MultiClass,70,0.9506958377252828
1,learn,MultiClass,71,0.949201668864512
1,learn,MultiClass,72,0.9473841184937384
1,learn,MultiClass,73,0.9457583173337316
1,learn,MultiClass,74,0.9447576361927076
1,learn,MultiClass,75,0.9434069229359658
1,learn,MultiClass,76,0.9419245328714877
1,learn,MultiClass,77,0.9402632133844361
1,learn,MultiClass,78,0.9381975646697824
1,learn,MultiClass,79,0.9354247756213906
1,learn,MultiClass,80,0.9330687165310235
1,learn,MultiClass,81,0.9320279637332145
1,learn,MultiClass,82,0.9318775089710375
1,learn,MultiClass,83,0.9301338580823042
1,learn,MultiClass,84,0.9267350183810759
1,learn,MultiClass,85,0.9248683586384004
1,learn,MultiClass,86,0.9225542459623416
1,learn,MultiClass,87,0.9209785677896899
1,learn,MultiClass,88,0.9201988172886338
1,learn,MultiClass,89,0.9187581241575756
1,learn,MultiClass,90,0.9169676669225446
1,learn,MultiClass,91,0.9154483066352676
1,learn,MultiClass,92,0.9128801127252503
1,learn,MultiClass,93,0.9117105553733874
1,learn,MultiClass,94,0.9107975570093716
1,learn,MultiClass,95,0.9081012887566289
1,learn,MultiClass,96,0.9076463107674969
1,learn,MultiClass,97,0.9052186578227452
1,learn,MultiClass,98,0.903299185263158
1,learn,MultiClass,99,0.9022200291448657
1,learn,MultiClass,100,0.9007606533525216
1,learn,MultiClass,101,0.899224766994166
1,learn,MultiClass,102,0.8973869253784535
1,learn,MultiClass,103,0.8960310536712225
1,learn,MultiClass,104,0.8947566619261608
1,learn,MultiClass,105,0.8923083793303233
1,learn,MultiClass,106,0.8905734373118546
1,learn,MultiClass,107,0.8886171308261772
1,learn,MultiClass,108,0.8876552961412039
1,learn,MultiClass,109,0.8863104763359648
1,learn,MultiClass,110,0.8851594377952827
1,learn,MultiClass,111,0.8839160792449815
1,learn,MultiClass,112,0.8822100784250747
1,learn,MultiClass,113,0.8809588776111249
1,learn,MultiClass,114,0.8800924904791003
1,learn,MultiClass,115,0.8798405121652192
1,learn,MultiClass,116,0.8786324392058164
1,learn,MultiClass,117,0.877862996419558
1,learn,MultiClass,118,0.8766822126759823
1,learn,MultiClass,119,0.8751969945530998
1,learn,MultiClass,120,0.8737263338184336
1,learn,MultiClass,121,0.8728302974513449
1,learn,MultiClass,122,0.8710966030047286
1,learn,MultiClass,123,0.8700049951457413
1,learn,MultiClass,124,0.8688093185235244
1,learn,MultiClass,125,0.8677439590625855
1,learn,MultiClass,126,0.8668637382025762
1,learn,MultiClass,127,0.8660331634297691
1,learn,MultiClass,128,0.8650431082233844
1,learn,MultiClass,129,0.8636111855585051
1,learn,MultiClass,130,0.862883353246711
1,learn,MultiClass,131,0.8616328609784646
1,learn,MultiClass,132,0.860658948463624
1,learn,MultiClass,133,0.8595509413813448
1,learn,MultiClass,134,0.85842559092691
1,learn,MultiClass,135,0.8543292760718441
1,learn,MultiClass,136,0.8540641252765032
1,learn,MultiClass,137,0.853681497745529
1,learn,MultiClass,138,0.8530700939716306
1,learn,MultiClass,139,0.851940297337851
1,learn,MultiClass,140,0.8511970244544383
1,learn,MultiClass,141,0.8501881005090415
1,learn,MultiClass,142,0.8485738501717609
1,learn,MultiClass,143,0.8471688982095587
1,learn,MultiClass,144,0.8460484634809605
1,learn,MultiClass,145,0.8454789131108926
1,learn,MultiClass,146,0.8446697771408973
1,learn,MultiClass,147,0.8436445727680204
1,learn,MultiClass,148,0.8432759515268972
1,learn,MultiClass,149,0.8429632697132766
1,learn,MultiClass,150,0.8411245280948821
1,learn,MultiClass,151,0.8408223753847848
1,learn,MultiClass,152,0.8396217080183891
1,learn,MultiClass,153,0.839236067678754
1,learn,MultiClass,154,0.8383334588630366
1,learn,MultiClass,155,0.8376716668511774
1,learn,MultiClass,156,0.8367410415674746
1,learn,MultiClass,157,0.8353640604575637
1,learn,MultiClass,158,0.8350715388599768
1,learn,MultiClass,159,0.8338022287520237
1,learn,MultiClass,160,0.8330249612502516
1,learn,MultiClass,161,0.8307310932161963
1,learn,MultiClass,162,0.8302952787578789
1,learn,MultiClass,163,0.8302467957689694
1,learn,MultiClass,164,0.8290100884538139
1,learn,MultiClass,165,0.8281437458472473
1,learn,MultiClass,166,0.8281084067635673
1,learn,MultiClass,167,0.8276088551658136
1,learn,MultiClass,168,0.826339717524411
1,learn,MultiClass,169,0.8263326534858155
1,learn,MultiClass,170,0.8263024269026209
1,learn,MultiClass,171,0.8259354064423389
1,learn,MultiClass,172,0.8255318679411736
1,learn,MultiClass,173,0.8246333868841575
1,learn,MultiClass,174,0.8246280169447332
1,learn,MultiClass,175,0.8241198529128534
1,learn,MultiClass,176,0.8229562606952695
1,learn,MultiClass,177,0.82126187840118
1,validation,TotalF1:average=Macro,1,0.27207147107843654
1,validation,TotalF1:average=Macro,2,0.3013860137847245
1,validation,TotalF1:average=Macro,3,0.3041656484061994
1,validation,TotalF1:average=Macro,4,0.2998353657341958
1,validation,TotalF1:average=Macro,5,0.3145667116085018
1,validation,TotalF1:average=Macro,6,0.319451728278184
1,validation,TotalF1:average=Macro,7,0.3219715086299336
1,validation,TotalF1:average=Macro,8,0.32932403845963576
1,validation,TotalF1:average=Macro,9,0.3298251458116426
1,validation,TotalF1:average=Macro,10,0.33649620062950747
1,validation,TotalF1:average=Macro,11,0.3407567378665326
1,validation,TotalF1:average=Macro,12,0.3388395846478036
1,validation,TotalF1:average=Macro,13,0.32988041309198757
1,validation,TotalF1:average=Macro,14,0.34127505706974526
1,validation,TotalF1:average=Macro,15,0.33322736318356894
1,validation,TotalF1:average=Macro,16,0.3339632531596788
1,validation,TotalF1:average=Macro,17,0.33340041238280826
1,validation,TotalF1:average=Macro,18,0.3343867147277245
1,validation,TotalF1:average=Macro,19,0.3358353461865903
1,validation,TotalF1:average=Macro,20,0.32890367710566915
1,validation,TotalF1:average=Macro,21,0.3365869628197947
1,validation,TotalF1:average=Macro,22,0.3332555848344916
1,validation,TotalF1:average=Macro,23,0.3381052618289996
1,validation,TotalF1:average=Macro,24,0.3380359444446417
1,validation,TotalF1:average=Macro,25,0.33836602237219915
1,validation,TotalF1:average=Macro,26,0.34131060837819527
1,validation,TotalF1:average=Macro,27,0.3420019164615308
1,validation,TotalF1:average=Macro,28,0.3403047606023448
1,validation,TotalF1:average=Macro,29,0.3379296404055075
1,validation,TotalF1:average=Macro,30,0.3334154794075325
1,validation,TotalF1:average=Macro,31,0.3373770656407869
1,validation,TotalF1:average=Macro,32,0.3360528700102856
1,validation,TotalF1:average=Macro,33,0.3370481047274163
1,validation,TotalF1:average=Macro,34,0.3360299954715581
1,validation,TotalF1:average=Macro,35,0.3363407986882183
1,validation,TotalF1:average=Macro,36,0.3339502659319189
1,validation,TotalF1:average=Macro,37,0.3358173216902666
1,validation,TotalF1:average=Macro,38,0.33257582850481726
1,validation,TotalF1:average=Macro,39,0.33345871173690333
1,validation,TotalF1:average=Macro,40,0.3318403937143808
1,validation,TotalF1:average=Macro,41,0.33281277007240695
1,validation,TotalF1:average=Macro,42,0.32659970454144005
1,validation,TotalF1:average=Macro,43,0.3255486717841998
1,validation,TotalF1:average=Macro,44,0.3249278601127904
1,validation,TotalF1:average=Macro,45,0.3265965691496613
1,validation,TotalF1:average=Macro,46,0.3247361758297651
1,validation,TotalF1:average=Macro,47,0.3247361758297651
1,validation,TotalF1:average=Macro,48,0.3251946385663061
1,validation,TotalF1:average=Macro,49,0.3271074114033463
1,validation,TotalF1:average=Macro,50,0.32926792267773053
1,validation,TotalF1:average=Macro,51,0.32856070909922974
1,validation,TotalF1:average=Macro,52,0.3289966471309249
1,validation,TotalF1:average=Macro,53,0.32175007315491366
1,validation,TotalF1:average=Macro,54,0.3268615858984033
1,validation,TotalF1:average=Macro,55,0.3273443600689841
1,validation,TotalF1:average=Macro,56,0.3302220468808943
1,validation,TotalF1:average=Macro,57,0.32971609817453973
1,validation,TotalF1:average=Macro,58,0.32632832690243174
1,validation,TotalF1:average=Macro,59,0.32426907585991244
1,validation,TotalF1:average=Macro,60,0.3251600705331116
1,validation,TotalF1:average=Macro,61,0.3248426332938824
1,validation,TotalF1:average=Macro,62,0.3269497448632958
1,validation,TotalF1:average=Macro,63,0.32196174426140434
1,validation,TotalF1:average=Macro,64,0.32267811750300546
1,validation,TotalF1:average=Macro,65,0.32410530771295304
1,validation,TotalF1:average=Macro,66,0.3242795740858684
1,validation,TotalF1:average=Macro,67,0.3225289953837156
1,validation,TotalF1:average=Macro,68,0.31754160323359887
1,validation,TotalF1:average=Macro,69,0.3161210934484571
1,validation,TotalF1:average=Macro,70,0.3157341690490695
1,validation,TotalF1:average=Macro,71,0.31582445474036436
1,validation,TotalF1:average=Macro,72,0.31533934085718374
1,validation,TotalF1:average=Macro,73,0.31726977828852554
1,validation,TotalF1:average=Macro,74,0.31790333533832726
1,validation,TotalF1:average=Macro,75,0.3168087428772527
1,validation,TotalF1:average=Macro,76,0.31780161226694037
1,validation,TotalF1:average=Macro,77,0.31403663120945874
1,validation,TotalF1:average=Macro,78,0.3163344514229388
1,validation,TotalF1:average=Macro,79,0.3165793645609831
1,validation,TotalF1:average=Macro,80,0.3155069869717291
1,validation,TotalF1:average=Macro,81,0.31358796832170205
1,validation,TotalF1:average=Macro,82,0.3132749852066543
1,validation,TotalF1:average=Macro,83,0.31393858790392526
1,validation,TotalF1:average=Macro,84,0.3155431641328693
1,validation,TotalF1:average=Macro,85,0.31737261472846057
1,validation,TotalF1:average=Macro,86,0.31607651665764164
1,validation,TotalF1:average=Macro,87,0.3166796289162719
1,validation,TotalF1:average=Macro,88,0.3167181275983427
1,validation,TotalF1:average=Macro,89,0.31679721324387256
1,validation,TotalF1:average=Macro,90,0.31422035328081377
1,validation,TotalF1:average=Macro,91,0.3148817763085153
1,validation,TotalF1:average=Macro,92,0.31476226260004436
1,validation,TotalF1:average=Macro,93,0.31538892963881926
1,validation,TotalF1:average=Macro,94,0.31384920263835814
1,validation,TotalF1:average=Macro,95,0.31476004011215275
1,validation,TotalF1:average=Macro,96,0.31469005881481454
1,validation,TotalF1:average=Macro,97,0.31639106633902325
1,validation,TotalF1:average=Macro,98,0.31592667839013966
1,validation,TotalF1:average=Macro,99,0.31506971728582644
1,validation,TotalF1:average=Macro,100,0.314749693780878
1,validation,TotalF1:average=Macro,101,0.31574801516420403
1,validation,TotalF1:average=Macro,102,0.31570604460497154
1,validation,TotalF1:average=Macro,103,0.3150017441879506
1,validation,TotalF1:average=Macro,104,0.3146885969677228
1,validation,TotalF1:average=Macro,105,0.3150786148161012
1,validation,TotalF1:average=Macro,106,0.3148756902560589
1,validation,TotalF1:average=Macro,107,0.315278179461116
1,validation,TotalF1:average=Macro,108,0.3122179494608702
1,validation,TotalF1:average=Macro,109,0.31453211828507127
1,validation,TotalF1:average=Macro,110,0.31373249415626187
1,validation,TotalF1:average=Macro,111,0.3147305553911785
1,validation,TotalF1:average=Macro,112,0.3153174081241154
1,validation,TotalF1:average=Macro,113,0.31462349766513176
1,validation,TotalF1:average=Macro,114,0.31300494564483416
1,validation,TotalF1:average=Macro,115,0.3139196451606294
1,validation,TotalF1:average=Macro,116,0.3118338956667366
1,validation,TotalF1:average=Macro,117,0.3111687580799242
1,validation,TotalF1:average=Macro,118,0.3101152605268588
1,validation,TotalF1:average=Macro,119,0.3129188457362636
1,validation,TotalF1:average=Macro,120,0.31243760548617616
1,validation,TotalF1:average=Macro,121,0.31171477236803863
1,validation,TotalF1:average=Macro,122,0.3118040124925713
1,validation,TotalF1:average=Macro,123,0.3118040124925713
1,validation,TotalF1:average=Macro,124,0.31079160256146254
1,validation,TotalF1:average=Macro,125,0.31079415430996604
1,validation,TotalF1:average=Macro,126,0.3110073544836437
1,validation,TotalF1:average=Macro,127,0.31326836979128264
1,validation,TotalF1:average=Macro,128,0.3132282412990267
1,validation,TotalF1:average=Macro,129,0.31478795614908317
1,validation,TotalF1:average=Macro,130,0.3132062829903656
1,validation,TotalF1:average=Macro,131,0.31387007014071866
1,validation,TotalF1:average=Macro,132,0.3153015022506787
1,validation,TotalF1:average=Macro,133,0.3146338602268598
1,validation,TotalF1:average=Macro,134,0.3143277240608435
1,validation,TotalF1:average=Macro,135,0.31453850536355027
1,validation,TotalF1:average=Macro,136,0.3144951700118885
1,validation,TotalF1:average=Macro,137,0.31469360033892135
1,validation,TotalF1:average=Macro,138,0.3145827869392086
1,validation,TotalF1:average=Macro,139,0.314626858542273
1,validation,TotalF1:average=Macro,140,0.314525400254542
1,validation,TotalF1:average=Macro,141,0.31371093443967635
1,validation,TotalF1:average=Macro,142,0.3135984934855804
1,validation,TotalF1:average=Macro,143,0.3147995437809542
1,validation,TotalF1:average=Macro,144,0.31268098088177476
1,validation,TotalF1:average=Macro,145,0.3127705666890096
1,validation,TotalF1:average=Macro,146,0.3135797800953414
1,validation,TotalF1:average=Macro,147,0.3151716929535075
1,validation,TotalF1:average=Macro,148,0.31593488314829143
1,validation,TotalF1:average=Macro,149,0.31546802920207806
1,validation,TotalF1:average=Macro,150,0.3148035149410636
1,validation,TotalF1:average=Macro,151,0.31609710725653617
1,validation,TotalF1:average=Macro,152,0.3180538314754873
1,validation,TotalF1:average=Macro,153,0.3174727305249162
1,validation,TotalF1:average=Macro,154,0.31474723610818295
1,validation,TotalF1:average=Macro,155,0.3141216482079319
1,validation,TotalF1:average=Macro,156,0.3141216482079319
1,validation,TotalF1:average=Macro,157,0.3168971096065476
1,validation,TotalF1:average=Macro,158,0.31712063818767244
1,validation,TotalF1:average=Macro,159,0.31727063156565244
1,validation,TotalF1:average=Macro,160,0.31613972734808193
1,validation,TotalF1:average=Macro,161,0.31640930906410897
1,validation,TotalF1:average=Macro,162,0.31640930906410897
1,validation,TotalF1:average=Macro,163,0.31710316854408965
1,validation,TotalF1:average=Macro,164,0.3151705568278451
1,validation,TotalF1:average=Macro,165,0.31555441648537563
1,validation,TotalF1:average=Macro,166,0.31555441648537563
1,validation,TotalF1:average=Macro,167,0.31524507252035344
1,validation,TotalF1:average=Macro,168,0.3172513643321083
1,validation,TotalF1:average=Macro,169,0.3172513643321083
1,validation,TotalF1:average=Macro,170,0.3172513643321083
1,validation,TotalF1:average=Macro,171,0.3187034254834519
1,validation,TotalF1:average=Macro,172,0.31902030596712433
1,validation,TotalF1:average=Macro,173,0.3196404258310104
1,validation,TotalF1:average=Macro,174,0.3196404258310104
1,validation,TotalF1:average=Macro,175,0.3199561805181491
1,validation,TotalF1:average=Macro,176,0.3199234963291319
1,validation,TotalF1:average=Macro,177,0.3225401738995367
1,validation,MultiClass,1,1.370184265952837
1,validation,MultiClass,2,1.3631409530103624
1,validation,MultiClass,3,1.3427900513333035
1,validation,MultiClass,4,1.3344625662868865
1,validation,MultiClass,5,1.320790611157187
1,validation,MultiClass,6,1.3118714764430326
1,validation,MultiClass,7,1.3015694978163268
1,validation,MultiClass,8,1.2916273430011072
1,validation,MultiClass,9,1.2873553927987353
1,validation,MultiClass,10,1.280310115400242
1,validation,MultiClass,11,1.2717651979433515
1,validation,MultiClass,12,1.2681663142344066
1,validation,MultiClass,13,1.2636702714307524
1,validation,MultiClass,14,1.2636822052923573
1,validation,MultiClass,15,1.263635849935423
1,validation,MultiClass,16,1.2627486600836872
1,validation,MultiClass,17,1.2632955911444095
1,validation,MultiClass,18,1.2600643516696626
1,validation,MultiClass,19,1.2582187423971598
1,validation,MultiClass,20,1.2584831248698365
1,validation,MultiClass,21,1.2566168442921288
1,validation,MultiClass,22,1.2588077630761823
1,validation,MultiClass,23,1.2597110509414609
1,validation,MultiClass,24,1.2609472851209034
1,validation,MultiClass,25,1.2607431366953363
1,validation,MultiClass,26,1.259913518822286
1,validation,MultiClass,27,1.2579905733132408
1,validation,MultiClass,28,1.25326561002892
1,validation,MultiClass,29,1.2508181105206728
1,validation,MultiClass,30,1.2500470365214869
1,validation,MultiClass,31,1.2490579695144999
1,validation,MultiClass,32,1.2475867512021999
1,validation,MultiClass,33,1.2474049447252276
1,validation,MultiClass,34,1.2472752897503756
1,validation,MultiClass,35,1.2465638091308076
1,validation,MultiClass,36,1.2447528784992112
1,validation,MultiClass,37,1.2440799438547778
1,validation,MultiClass,38,1.245593236140395
1,validation,MultiClass,39,1.246175288953232
1,validation,MultiClass,40,1.2470192979997792
1,validation,MultiClass,41,1.2466661389319655
1,validation,MultiClass,42,1.244097429864962
1,validation,MultiClass,43,1.2430918170495937
1,validation,MultiClass,44,1.244459089898087
1,validation,MultiClass,45,1.2467360646973447
1,validation,MultiClass,46,1.2481501442445588
1,validation,MultiClass,47,1.2485308987159442
1,validation,MultiClass,48,1.2449769391968333
1,validation,MultiClass,49,1.2451047380668305
1,validation,MultiClass,50,1.2438882417062915
1,validation,MultiClass,51,1.2431304844131412
1,validation,MultiClass,52,1.2434727911983976
1,validation,MultiClass,53,1.2427964390855413
1,validation,MultiClass,54,1.2424823157827078
1,validation,MultiClass,55,1.2439789941259083
1,validation,MultiClass,56,1.2434160904148126
1,validation,MultiClass,57,1.2432951174241071
1,validation,MultiClass,58,1.2429622598649002
1,validation,MultiClass,59,1.2431668457207796
1,validation,MultiClass,60,1.2420855004479554
1,validation,MultiClass,61,1.2423961697550097
1,validation,MultiClass,62,1.2395576355854236
1,validation,MultiClass,63,1.239703942980218
1,validation,MultiClass,64,1.2405402775043608
1,validation,MultiClass,65,1.2404872993066636
1,validation,MultiClass,66,1.2400693882373706
1,validation,MultiClass,67,1.2415612858442997
1,validation,MultiClass,68,1.2400111891702845
1,validation,MultiClass,69,1.2401495889761114
1,validation,MultiClass,70,1.239371750178426
1,validation,MultiClass,71,1.239723535209754
1,validation,MultiClass,72,1.2390057971957895
1,validation,MultiClass,73,1.2400228462767058
1,validation,MultiClass,74,1.239499260650198
1,validation,MultiClass,75,1.2409178656612068
1,validation,MultiClass,76,1.240557245504494
1,validation,MultiClass,77,1.2425829054802964
1,validation,MultiClass,78,1.2433391749744596
1,validation,MultiClass,79,1.243656881551635
1,validation,MultiClass,80,1.2439526327485073
1,validation,MultiClass,81,1.2444655008331174
1,validation,MultiClass,82,1.2447718457192274
1,validation,MultiClass,83,1.2457212248171483
1,validation,MultiClass,84,1.2452321662988122
1,validation,MultiClass,85,1.2453796540758482
1,validation,MultiClass,86,1.245997314402359
1,validation,MultiClass,87,1.2454773275822688
1,validation,MultiClass,88,1.246136018021454
1,validation,MultiClass,89,1.245076111992167
1,validation,MultiClass,90,1.2457390492691878
1,validation,MultiClass,91,1.24679678646057
1,validation,MultiClass,92,1.2456558379005382
1,validation,MultiClass,93,1.2447233227024368
1,validation,MultiClass,94,1.244781923414169
1,validation,MultiClass,95,1.243484558473363
1,validation,MultiClass,96,1.2434293855778749
1,validation,MultiClass,97,1.2428326337402753
1,validation,MultiClass,98,1.242050332480492
1,validation,MultiClass,99,1.241893164095822
1,validation,MultiClass,100,1.2417526761247886
1,validation,MultiClass,101,1.242315674011183
1,validation,MultiClass,102,1.2423544387723724
1,validation,MultiClass,103,1.2421389156856508
1,validation,MultiClass,104,1.241921842056938
1,validation,MultiClass,105,1.2406488688589037
1,validation,MultiClass,106,1.2402961934770806
1,validation,MultiClass,107,1.2408967022578496
1,validation,MultiClass,108,1.2421358796181003
1,validation,MultiClass,109,1.2415139299402969
1,validation,MultiClass,110,1.2414388365749307
1,validation,MultiClass,111,1.2426108831687053
1,validation,MultiClass,112,1.2417136344215902
1,validation,MultiClass,113,1.2421450339447473
1,validation,MultiClass,114,1.241023908072164
1,validation,MultiClass,115,1.2413829116779378
1,validation,MultiClass,116,1.2408337867994619
1,validation,MultiClass,117,1.2404113517488633
1,validation,MultiClass,118,1.239441328431486
1,validation,MultiClass,119,1.2393970554022986
1,validation,MultiClass,120,1.2399768456111122
1,validation,MultiClass,121,1.2397631840419838
1,validation,MultiClass,122,1.2379978718166904
1,validation,MultiClass,123,1.2390994924741827
1,validation,MultiClass,124,1.2380526007607422
1,validation,MultiClass,125,1.238188634177731
1,validation,MultiClass,126,1.2385466297033458
1,validation,MultiClass,127,1.2374944008845332
1,validation,MultiClass,128,1.2368705222234648
1,validation,MultiClass,129,1.2368065001754467
1,validation,MultiClass,130,1.23695139175681
1,validation,MultiClass,131,1.2373123834088622
1,validation,MultiClass,132,1.2366759647723977
1,validation,MultiClass,133,1.236183734821658
1,validation,MultiClass,134,1.2357393689617928
1,validation,MultiClass,135,1.234050319266451
1,validation,MultiClass,136,1.2341406002368047
1,validation,MultiClass,137,1.2341677404639042
1,validation,MultiClass,138,1.2340376668150632
1,validation,MultiClass,139,1.234593015990401
1,validation,MultiClass,140,1.2343713582126807
1,validation,MultiClass,141,1.2350031775489283
1,validation,MultiClass,142,1.2349593756385275
1,validation,MultiClass,143,1.2354891107100174
1,validation,MultiClass,144,1.2353315726353595
1,validation,MultiClass,145,1.2356331848698878
1,validation,MultiClass,146,1.2355700546659254
1,validation,MultiClass,147,1.235311654434772
1,validation,MultiClass,148,1.2349634089198323
1,validation,MultiClass,149,1.2351511722801487
1,validation,MultiClass,150,1.234211350828103
1,validation,MultiClass,151,1.2342287561330632
1,validation,MultiClass,152,1.2340186318949906
1,validation,MultiClass,153,1.2346407537445534
1,validation,MultiClass,154,1.2357122696879448
1,validation,MultiClass,155,1.2350264684355556
1,validation,MultiClass,156,1.2346503553629562
1,validation,MultiClass,157,1.2343250972446846
1,validation,MultiClass,158,1.2340154769728684
1,validation,MultiClass,159,1.2318297166843866
1,validation,MultiClass,160,1.232121867462816
1,validation,MultiClass,161,1.231687083808522
1,validation,MultiClass,162,1.232105716675851
1,validation,MultiClass,163,1.2323459392999503
1,validation,MultiClass,164,1.233180638099666
1,validation,MultiClass,165,1.2330011426907093
1,validation,MultiClass,166,1.2331634726530818
1,validation,MultiClass,167,1.2331222861709854
1,validation,MultiClass,168,1.2327718381191988
1,validation,MultiClass,169,1.232758521747636
1,validation,MultiClass,170,1.2328981073139085
1,validation,MultiClass,171,1.2331150130345263
1,validation,MultiClass,172,1.2332597440979354
1,validation,MultiClass,173,1.2329494375506478
1,validation,MultiClass,174,1.2329012740345373
1,validation,MultiClass,175,1.2326031613908455
1,validation,MultiClass,176,1.2327520585998673
1,validation,MultiClass,177,1.2326963622131446
2,learn,TotalF1:average=Macro,1,0.46218346367877056
2,learn,TotalF1:average=Macro,2,0.4637556243974875
2,learn,TotalF1:average=Macro,3,0.46439932710684956
2,learn,TotalF1:average=Macro,4,0.4881173780936946
2,learn,TotalF1:average=Macro,5,0.5174621065303278
2,learn,TotalF1:average=Macro,6,0.5249837740969766
2,learn,TotalF1:average=Macro,7,0.5367882543967457
2,learn,TotalF1:average=Macro,8,0.5390826869532754
2,learn,TotalF1:average=Macro,9,0.5408000477623424
2,learn,TotalF1:average=Macro,10,0.5447128220718833
2,learn,TotalF1:average=Macro,11,0.5441970525958637
2,learn,TotalF1:average=Macro,12,0.5470736427244786
2,learn,TotalF1:average=Macro,13,0.551775654760991
2,learn,TotalF1:average=Macro,14,0.5557534629674525
2,learn,TotalF1:average=Macro,15,0.5601117838135325
2,learn,TotalF1:average=Macro,16,0.5561053305680685
2,learn,TotalF1:average=Macro,17,0.5643762754775762
2,learn,TotalF1:average=Macro,18,0.5693786156251563
2,learn,TotalF1:average=Macro,19,0.5732694742042306
2,learn,TotalF1:average=Macro,20,0.573378288780872
2,learn,TotalF1:average=Macro,21,0.5746629988484703
2,learn,TotalF1:average=Macro,22,0.575689761794251
2,learn,TotalF1:average=Macro,23,0.5798612452538332
2,learn,TotalF1:average=Macro,24,0.5820866532449963
2,learn,TotalF1:average=Macro,25,0.5826902278006383
2,learn,TotalF1:average=Macro,26,0.5862154931468272
2,learn,TotalF1:average=Macro,27,0.5886240669480101
2,learn,TotalF1:average=Macro,28,0.5852461762535819
2,learn,TotalF1:average=Macro,29,0.5895182183458254
2,learn,TotalF1:average=Macro,30,0.5903681103505365
2,learn,TotalF1:average=Macro,31,0.5934043254305263
2,learn,TotalF1:average=Macro,32,0.5939723801776589
2,learn,TotalF1:average=Macro,33,0.5979576748985644
2,learn,TotalF1:average=Macro,34,0.5999046894129034
2,learn,TotalF1:average=Macro,35,0.5995932748232278
2,learn,TotalF1:average=Macro,36,0.6009626831281928
2,learn,TotalF1:average=Macro,37,0.6014551921685084
2,learn,TotalF1:average=Macro,38,0.6026789260652867
2,learn,TotalF1:average=Macro,39,0.6030407162331106
2,learn,TotalF1:average=Macro,40,0.6047457236527889
2,learn,TotalF1:average=Macro,41,0.6072848163439233
2,learn,TotalF1:average=Macro,42,0.6061086306494818
2,learn,TotalF1:average=Macro,43,0.6060078421566705
2,learn,TotalF1:average=Macro,44,0.6070065423795278
2,learn,TotalF1:average=Macro,45,0.6084306352223235
2,learn,TotalF1:average=Macro,46,0.6098649894052689
2,learn,TotalF1:average=Macro,47,0.6144034309473483
2,learn,TotalF1:average=Macro,48,0.6153524676475302
2,learn,TotalF1:average=Macro,49,0.6232257499128532
2,learn,TotalF1:average=Macro,50,0.6238691660212778
2,learn,TotalF1:average=Macro,51,0.6190875328585912
2,learn,TotalF1:average=Macro,52,0.6223621217518593
2,learn,TotalF1:average=Macro,53,0.6274583351588688
2,learn,TotalF1:average=Macro,54,0.6277922609259132
2,learn,TotalF1:average=Macro,55,0.6292554421554988
2,learn,TotalF1:average=Macro,56,0.6304101353946256
2,learn,TotalF1:average=Macro,57,0.6333110348854862
2,learn,TotalF1:average=Macro,58,0.6339042419069966
2,learn,TotalF1:average=Macro,59,0.6331945506299682
2,learn,TotalF1:average=Macro,60,0.6345125100540547
2,learn,TotalF1:average=Macro,61,0.6355399287188382
2,learn,TotalF1:average=Macro,62,0.6368596329715104
2,learn,TotalF1:average=Macro,63,0.6376538697317293
2,learn,TotalF1:average=Macro,64,0.6387453321751664
2,learn,TotalF1:average=Macro,65,0.639631964425032
2,learn,TotalF1:average=Macro,66,0.6389697357105181
2,learn,TotalF1:average=Macro,67,0.6414507707380319
2,learn,TotalF1:average=Macro,68,0.6435384992577016
2,learn,TotalF1:average=Macro,69,0.645071342370065
2,learn,TotalF1:average=Macro,70,0.6452930239114314
2,learn,TotalF1:average=Macro,71,0.6446094833353206
2,learn,TotalF1:average=Macro,72,0.6460073468991678
2,learn,TotalF1:average=Macro,73,0.6470219246095115
2,learn,TotalF1:average=Macro,74,0.6472557883614628
2,learn,TotalF1:average=Macro,75,0.64859937018473
2,learn,TotalF1:average=Macro,76,0.6486374947672994
2,learn,TotalF1:average=Macro,77,0.648585404546886
2,learn,TotalF1:average=Macro,78,0.648580380893435
2,learn,TotalF1:average=Macro,79,0.6481815398253675
2,learn,TotalF1:average=Macro,80,0.6491255946072505
2,learn,TotalF1:average=Macro,81,0.6486500741815048
2,learn,TotalF1:average=Macro,82,0.6494604825337055
2,learn,TotalF1:average=Macro,83,0.6488499393321121
2,learn,TotalF1:average=Macro,84,0.6492835584124251
2,learn,TotalF1:average=Macro,85,0.6506918240921914
2,learn,TotalF1:average=Macro,86,0.6509439284206
2,learn,TotalF1:average=Macro,87,0.6510055675523262
2,learn,TotalF1:average=Macro,88,0.6529565523901986
2,learn,TotalF1:average=Macro,89,0.6535205701108038
2,learn,TotalF1:average=Macro,90,0.6544016358012775
2,learn,TotalF1:average=Macro,91,0.6535787554102123
2,learn,TotalF1:average=Macro,92,0.65403982362475
2,learn,TotalF1:average=Macro,93,0.6572098257804323
2,learn,TotalF1:average=Macro,94,0.6573812969845154
2,learn,TotalF1:average=Macro,95,0.6617025248633797
2,learn,TotalF1:average=Macro,96,0.6589841690753035
2,learn,TotalF1:average=Macro,97,0.6631759182538912
2,learn,TotalF1:average=Macro,98,0.6631791781467575
2,learn,TotalF1:average=Macro,99,0.6665971540606989
2,learn,TotalF1:average=Macro,100,0.6644320322315695
2,learn,TotalF1:average=Macro,101,0.6682591678151307
2,learn,TotalF1:average=Macro,102,0.6685007600419229
2,learn,TotalF1:average=Macro,103,0.6715997646288346
2,learn,TotalF1:average=Macro,104,0.6722748540103137
2,learn,TotalF1:average=Macro,105,0.6742505702136078
2,learn,TotalF1:average=Macro,106,0.6760069329964764
2,learn,TotalF1:average=Macro,107,0.6753319186631566
2,learn,TotalF1:average=Macro,108,0.6757252532725699
2,learn,TotalF1:average=Macro,109,0.674767750565154
2,learn,TotalF1:average=Macro,110,0.6754919823304175
2,learn,TotalF1:average=Macro,111,0.6771593470023478
2,learn,TotalF1:average=Macro,112,0.6762977498673702
2,learn,TotalF1:average=Macro,113,0.677346223429305
2,learn,TotalF1:average=Macro,114,0.6775031163086022
2,learn,TotalF1:average=Macro,115,0.6779510747674061
2,learn,TotalF1:average=Macro,116,0.6784222670516145
2,learn,TotalF1:average=Macro,117,0.6782610972898242
2,learn,TotalF1:average=Macro,118,0.6798234384601509
2,learn,TotalF1:average=Macro,119,0.6805818670807502
2,learn,TotalF1:average=Macro,120,0.6816495781443106
2,learn,TotalF1:average=Macro,121,0.6818720962380793
2,learn,TotalF1:average=Macro,122,0.6822621464201553
2,learn,TotalF1:average=Macro,123,0.6832612905364818
2,learn,TotalF1:average=Macro,124,0.683169199459544
2,learn,TotalF1:average=Macro,125,0.684889870019151
2,learn,TotalF1:average=Macro,126,0.686856991740789
2,learn,TotalF1:average=Macro,127,0.6859257008573547
2,learn,TotalF1:average=Macro,128,0.6866949978989405
2,learn,TotalF1:average=Macro,129,0.6881271926886195
2,learn,TotalF1:average=Macro,130,0.6885958918717783
2,learn,TotalF1:average=Macro,131,0.6882287400325932
2,learn,TotalF1:average=Macro,132,0.6888879974972837
2,learn,TotalF1:average=Macro,133,0.6898585378613757
2,learn,TotalF1:average=Macro,134,0.6897891088998721
2,learn,TotalF1:average=Macro,135,0.69000842597115
2,learn,TotalF1:average=Macro,136,0.6919396007932445
2,learn,TotalF1:average=Macro,137,0.6908410924114776
2,learn,TotalF1:average=Macro,138,0.6925824250606922
2,learn,TotalF1:average=Macro,139,0.6929747347063909
2,learn,TotalF1:average=Macro,140,0.6933789394866372
2,learn,TotalF1:average=Macro,141,0.6934220125004696
2,learn,TotalF1:average=Macro,142,0.6940958582728852
2,learn,TotalF1:average=Macro,143,0.6952409448094149
2,learn,TotalF1:average=Macro,144,0.6944632248515377
2,learn,TotalF1:average=Macro,145,0.6959504822125381
2,learn,TotalF1:average=Macro,146,0.695634344384406
2,learn,TotalF1:average=Macro,147,0.69760946244154
2,learn,TotalF1:average=Macro,148,0.6970079071231021
2,learn,TotalF1:average=Macro,149,0.6970852885349792
2,learn,TotalF1:average=Macro,150,0.6977988739300212
2,learn,TotalF1:average=Macro,151,0.7006552196066669
2,learn,TotalF1:average=Macro,152,0.6994866372745954
2,learn,TotalF1:average=Macro,153,0.7002005459337844
2,learn,TotalF1:average=Macro,154,0.6998046411829444
2,learn,TotalF1:average=Macro,155,0.6997609053833156
2,learn,TotalF1:average=Macro,156,0.7008663027380282
2,learn,TotalF1:average=Macro,157,0.700087231100683
2,learn,TotalF1:average=Macro,158,0.6998933552854036
2,learn,TotalF1:average=Macro,159,0.7023225972398734
2,learn,TotalF1:average=Macro,160,0.7036124634288204
2,learn,TotalF1:average=Macro,161,0.70340135591657
2,learn,TotalF1:average=Macro,162,0.7034020197958553
2,learn,TotalF1:average=Macro,163,0.7040018690520184
2,learn,TotalF1:average=Macro,164,0.7044478613759321
2,learn,TotalF1:average=Macro,165,0.7052603158101746
2,learn,TotalF1:average=Macro,166,0.7052599774029915
2,learn,TotalF1:average=Macro,167,0.7056470473798857
2,learn,TotalF1:average=Macro,168,0.7051099508531689
2,learn,TotalF1:average=Macro,169,0.7063977767334535
2,learn,TotalF1:average=Macro,170,0.7061147591090374
2,learn,TotalF1:average=Macro,171,0.7063562328803238
2,learn,TotalF1:average=Macro,172,0.7071448686866306
2,learn,TotalF1:average=Macro,173,0.707361951707348
2,learn,TotalF1:average=Macro,174,0.7073616680201844
2,learn,TotalF1:average=Macro,175,0.7071543292835909
2,learn,TotalF1:average=Macro,176,0.7069518039294652
2,learn,TotalF1:average=Macro,177,0.7069518039294652
2,learn,TotalF1:average=Macro,178,0.7070377970831734
2,learn,TotalF1:average=Macro,179,0.7071627470512303
2,learn,TotalF1:average=Macro,180,0.7073550259473842
2,learn,TotalF1:average=Macro,181,0.7080021750988765
2,learn,TotalF1:average=Macro,182,0.7080021750988765
2,learn,TotalF1:average=Macro,183,0.7081679185078527
2,learn,TotalF1:average=Macro,184,0.708161743695719
2,learn,TotalF1:average=Macro,185,0.7083069430928028
2,learn,TotalF1:average=Macro,186,0.7083069430928028
2,learn,TotalF1:average=Macro,187,0.7085935509743685
2,learn,TotalF1:average=Macro,188,0.7086683480171578
2,learn,TotalF1:average=Macro,189,0.7094567184369489
2,learn,TotalF1:average=Macro,190,0.7097207891853348
2,learn,TotalF1:average=Macro,191,0.7097207891853348
2,learn,TotalF1:average=Macro,192,0.7090062262918784
2,learn,TotalF1:average=Macro,193,0.7085647571065955
2,learn,TotalF1:average=Macro,194,0.7092775068496271
2,learn,TotalF1:average=Macro,195,0.7096831081100201
2,learn,TotalF1:average=Macro,196,0.7096831081100201
2,learn,TotalF1:average=Macro,197,0.7097975844800385
2,learn,TotalF1:average=Macro,198,0.7099854936684145
2,learn,TotalF1:average=Macro,199,0.7099854936684145
2,learn,TotalF1:average=Macro,200,0.710086692924897
2,learn,TotalF1:average=Macro,201,0.7100904811488207
2,learn,TotalF1:average=Macro,202,0.7105275923892338
2,learn,TotalF1:average=Macro,203,0.7104809767168832
2,learn,TotalF1:average=Macro,204,0.7102281101473993
2,learn,TotalF1:average=Macro,205,0.7107813935515428
2,learn,TotalF1:average=Macro,206,0.7111523028985597
2,learn,TotalF1:average=Macro,207,0.7117498401488592
2,learn,TotalF1:average=Macro,208,0.7105014238580002
2,learn,TotalF1:average=Macro,209,0.7107901854754113
2,learn,TotalF1:average=Macro,210,0.7106889977517179
2,learn,TotalF1:average=Macro,211,0.7106889977517179
2,learn,TotalF1:average=Macro,212,0.7107953358152233
2,learn,TotalF1:average=Macro,213,0.712193306317141
2,learn,TotalF1:average=Macro,214,0.7126717768305559
2,learn,TotalF1:average=Macro,215,0.713133723261169
2,learn,TotalF1:average=Macro,216,0.7143794117741233
2,learn,MultiClass,1,1.3474933023173028
2,learn,MultiClass,2,1.3166822894715846
2,learn,MultiClass,3,1.292458214191635
2,learn,MultiClass,4,1.26290404170631
2,learn,MultiClass,5,1.2354920950086412
2,learn,MultiClass,6,1.2132327453286231
2,learn,MultiClass,7,1.1925208436731332
2,learn,MultiClass,8,1.175880327956153
2,learn,MultiClass,9,1.1593239896900807
2,learn,MultiClass,10,1.1445075785108816
2,learn,MultiClass,11,1.1293199173624324
2,learn,MultiClass,12,1.1188391833697249
2,learn,MultiClass,13,1.1080890555695802
2,learn,MultiClass,14,1.099794873171545
2,learn,MultiClass,15,1.0897981363055012
2,learn,MultiClass,16,1.0805821049882012
2,learn,MultiClass,17,1.0723980985281354
2,learn,MultiClass,18,1.0658192413201644
2,learn,MultiClass,19,1.0573224972689816
2,learn,MultiClass,20,1.050931285564634
2,learn,MultiClass,21,1.0448910686821795
2,learn,MultiClass,22,1.0398002124314951
2,learn,MultiClass,23,1.033850092330497
2,learn,MultiClass,24,1.02814786011297
2,learn,MultiClass,25,1.0227469310280233
2,learn,MultiClass,26,1.016915216435482
2,learn,MultiClass,27,1.0124399141859237
2,learn,MultiClass,28,1.0090102770802463
2,learn,MultiClass,29,1.0031071010365282
2,learn,MultiClass,30,0.9986676596041502
2,learn,MultiClass,31,0.9935186178999006
2,learn,MultiClass,32,0.9892836844187531
2,learn,MultiClass,33,0.9857744230647674
2,learn,MultiClass,34,0.9821662682188947
2,learn,MultiClass,35,0.977802034795068
2,learn,MultiClass,36,0.9755715260735024
2,learn,MultiClass,37,0.9715920726519437
2,learn,MultiClass,38,0.9683102215053987
2,learn,MultiClass,39,0.965217681802586
2,learn,MultiClass,40,0.9618354311987345
2,learn,MultiClass,41,0.9591250842864957
2,learn,MultiClass,42,0.9567059329892358
2,learn,MultiClass,43,0.9548665779751319
2,learn,MultiClass,44,0.95265433643487
2,learn,MultiClass,45,0.9476006123032684
2,learn,MultiClass,46,0.9428789748308063
2,learn,MultiClass,47,0.9388424989319053
2,learn,MultiClass,48,0.9375178757140359
2,learn,MultiClass,49,0.9339599251411812
2,learn,MultiClass,50,0.9319921377986506
2,learn,MultiClass,51,0.930326410030655
2,learn,MultiClass,52,0.9279588353214488
2,learn,MultiClass,53,0.9256224393850696
2,learn,MultiClass,54,0.9222680452438605
2,learn,MultiClass,55,0.9205069179034979
2,learn,MultiClass,56,0.919464922017193
2,learn,MultiClass,57,0.9149639031705195
2,learn,MultiClass,58,0.9131365072682376
2,learn,MultiClass,59,0.9124496266263962
2,learn,MultiClass,60,0.9100706982764459
2,learn,MultiClass,61,0.9067571494495774
2,learn,MultiClass,62,0.9040677947836891
2,learn,MultiClass,63,0.9020851183985847
2,learn,MultiClass,64,0.9001740330590697
2,learn,MultiClass,65,0.8978878738587046
2,learn,MultiClass,66,0.8957262488950394
2,learn,MultiClass,67,0.8942126779913463
2,learn,MultiClass,68,0.8918363352537413
2,learn,MultiClass,69,0.8889592085704116
2,learn,MultiClass,70,0.8869052982624998
2,learn,MultiClass,71,0.8850199054078148
2,learn,MultiClass,72,0.8829339780372667
2,learn,MultiClass,73,0.8800019159689161
2,learn,MultiClass,74,0.8787482097314773
2,learn,MultiClass,75,0.8777086722617339
2,learn,MultiClass,76,0.8766054107417135
2,learn,MultiClass,77,0.8760736568078907
2,learn,MultiClass,78,0.8740038620589836
2,learn,MultiClass,79,0.8731240803244131
2,learn,MultiClass,80,0.8714090349190249
2,learn,MultiClass,81,0.8706804791494258
2,learn,MultiClass,82,0.8688844127900534
2,learn,MultiClass,83,0.867305114433631
2,learn,MultiClass,84,0.8655213232787657
2,learn,MultiClass,85,0.8641887108339001
2,learn,MultiClass,86,0.8636336939580362
2,learn,MultiClass,87,0.8618484417214238
2,learn,MultiClass,88,0.8600649371107218
2,learn,MultiClass,89,0.8590878787845999
2,learn,MultiClass,90,0.8577576316355997
2,learn,MultiClass,91,0.857100785623029
2,learn,MultiClass,92,0.8555877435405976
2,learn,MultiClass,93,0.8538762705463114
2,learn,MultiClass,94,0.8519407954209963
2,learn,MultiClass,95,0.8499617983957036
2,learn,MultiClass,96,0.8487474920852738
2,learn,MultiClass,97,0.8466732203511276
2,learn,MultiClass,98,0.8450282556453301
2,learn,MultiClass,99,0.8431183117850587
2,learn,MultiClass,100,0.8421956172877713
2,learn,MultiClass,101,0.8401066119575593
2,learn,MultiClass,102,0.8382893240203868
2,learn,MultiClass,103,0.8370114777225384
2,learn,MultiClass,104,0.835605950909925
2,learn,MultiClass,105,0.8334407245475601
2,learn,MultiClass,106,0.8307599243332596
2,learn,MultiClass,107,0.8295309531005152
2,learn,MultiClass,108,0.8280286179385357
2,learn,MultiClass,109,0.8265895876728963
2,learn,MultiClass,110,0.8250163654731977
2,learn,MultiClass,111,0.8230800282105872
2,learn,MultiClass,112,0.8208087664694482
2,learn,MultiClass,113,0.8190428669055745
2,learn,MultiClass,114,0.8179506502912235
2,learn,MultiClass,115,0.8167612374527421
2,learn,MultiClass,116,0.8145900886084759
2,learn,MultiClass,117,0.8132010525683969
2,learn,MultiClass,118,0.8116993985958301
2,learn,MultiClass,119,0.8106102749750663
2,learn,MultiClass,120,0.8095152940172576
2,learn,MultiClass,121,0.8087716309085742
2,learn,MultiClass,122,0.8079641361646832
2,learn,MultiClass,123,0.806640785618044
2,learn,MultiClass,124,0.8053719469433838
2,learn,MultiClass,125,0.8026985704649406
2,learn,MultiClass,126,0.8011670423871714
2,learn,MultiClass,127,0.8004062127772269
2,learn,MultiClass,128,0.7991102367838637
2,learn,MultiClass,129,0.797190256210728
2,learn,MultiClass,130,0.7957144881488624
2,learn,MultiClass,131,0.7941032045119866
2,learn,MultiClass,132,0.7930866935798125
2,learn,MultiClass,133,0.7917629783267826
2,learn,MultiClass,134,0.7908086650979783
2,learn,MultiClass,135,0.7892440644545861
2,learn,MultiClass,136,0.7879779210223989
2,learn,MultiClass,137,0.7871920936860284
2,learn,MultiClass,138,0.7856412411530966
2,learn,MultiClass,139,0.7845647784039611
2,learn,MultiClass,140,0.7838177832109322
2,learn,MultiClass,141,0.7829334441791312
2,learn,MultiClass,142,0.7820085083540048
2,learn,MultiClass,143,0.7813762954047482
2,learn,MultiClass,144,0.7803838331305304
2,learn,MultiClass,145,0.7795101583358618
2,learn,MultiClass,146,0.7773059024232052
2,learn,MultiClass,147,0.7760765948621366
2,learn,MultiClass,148,0.7749277038867061
2,learn,MultiClass,149,0.7739486258203713
2,learn,MultiClass,150,0.7731790464432859
2,learn,MultiClass,151,0.7721240171006302
2,learn,MultiClass,152,0.771073394845459
2,learn,MultiClass,153,0.7701471974136798
2,learn,MultiClass,154,0.7691845329178292
2,learn,MultiClass,155,0.7691039439685242
2,learn,MultiClass,156,0.7683350600355422
2,learn,MultiClass,157,0.7673260187762074
2,learn,MultiClass,158,0.7661665752579487
2,learn,MultiClass,159,0.765064213043458
2,learn,MultiClass,160,0.7644672842033886
2,learn,MultiClass,161,0.7637518207743246
2,learn,MultiClass,162,0.7637293832937488
2,learn,MultiClass,163,0.7626821230442955
2,learn,MultiClass,164,0.7619553883673408
2,learn,MultiClass,165,0.7611361683932948
2,learn,MultiClass,166,0.7611172817978
2,learn,MultiClass,167,0.7605056049709595
2,learn,MultiClass,168,0.759928566781937
2,learn,MultiClass,169,0.7589058451965455
2,learn,MultiClass,170,0.7583630982547417
2,learn,MultiClass,171,0.7574751186610363
2,learn,MultiClass,172,0.7566069894453359
2,learn,MultiClass,173,0.7562427365638065
2,learn,MultiClass,174,0.7552194271555484
2,learn,MultiClass,175,0.754804007093902
2,learn,MultiClass,176,0.7547831103988466
2,learn,MultiClass,177,0.7547784553257415
2,learn,MultiClass,178,0.7546676250778661
2,learn,MultiClass,179,0.7539070586193728
2,learn,MultiClass,180,0.7536849659693685
2,learn,MultiClass,181,0.753074072495359
2,learn,MultiClass,182,0.7530664548520515
2,learn,MultiClass,183,0.7524950028490389
2,learn,MultiClass,184,0.7522981936724834
2,learn,MultiClass,185,0.7516151978748449
2,learn,MultiClass,186,0.7516078365841795
2,learn,MultiClass,187,0.7505104259068061
2,learn,MultiClass,188,0.7498285577443169
2,learn,MultiClass,189,0.7491427788971937
2,learn,MultiClass,190,0.7490600468361759
2,learn,MultiClass,191,0.7490560017040437
2,learn,MultiClass,192,0.74808412666054
2,learn,MultiClass,193,0.7472383768974418
2,learn,MultiClass,194,0.7465416681482437
2,learn,MultiClass,195,0.7462879417507978
2,learn,MultiClass,196,0.7462640193847603
2,learn,MultiClass,197,0.7461651418386666
2,learn,MultiClass,198,0.7461419166937929
2,learn,MultiClass,199,0.7461352224991378
2,learn,MultiClass,200,0.7461106667601466
2,learn,MultiClass,201,0.746087926767268
2,learn,MultiClass,202,0.7453331144010389
2,learn,MultiClass,203,0.7444701085938669
2,learn,MultiClass,204,0.7441015611073156
2,learn,MultiClass,205,0.743817526430524
2,learn,MultiClass,206,0.7435456140335862
2,learn,MultiClass,207,0.742356511758305
2,learn,MultiClass,208,0.741115625804974
2,learn,MultiClass,209,0.7410232387096191
2,learn,MultiClass,210,0.7410168892304065
2,learn,MultiClass,211,0.7409960629799363
2,learn,MultiClass,212,0.7409393644268529
2,learn,MultiClass,213,0.7401215350487323
2,learn,MultiClass,214,0.7389675838857294
2,learn,MultiClass,215,0.7384629925312794
2,learn,MultiClass,216,0.7380199500979963
2,validation,TotalF1:average=Macro,1,0.2749027126807902
2,validation,TotalF1:average=Macro,2,0.27889502849807246
2,validation,TotalF1:average=Macro,3,0.27740417166303666
2,validation,TotalF1:average=Macro,4,0.2913891772609986
2,validation,TotalF1:average=Macro,5,0.3157956464208457
2,validation,TotalF1:average=Macro,6,0.32012086097554615
2,validation,TotalF1:average=Macro,7,0.31682760387082964
2,validation,TotalF1:average=Macro,8,0.321927143096274
2,validation,TotalF1:average=Macro,9,0.3235471293130413
2,validation,TotalF1:average=Macro,10,0.33155992328220174
2,validation,TotalF1:average=Macro,11,0.34109482764956445
2,validation,TotalF1:average=Macro,12,0.33724142006852287
2,validation,TotalF1:average=Macro,13,0.34475295572393017
2,validation,TotalF1:average=Macro,14,0.34492763448031005
2,validation,TotalF1:average=Macro,15,0.3427698409979958
2,validation,TotalF1:average=Macro,16,0.3439537512563178
2,validation,TotalF1:average=Macro,17,0.3416735386075406
2,validation,TotalF1:average=Macro,18,0.3427094392053581
2,validation,TotalF1:average=Macro,19,0.3436282812590088
2,validation,TotalF1:average=Macro,20,0.3468413836418184
2,validation,TotalF1:average=Macro,21,0.3471023263552724
2,validation,TotalF1:average=Macro,22,0.3545186657513847
2,validation,TotalF1:average=Macro,23,0.35790364632858757
2,validation,TotalF1:average=Macro,24,0.36051433278998635
2,validation,TotalF1:average=Macro,25,0.3632659775880942
2,validation,TotalF1:average=Macro,26,0.36878709238121854
2,validation,TotalF1:average=Macro,27,0.3726401018697346
2,validation,TotalF1:average=Macro,28,0.3745249102167094
2,validation,TotalF1:average=Macro,29,0.3780893707186811
2,validation,TotalF1:average=Macro,30,0.383112372595823
2,validation,TotalF1:average=Macro,31,0.385160244986168
2,validation,TotalF1:average=Macro,32,0.3804711345313082
2,validation,TotalF1:average=Macro,33,0.37455331437196426
2,validation,TotalF1:average=Macro,34,0.37689886732739114
2,validation,TotalF1:average=Macro,35,0.37952720338092816
2,validation,TotalF1:average=Macro,36,0.3793332781999147
2,validation,TotalF1:average=Macro,37,0.3763865575870802
2,validation,TotalF1:average=Macro,38,0.3782847159510575
2,validation,TotalF1:average=Macro,39,0.3751502901279139
2,validation,TotalF1:average=Macro,40,0.3725246232009911
2,validation,TotalF1:average=Macro,41,0.372062299021355
2,validation,TotalF1:average=Macro,42,0.36971503685309026
2,validation,TotalF1:average=Macro,43,0.37011958461883987
2,validation,TotalF1:average=Macro,44,0.3792896144191334
2,validation,TotalF1:average=Macro,45,0.3791088735455824
2,validation,TotalF1:average=Macro,46,0.3808872918877662
2,validation,TotalF1:average=Macro,47,0.37527030575868614
2,validation,TotalF1:average=Macro,48,0.37872344632747923
2,validation,TotalF1:average=Macro,49,0.38246867720424144
2,validation,TotalF1:average=Macro,50,0.3795849982480649
2,validation,TotalF1:average=Macro,51,0.38128121234421
2,validation,TotalF1:average=Macro,52,0.3795209681385178
2,validation,TotalF1:average=Macro,53,0.382363808733725
2,validation,TotalF1:average=Macro,54,0.3766569324148453
2,validation,TotalF1:average=Macro,55,0.3776142424931571
2,validation,TotalF1:average=Macro,56,0.37880812034561656
2,validation,TotalF1:average=Macro,57,0.379959352111479
2,validation,TotalF1:average=Macro,58,0.37693032762442447
2,validation,TotalF1:average=Macro,59,0.37657682108626717
2,validation,TotalF1:average=Macro,60,0.38039798787175616
2,validation,TotalF1:average=Macro,61,0.3759944901192583
2,validation,TotalF1:average=Macro,62,0.3752275738830796
2,validation,TotalF1:average=Macro,63,0.3712463278649728
2,validation,TotalF1:average=Macro,64,0.3739195009535602
2,validation,TotalF1:average=Macro,65,0.38228559605790313
2,validation,TotalF1:average=Macro,66,0.3856045326875589
2,validation,TotalF1:average=Macro,67,0.3844128614613225
2,validation,TotalF1:average=Macro,68,0.3827345586254107
2,validation,TotalF1:average=Macro,69,0.3780149153762683
2,validation,TotalF1:average=Macro,70,0.3790815339710367
2,validation,TotalF1:average=Macro,71,0.3819039675056892
2,validation,TotalF1:average=Macro,72,0.3814965061022604
2,validation,TotalF1:average=Macro,73,0.378201785192564
2,validation,TotalF1:average=Macro,74,0.37861792881186773
2,validation,TotalF1:average=Macro,75,0.3790661837880574
2,validation,TotalF1:average=Macro,76,0.38010381426618345
2,validation,TotalF1:average=Macro,77,0.376875038662722
2,validation,TotalF1:average=Macro,78,0.3826560795463727
2,validation,TotalF1:average=Macro,79,0.3784333515810866
2,validation,TotalF1:average=Macro,80,0.3773077723073973
2,validation,TotalF1:average=Macro,81,0.3732323991120219
2,validation,TotalF1:average=Macro,82,0.37393913533254286
2,validation,TotalF1:average=Macro,83,0.37391495574344324
2,validation,TotalF1:average=Macro,84,0.3705892030001017
2,validation,TotalF1:average=Macro,85,0.3766472051990658
2,validation,TotalF1:average=Macro,86,0.3759389761147245
2,validation,TotalF1:average=Macro,87,0.3758299861084795
2,validation,TotalF1:average=Macro,88,0.37570557458354276
2,validation,TotalF1:average=Macro,89,0.37633667746535127
2,validation,TotalF1:average=Macro,90,0.3698331829361464
2,validation,TotalF1:average=Macro,91,0.3708252464282099
2,validation,TotalF1:average=Macro,92,0.36958407224016543
2,validation,TotalF1:average=Macro,93,0.37166349621563605
2,validation,TotalF1:average=Macro,94,0.3729869114808365
2,validation,TotalF1:average=Macro,95,0.3773477813164395
2,validation,TotalF1:average=Macro,96,0.3769920528733289
2,validation,TotalF1:average=Macro,97,0.3753952015819704
2,validation,TotalF1:average=Macro,98,0.3789480480194896
2,validation,TotalF1:average=Macro,99,0.3771099091848735
2,validation,TotalF1:average=Macro,100,0.3762671903843996
2,validation,TotalF1:average=Macro,101,0.37949174343820613
2,validation,TotalF1:average=Macro,102,0.3751842322226413
2,validation,TotalF1:average=Macro,103,0.37702744458684323
2,validation,TotalF1:average=Macro,104,0.37466432515989123
2,validation,TotalF1:average=Macro,105,0.37160076807510534
2,validation,TotalF1:average=Macro,106,0.37032279629386755
2,validation,TotalF1:average=Macro,107,0.37106182050127823
2,validation,TotalF1:average=Macro,108,0.36598721576618465
2,validation,TotalF1:average=Macro,109,0.3655517843083539
2,validation,TotalF1:average=Macro,110,0.3671383937132503
2,validation,TotalF1:average=Macro,111,0.36733942887291804
2,validation,TotalF1:average=Macro,112,0.3671155010217613
2,validation,TotalF1:average=Macro,113,0.3659765064902153
2,validation,TotalF1:average=Macro,114,0.36230025055556114
2,validation,TotalF1:average=Macro,115,0.3626851134557487
2,validation,TotalF1:average=Macro,116,0.3619913665212423
2,validation,TotalF1:average=Macro,117,0.3615267482609841
2,validation,TotalF1:average=Macro,118,0.3621144685926617
2,validation,TotalF1:average=Macro,119,0.36017094148116113
2,validation,TotalF1:average=Macro,120,0.36054866846704126
2,validation,TotalF1:average=Macro,121,0.36103173900660146
2,validation,TotalF1:average=Macro,122,0.3614512444704687
2,validation,TotalF1:average=Macro,123,0.36146625339194005
2,validation,TotalF1:average=Macro,124,0.360258523923341
2,validation,TotalF1:average=Macro,125,0.3622016340494171
2,validation,TotalF1:average=Macro,126,0.3580598164878154
2,validation,TotalF1:average=Macro,127,0.3580598164878154
2,validation,TotalF1:average=Macro,128,0.3593018153337382
2,validation,TotalF1:average=Macro,129,0.3593272144406478
2,validation,TotalF1:average=Macro,130,0.3593272144406478
2,validation,TotalF1:average=Macro,131,0.3602027334067185
2,validation,TotalF1:average=Macro,132,0.3602027334067185
2,validation,TotalF1:average=Macro,133,0.3612597340016201
2,validation,TotalF1:average=Macro,134,0.3609373719456358
2,validation,TotalF1:average=Macro,135,0.3620730414591466
2,validation,TotalF1:average=Macro,136,0.36237358383684015
2,validation,TotalF1:average=Macro,137,0.3637854150423382
2,validation,TotalF1:average=Macro,138,0.3622615221220314
2,validation,TotalF1:average=Macro,139,0.3621855282252428
2,validation,TotalF1:average=Macro,140,0.36006048403968904
2,validation,TotalF1:average=Macro,141,0.36128198300056624
2,validation,TotalF1:average=Macro,142,0.36128198300056624
2,validation,TotalF1:average=Macro,143,0.36234556222005565
2,validation,TotalF1:average=Macro,144,0.36234556222005565
2,validation,TotalF1:average=Macro,145,0.36603581015699715
2,validation,TotalF1:average=Macro,146,0.36332617083107477
2,validation,TotalF1:average=Macro,147,0.3643723926161543
2,validation,TotalF1:average=Macro,148,0.36402331538737526
2,validation,TotalF1:average=Macro,149,0.3632382023946623
2,validation,TotalF1:average=Macro,150,0.36367457623476723
2,validation,TotalF1:average=Macro,151,0.3654682443581764
2,validation,TotalF1:average=Macro,152,0.3650276437828755
2,validation,TotalF1:average=Macro,153,0.3589727474112616
2,validation,TotalF1:average=Macro,154,0.3572020871911724
2,validation,TotalF1:average=Macro,155,0.36131027920045355
2,validation,TotalF1:average=Macro,156,0.35753385106646113
2,validation,TotalF1:average=Macro,157,0.3579111459404449
2,validation,TotalF1:average=Macro,158,0.3565018369748147
2,validation,TotalF1:average=Macro,159,0.35857646375910923
2,validation,TotalF1:average=Macro,160,0.3585892781438341
2,validation,TotalF1:average=Macro,161,0.356418181147804
2,validation,TotalF1:average=Macro,162,0.356418181147804
2,validation,TotalF1:average=Macro,163,0.358599795034523
2,validation,TotalF1:average=Macro,164,0.35826301298457885
2,validation,TotalF1:average=Macro,165,0.3604051351306009
2,validation,TotalF1:average=Macro,166,0.3604051351306009
2,validation,TotalF1:average=Macro,167,0.36004714446628616
2,validation,TotalF1:average=Macro,168,0.35586173189411996
2,validation,TotalF1:average=Macro,169,0.35514433193732686
2,validation,TotalF1:average=Macro,170,0.35514433193732686
2,validation,TotalF1:average=Macro,171,0.3596985085023032
2,validation,TotalF1:average=Macro,172,0.3593928778680988
2,validation,TotalF1:average=Macro,173,0.36538359774518697
2,validation,TotalF1:average=Macro,174,0.360925349801123
2,validation,TotalF1:average=Macro,175,0.3588702138678408
2,validation,TotalF1:average=Macro,176,0.35923310166863104
2,validation,TotalF1:average=Macro,177,0.35923310166863104
2,validation,TotalF1:average=Macro,178,0.3591363442078823
2,validation,TotalF1:average=Macro,179,0.35982315828311406
2,validation,TotalF1:average=Macro,180,0.363982019789597
2,validation,TotalF1:average=Macro,181,0.3548577481971975
2,validation,TotalF1:average=Macro,182,0.3548577481971975
2,validation,TotalF1:average=Macro,183,0.35900507901887013
2,validation,TotalF1:average=Macro,184,0.3600393316053681
2,validation,TotalF1:average=Macro,185,0.3582552446259729
2,validation,TotalF1:average=Macro,186,0.3582552446259729
2,validation,TotalF1:average=Macro,187,0.36057498712433345
2,validation,TotalF1:average=Macro,188,0.3586588537004013
2,validation,TotalF1:average=Macro,189,0.35726094605249364
2,validation,TotalF1:average=Macro,190,0.35726094605249364
2,validation,TotalF1:average=Macro,191,0.35726094605249364
2,validation,TotalF1:average=Macro,192,0.35659092487554545
2,validation,TotalF1:average=Macro,193,0.3564563745469985
2,validation,TotalF1:average=Macro,194,0.3588258475446458
2,validation,TotalF1:average=Macro,195,0.35771817473495404
2,validation,TotalF1:average=Macro,196,0.35771817473495404
2,validation,TotalF1:average=Macro,197,0.35771817473495404
2,validation,TotalF1:average=Macro,198,0.35771817473495404
2,validation,TotalF1:average=Macro,199,0.35771817473495404
2,validation,TotalF1:average=Macro,200,0.35771817473495404
2,validation,TotalF1:average=Macro,201,0.35771817473495404
2,validation,TotalF1:average=Macro,202,0.36319923916123364
2,validation,TotalF1:average=Macro,203,0.35642878517164883
2,validation,TotalF1:average=Macro,204,0.3636801060877215
2,validation,TotalF1:average=Macro,205,0.3650532985484616
2,validation,TotalF1:average=Macro,206,0.362841703973354
2,validation,TotalF1:average=Macro,207,0.36359291343279376
2,validation,TotalF1:average=Macro,208,0.3575584914551716
2,validation,TotalF1:average=Macro,209,0.3572140847809917
2,validation,TotalF1:average=Macro,210,0.3572140847809917
2,validation,TotalF1:average=Macro,211,0.3572140847809917
2,validation,TotalF1:average=Macro,212,0.3572140847809917
2,validation,TotalF1:average=Macro,213,0.3592967643319753
2,validation,TotalF1:average=Macro,214,0.3562694772439131
2,validation,TotalF1:average=Macro,215,0.3566712314132694
2,validation,TotalF1:average=Macro,216,0.3605091127810901
2,validation,MultiClass,1,1.3535336501814537
2,validation,MultiClass,2,1.323338764545087
2,validation,MultiClass,3,1.3082413378570634
2,validation,MultiClass,4,1.2919426323072172
2,validation,MultiClass,5,1.265155668780204
2,validation,MultiClass,6,1.2464007942996593
2,validation,MultiClass,7,1.239344262350429
2,validation,MultiClass,8,1.2270876454839457
2,validation,MultiClass,9,1.2219114177260981
2,validation,MultiClass,10,1.2050569502181416
2,validation,MultiClass,11,1.1981807793011219
2,validation,MultiClass,12,1.1862704421248245
2,validation,MultiClass,13,1.18117928187397
2,validation,MultiClass,14,1.176730430690571
2,validation,MultiClass,15,1.174571745720804
2,validation,MultiClass,16,1.1694983631473361
2,validation,MultiClass,17,1.1643342639770242
2,validation,MultiClass,18,1.1647704088259039
2,validation,MultiClass,19,1.155341631713796
2,validation,MultiClass,20,1.1551140055409717
2,validation,MultiClass,21,1.1544771116458212
2,validation,MultiClass,22,1.1472817352387867
2,validation,MultiClass,23,1.1472812055729729
2,validation,MultiClass,24,1.146285772399303
2,validation,MultiClass,25,1.1471919424313122
2,validation,MultiClass,26,1.142383141191719
2,validation,MultiClass,27,1.1392260005051051
2,validation,MultiClass,28,1.1376210112299727
2,validation,MultiClass,29,1.1340201267037406
2,validation,MultiClass,30,1.1319812988951081
2,validation,MultiClass,31,1.1326755917541904
2,validation,MultiClass,32,1.1305228175163513
2,validation,MultiClass,33,1.132480197595608
2,validation,MultiClass,34,1.1319092291880892
2,validation,MultiClass,35,1.1314866314892524
2,validation,MultiClass,36,1.1332678981626196
2,validation,MultiClass,37,1.1351914344140102
2,validation,MultiClass,38,1.1367065736658124
2,validation,MultiClass,39,1.1359081493792436
2,validation,MultiClass,40,1.1356056093175677
2,validation,MultiClass,41,1.1376427056489722
2,validation,MultiClass,42,1.1395099229911057
2,validation,MultiClass,43,1.1398951032763163
2,validation,MultiClass,44,1.1407216686334571
2,validation,MultiClass,45,1.1407057814095614
2,validation,MultiClass,46,1.1406018398447488
2,validation,MultiClass,47,1.1395121201003926
2,validation,MultiClass,48,1.1408858227098064
2,validation,MultiClass,49,1.141311698346332
2,validation,MultiClass,50,1.1443171486652879
2,validation,MultiClass,51,1.1434273441171185
2,validation,MultiClass,52,1.1443091478053593
2,validation,MultiClass,53,1.141931693445839
2,validation,MultiClass,54,1.141225386991622
2,validation,MultiClass,55,1.14125353107185
2,validation,MultiClass,56,1.1415467749199595
2,validation,MultiClass,57,1.143133939460066
2,validation,MultiClass,58,1.1436974200139958
2,validation,MultiClass,59,1.1433762690753095
2,validation,MultiClass,60,1.1464557822483812
2,validation,MultiClass,61,1.146357564429792
2,validation,MultiClass,62,1.1433053431934632
2,validation,MultiClass,63,1.1424072010921784
2,validation,MultiClass,64,1.1431916748405622
2,validation,MultiClass,65,1.1421015023018786
2,validation,MultiClass,66,1.1416025786628188
2,validation,MultiClass,67,1.1403661144488706
2,validation,MultiClass,68,1.1411695799034782
2,validation,MultiClass,69,1.1392349861544868
2,validation,MultiClass,70,1.1379891413133436
2,validation,MultiClass,71,1.1359872813995864
2,validation,MultiClass,72,1.1358923344052803
2,validation,MultiClass,73,1.1357896856128082
2,validation,MultiClass,74,1.135670119347256
2,validation,MultiClass,75,1.135236354288916
2,validation,MultiClass,76,1.1359183588303114
2,validation,MultiClass,77,1.1367637500224939
2,validation,MultiClass,78,1.137174033809175
2,validation,MultiClass,79,1.1373501731519602
2,validation,MultiClass,80,1.1367655862067874
2,validation,MultiClass,81,1.137571425018883
2,validation,MultiClass,82,1.1374556578870925
2,validation,MultiClass,83,1.1384108257268355
2,validation,MultiClass,84,1.138115967888671
2,validation,MultiClass,85,1.1390458491696072
2,validation,MultiClass,86,1.1386163275377057
2,validation,MultiClass,87,1.1406950882070548
2,validation,MultiClass,88,1.1410075507420534
2,validation,MultiClass,89,1.1422743057862752
2,validation,MultiClass,90,1.1425853919611062
2,validation,MultiClass,91,1.1432644252882853
2,validation,MultiClass,92,1.1448719157682088
2,validation,MultiClass,93,1.145856040997816
2,validation,MultiClass,94,1.145696125339267
2,validation,MultiClass,95,1.146038218442464
2,validation,MultiClass,96,1.1453578865007998
2,validation,MultiClass,97,1.1456132660840992
2,validation,MultiClass,98,1.1471143785211844
2,validation,MultiClass,99,1.1477070286414692
2,validation,MultiClass,100,1.147102886199088
2,validation,MultiClass,101,1.1463538378892986
2,validation,MultiClass,102,1.1469039107964896
2,validation,MultiClass,103,1.1471666632120214
2,validation,MultiClass,104,1.1465515710877379
2,validation,MultiClass,105,1.147185074635301
2,validation,MultiClass,106,1.147550843516219
2,validation,MultiClass,107,1.1466365341774034
2,validation,MultiClass,108,1.1482827396065438
2,validation,MultiClass,109,1.1492541506055032
2,validation,MultiClass,110,1.151849998436253
2,validation,MultiClass,111,1.153787999669691
2,validation,MultiClass,112,1.153645458118733
2,validation,MultiClass,113,1.1535888197121977
2,validation,MultiClass,114,1.153759430163256
2,validation,MultiClass,115,1.1537824412393674
2,validation,MultiClass,116,1.154047910298228
2,validation,MultiClass,117,1.154852726621459
2,validation,MultiClass,118,1.154716467328015
2,validation,MultiClass,119,1.155190898287128
2,validation,MultiClass,120,1.1552671238335468
2,validation,MultiClass,121,1.156654856383505
2,validation,MultiClass,122,1.1575710290428256
2,validation,MultiClass,123,1.157020055171967
2,validation,MultiClass,124,1.1579511412690673
2,validation,MultiClass,125,1.1586246175118897
2,validation,MultiClass,126,1.161979620566235
2,validation,MultiClass,127,1.162739549543477
2,validation,MultiClass,128,1.1640616047915306
2,validation,MultiClass,129,1.1636133596213165
2,validation,MultiClass,130,1.1641977165273247
2,validation,MultiClass,131,1.1636919802733265
2,validation,MultiClass,132,1.163174519379349
2,validation,MultiClass,133,1.1632617061181751
2,validation,MultiClass,134,1.163542785860835
2,validation,MultiClass,135,1.1630502412243637
2,validation,MultiClass,136,1.1640128924275746
2,validation,MultiClass,137,1.1638275668707443
2,validation,MultiClass,138,1.1658186131940735
2,validation,MultiClass,139,1.1656273162519346
2,validation,MultiClass,140,1.1661426997454418
2,validation,MultiClass,141,1.1661339853214203
2,validation,MultiClass,142,1.1661154950378756
2,validation,MultiClass,143,1.1660865574234174
2,validation,MultiClass,144,1.1661797164895715
2,validation,MultiClass,145,1.166781377244131
2,validation,MultiClass,146,1.16743902307053
2,validation,MultiClass,147,1.1682520133098728
2,validation,MultiClass,148,1.168260487162629
2,validation,MultiClass,149,1.1690696946808088
2,validation,MultiClass,150,1.1695165081727004
2,validation,MultiClass,151,1.1698043785673569
2,validation,MultiClass,152,1.170224690762384
2,validation,MultiClass,153,1.1709139484252118
2,validation,MultiClass,154,1.1711024422888285
2,validation,MultiClass,155,1.1709264568168798
2,validation,MultiClass,156,1.171029340430397
2,validation,MultiClass,157,1.17102094994544
2,validation,MultiClass,158,1.1715958677510323
2,validation,MultiClass,159,1.1736604221535336
2,validation,MultiClass,160,1.1737208112195192
2,validation,MultiClass,161,1.1741633017788344
2,validation,MultiClass,162,1.1741138777969518
2,validation,MultiClass,163,1.1740318415755466
2,validation,MultiClass,164,1.1749072319960765
2,validation,MultiClass,165,1.1758445378095401
2,validation,MultiClass,166,1.1757872320031395
2,validation,MultiClass,167,1.1757589320058863
2,validation,MultiClass,168,1.1757031237204942
2,validation,MultiClass,169,1.176780321441027
2,validation,MultiClass,170,1.1774449439233607
2,validation,MultiClass,171,1.1778946252568279
2,validation,MultiClass,172,1.1782916028319599
2,validation,MultiClass,173,1.1792396688373437
2,validation,MultiClass,174,1.1796689894029588
2,validation,MultiClass,175,1.180579651451186
2,validation,MultiClass,176,1.180549810874529
2,validation,MultiClass,177,1.1805281005436368
2,validation,MultiClass,178,1.180812602622564
2,validation,MultiClass,179,1.1812573083743074
2,validation,MultiClass,180,1.181334931179006
2,validation,MultiClass,181,1.1820491276792664
2,validation,MultiClass,182,1.1820224757623838
2,validation,MultiClass,183,1.1837870209990822
2,validation,MultiClass,184,1.183915669474135
2,validation,MultiClass,185,1.1841332540018858
2,validation,MultiClass,186,1.1841100996387361
2,validation,MultiClass,187,1.1860433673003121
2,validation,MultiClass,188,1.1863176817830645
2,validation,MultiClass,189,1.1861861434102872
2,validation,MultiClass,190,1.186674310845886
2,validation,MultiClass,191,1.1866506193352002
2,validation,MultiClass,192,1.1857935438178553
2,validation,MultiClass,193,1.1863068881152043
2,validation,MultiClass,194,1.186919814809763
2,validation,MultiClass,195,1.1867892816703653
2,validation,MultiClass,196,1.1867992252842825
2,validation,MultiClass,197,1.1866922061724055
2,validation,MultiClass,198,1.1866909232744756
2,validation,MultiClass,199,1.1866653145167345
2,validation,MultiClass,200,1.1866764649977561
2,validation,MultiClass,201,1.1866865034010083
2,validation,MultiClass,202,1.1863336760436456
2,validation,MultiClass,203,1.1852010045412782
2,validation,MultiClass,204,1.1849803690007066
2,validation,MultiClass,205,1.1854802527056667
2,validation,MultiClass,206,1.1855403645822489
2,validation,MultiClass,207,1.1851880832005495
2,validation,MultiClass,208,1.1851373572159056
2,validation,MultiClass,209,1.1853322436049378
2,validation,MultiClass,210,1.185301676977653
2,validation,MultiClass,211,1.1853039251784487
2,validation,MultiClass,212,1.1852734562750902
2,validation,MultiClass,213,1.187943651111392
2,validation,MultiClass,214,1.1884232714799812
2,validation,MultiClass,215,1.188571383872727
2,validation,MultiClass,216,1.1882909454037032
3,learn,TotalF1:average=Macro,1,0.4819141195553729
3,learn,TotalF1:average=Macro,2,0.48443250348756495
3,learn,TotalF1:average=Macro,3,0.5387650215793561
3,learn,TotalF1:average=Macro,4,0.5352688495858153
3,learn,TotalF1:average=Macro,5,0.5440394199384982
3,learn,TotalF1:average=Macro,6,0.5434922034873743
3,learn,TotalF1:average=Macro,7,0.5521749708870627
3,learn,TotalF1:average=Macro,8,0.5519379101036244
3,learn,TotalF1:average=Macro,9,0.5497130838885566
3,learn,TotalF1:average=Macro,10,0.5524284417860816
3,learn,TotalF1:average=Macro,11,0.5548647917796292
3,learn,TotalF1:average=Macro,12,0.5543429370507793
3,learn,TotalF1:average=Macro,13,0.5572803893290638
3,learn,TotalF1:average=Macro,14,0.5563334702887005
3,learn,TotalF1:average=Macro,15,0.5611912090580701
3,learn,TotalF1:average=Macro,16,0.5673617160526436
3,learn,TotalF1:average=Macro,17,0.5631930218370951
3,learn,TotalF1:average=Macro,18,0.5693581943339387
3,learn,TotalF1:average=Macro,19,0.5703273150635718
3,learn,TotalF1:average=Macro,20,0.5704893542553323
3,learn,TotalF1:average=Macro,21,0.5721288412197566
3,learn,TotalF1:average=Macro,22,0.5742669868569662
3,learn,TotalF1:average=Macro,23,0.575359551137453
3,learn,TotalF1:average=Macro,24,0.5761320262487566
3,learn,TotalF1:average=Macro,25,0.5781612405741443
3,learn,TotalF1:average=Macro,26,0.5800455258853066
3,learn,TotalF1:average=Macro,27,0.5830821917021802
3,learn,TotalF1:average=Macro,28,0.5853500353391581
3,learn,TotalF1:average=Macro,29,0.5870752644063625
3,learn,TotalF1:average=Macro,30,0.587583349401031
3,learn,TotalF1:average=Macro,31,0.5903105914536162
3,learn,TotalF1:average=Macro,32,0.5940915565837157
3,learn,TotalF1:average=Macro,33,0.594552223258131
3,learn,TotalF1:average=Macro,34,0.59936191633339
3,learn,TotalF1:average=Macro,35,0.6020459354134883
3,learn,TotalF1:average=Macro,36,0.6048856499224609
3,learn,TotalF1:average=Macro,37,0.6054862757633901
3,learn,TotalF1:average=Macro,38,0.608367215295365
3,learn,TotalF1:average=Macro,39,0.6096744605334177
3,learn,TotalF1:average=Macro,40,0.6121761363191829
3,learn,TotalF1:average=Macro,41,0.6138149066842229
3,learn,TotalF1:average=Macro,42,0.6154450501062081
3,learn,TotalF1:average=Macro,43,0.616950650119183
3,learn,TotalF1:average=Macro,44,0.6150522777232288
3,learn,TotalF1:average=Macro,45,0.6154908555912355
3,learn,TotalF1:average=Macro,46,0.6173707533293167
3,learn,TotalF1:average=Macro,47,0.6178757462544077
3,learn,TotalF1:average=Macro,48,0.6196875209268768
3,learn,TotalF1:average=Macro,49,0.6212501276321953
3,learn,TotalF1:average=Macro,50,0.6251116827343235
3,learn,TotalF1:average=Macro,51,0.6255009559720525
3,learn,TotalF1:average=Macro,52,0.628624878717418
3,learn,TotalF1:average=Macro,53,0.628732852790762
3,learn,TotalF1:average=Macro,54,0.627662261450273
3,learn,TotalF1:average=Macro,55,0.6334318095977286
3,learn,TotalF1:average=Macro,56,0.631312591640211
3,learn,TotalF1:average=Macro,57,0.6330117844774674
3,learn,TotalF1:average=Macro,58,0.634980035812138
3,learn,TotalF1:average=Macro,59,0.6378965768469675
3,learn,TotalF1:average=Macro,60,0.63853469027226
3,learn,TotalF1:average=Macro,61,0.6409090402354221
3,learn,TotalF1:average=Macro,62,0.6406144536754059
3,learn,TotalF1:average=Macro,63,0.6400329712190688
3,learn,TotalF1:average=Macro,64,0.6414922820705569
3,learn,TotalF1:average=Macro,65,0.6428910218415115
3,learn,TotalF1:average=Macro,66,0.6431274618510512
3,learn,TotalF1:average=Macro,67,0.6447363678313777
3,learn,TotalF1:average=Macro,68,0.6448272632121275
3,learn,TotalF1:average=Macro,69,0.6451744445520696
3,learn,TotalF1:average=Macro,70,0.6473985651449554
3,learn,TotalF1:average=Macro,71,0.6472508778936443
3,learn,TotalF1:average=Macro,72,0.6491183305428255
3,learn,TotalF1:average=Macro,73,0.648742783972985
3,learn,TotalF1:average=Macro,74,0.6509165984859204
3,learn,TotalF1:average=Macro,75,0.6494129512981222
3,learn,TotalF1:average=Macro,76,0.6505190819218539
3,learn,TotalF1:average=Macro,77,0.6512250920809793
3,learn,TotalF1:average=Macro,78,0.6538577525935767
3,learn,TotalF1:average=Macro,79,0.6558066010791621
3,learn,TotalF1:average=Macro,80,0.6562532445378885
3,learn,TotalF1:average=Macro,81,0.6564723857704939
3,learn,TotalF1:average=Macro,82,0.6576132218674922
3,learn,TotalF1:average=Macro,83,0.6599492999362562
3,learn,TotalF1:average=Macro,84,0.6608205919573866
3,learn,TotalF1:average=Macro,85,0.6614808834550516
3,learn,TotalF1:average=Macro,86,0.6615636040085963
3,learn,TotalF1:average=Macro,87,0.661043887401405
3,learn,TotalF1:average=Macro,88,0.6621835910300837
3,learn,TotalF1:average=Macro,89,0.662164669071348
3,learn,TotalF1:average=Macro,90,0.6653420728718736
3,learn,TotalF1:average=Macro,91,0.6641052893268924
3,learn,TotalF1:average=Macro,92,0.6671609080245267
3,learn,TotalF1:average=Macro,93,0.6678040737504611
3,learn,TotalF1:average=Macro,94,0.669610929810098
3,learn,TotalF1:average=Macro,95,0.671510189905637
3,learn,TotalF1:average=Macro,96,0.6719577121137644
3,learn,TotalF1:average=Macro,97,0.6717141957915047
3,learn,TotalF1:average=Macro,98,0.6737464587282085
3,learn,TotalF1:average=Macro,99,0.6703321225721952
3,learn,TotalF1:average=Macro,100,0.6713390671340849
3,learn,TotalF1:average=Macro,101,0.6736554534442112
3,learn,TotalF1:average=Macro,102,0.6742148690811419
3,learn,TotalF1:average=Macro,103,0.6745618753685758
3,learn,TotalF1:average=Macro,104,0.6748155933555341
3,learn,TotalF1:average=Macro,105,0.6752793760019656
3,learn,TotalF1:average=Macro,106,0.6758032646805614
3,learn,TotalF1:average=Macro,107,0.677307856012374
3,learn,TotalF1:average=Macro,108,0.677307856012374
3,learn,TotalF1:average=Macro,109,0.678603148116866
3,learn,TotalF1:average=Macro,110,0.6784527432964342
3,learn,TotalF1:average=Macro,111,0.6795360482228646
3,learn,TotalF1:average=Macro,112,0.6797148020939586
3,learn,TotalF1:average=Macro,113,0.6804802687613005
3,learn,TotalF1:average=Macro,114,0.6815360898100671
3,learn,TotalF1:average=Macro,115,0.6820598031904077
3,learn,TotalF1:average=Macro,116,0.6818512276080959
3,learn,TotalF1:average=Macro,117,0.6849514902041557
3,learn,TotalF1:average=Macro,118,0.6857591406318935
3,learn,TotalF1:average=Macro,119,0.6859901917734457
3,learn,TotalF1:average=Macro,120,0.6866703876654162
3,learn,TotalF1:average=Macro,121,0.6874685667701963
3,learn,TotalF1:average=Macro,122,0.6882823949819935
3,learn,TotalF1:average=Macro,123,0.6881572060049019
3,learn,TotalF1:average=Macro,124,0.6886129636615815
3,learn,TotalF1:average=Macro,125,0.6883945409222091
3,learn,TotalF1:average=Macro,126,0.6891801333671365
3,learn,TotalF1:average=Macro,127,0.6888151821066274
3,learn,TotalF1:average=Macro,128,0.6894367679715363
3,learn,TotalF1:average=Macro,129,0.6890426105068015
3,learn,TotalF1:average=Macro,130,0.6882385443101677
3,learn,TotalF1:average=Macro,131,0.6896734813619916
3,learn,TotalF1:average=Macro,132,0.6916824377398577
3,learn,TotalF1:average=Macro,133,0.6923534454780925
3,learn,TotalF1:average=Macro,134,0.6927299260020202
3,learn,TotalF1:average=Macro,135,0.6927628664689838
3,learn,TotalF1:average=Macro,136,0.6932527463372531
3,learn,TotalF1:average=Macro,137,0.6931552739973746
3,learn,TotalF1:average=Macro,138,0.6932351733438344
3,learn,TotalF1:average=Macro,139,0.6940976867152268
3,learn,TotalF1:average=Macro,140,0.6948210335991867
3,learn,TotalF1:average=Macro,141,0.6937760053212487
3,learn,TotalF1:average=Macro,142,0.6946371972826392
3,learn,TotalF1:average=Macro,143,0.694867216464814
3,learn,TotalF1:average=Macro,144,0.6945465886979613
3,learn,TotalF1:average=Macro,145,0.6955249763875535
3,learn,TotalF1:average=Macro,146,0.6961644587630246
3,learn,TotalF1:average=Macro,147,0.6971065639005032
3,learn,TotalF1:average=Macro,148,0.6980374161576672
3,learn,TotalF1:average=Macro,149,0.6988001226085403
3,learn,TotalF1:average=Macro,150,0.6985453180220268
3,learn,TotalF1:average=Macro,151,0.6983017422894724
3,learn,TotalF1:average=Macro,152,0.6991350777855317
3,learn,TotalF1:average=Macro,153,0.6992733933651369
3,learn,TotalF1:average=Macro,154,0.6990124533857442
3,learn,TotalF1:average=Macro,155,0.6995316257708857
3,learn,TotalF1:average=Macro,156,0.6994108161993874
3,learn,TotalF1:average=Macro,157,0.7000713809068893
3,learn,TotalF1:average=Macro,158,0.7005956964660216
3,learn,MultiClass,1,1.3376805847756996
3,learn,MultiClass,2,1.299856415556655
3,learn,MultiClass,3,1.2643517570111926
3,learn,MultiClass,4,1.2373610949313902
3,learn,MultiClass,5,1.2134007374021176
3,learn,MultiClass,6,1.1941620839118172
3,learn,MultiClass,7,1.1764053403084191
3,learn,MultiClass,8,1.1617542813815604
3,learn,MultiClass,9,1.1456560574330459
3,learn,MultiClass,10,1.1316098094138953
3,learn,MultiClass,11,1.123815153840931
3,learn,MultiClass,12,1.1129612745551387
3,learn,MultiClass,13,1.1014153517148897
3,learn,MultiClass,14,1.0926667025163561
3,learn,MultiClass,15,1.0843532771661608
3,learn,MultiClass,16,1.0750133643705881
3,learn,MultiClass,17,1.0682203469865188
3,learn,MultiClass,18,1.0606486190351623
3,learn,MultiClass,19,1.0549226456033594
3,learn,MultiClass,20,1.0463263849121514
3,learn,MultiClass,21,1.0408584292851937
3,learn,MultiClass,22,1.0368664272856303
3,learn,MultiClass,23,1.0302987716138348
3,learn,MultiClass,24,1.0261319156018394
3,learn,MultiClass,25,1.0222864591372613
3,learn,MultiClass,26,1.0183112482932242
3,learn,MultiClass,27,1.0099284731947948
3,learn,MultiClass,28,1.003759897359117
3,learn,MultiClass,29,0.9996201025548689
3,learn,MultiClass,30,0.9952834047928167
3,learn,MultiClass,31,0.9911069345521014
3,learn,MultiClass,32,0.9867896376733314
3,learn,MultiClass,33,0.9842152288234297
3,learn,MultiClass,34,0.9799024401937385
3,learn,MultiClass,35,0.9757836760452948
3,learn,MultiClass,36,0.9715166743091083
3,learn,MultiClass,37,0.9693392108523429
3,learn,MultiClass,38,0.9660305209079878
3,learn,MultiClass,39,0.962871084876263
3,learn,MultiClass,40,0.9591332892935833
3,learn,MultiClass,41,0.9571503117474417
3,learn,MultiClass,42,0.9541689200584995
3,learn,MultiClass,43,0.9504854022218028
3,learn,MultiClass,44,0.9474347040262769
3,learn,MultiClass,45,0.9453585691386096
3,learn,MultiClass,46,0.9426893497824542
3,learn,MultiClass,47,0.9403033498951148
3,learn,MultiClass,48,0.9376632033144534
3,learn,MultiClass,49,0.9348981744842416
3,learn,MultiClass,50,0.9327586785860519
3,learn,MultiClass,51,0.9300948163871674
3,learn,MultiClass,52,0.9279699205597433
3,learn,MultiClass,53,0.9262043447697954
3,learn,MultiClass,54,0.9237195102326913
3,learn,MultiClass,55,0.9212780545657419
3,learn,MultiClass,56,0.9199310877471543
3,learn,MultiClass,57,0.9171951355873977
3,learn,MultiClass,58,0.9156999038594738
3,learn,MultiClass,59,0.912193882076564
3,learn,MultiClass,60,0.9095552065155003
3,learn,MultiClass,61,0.9086543673571214
3,learn,MultiClass,62,0.9082778707507753
3,learn,MultiClass,63,0.9053703465848926
3,learn,MultiClass,64,0.9036653568030373
3,learn,MultiClass,65,0.9016424802011997
3,learn,MultiClass,66,0.9002016269576865
3,learn,MultiClass,67,0.8993583669925325
3,learn,MultiClass,68,0.897922335625986
3,learn,MultiClass,69,0.8962758530385653
3,learn,MultiClass,70,0.8948367157464059
3,learn,MultiClass,71,0.8932039504999864
3,learn,MultiClass,72,0.891607718683839
3,learn,MultiClass,73,0.890615658869072
3,learn,MultiClass,74,0.8887564482843578
3,learn,MultiClass,75,0.8881176375122558
3,learn,MultiClass,76,0.8874773432243299
3,learn,MultiClass,77,0.8853973252895446
3,learn,MultiClass,78,0.8824410446974084
3,learn,MultiClass,79,0.8800025484322456
3,learn,MultiClass,80,0.8796444226259245
3,learn,MultiClass,81,0.8776597822602794
3,learn,MultiClass,82,0.8744832715967923
3,learn,MultiClass,83,0.872694820464876
3,learn,MultiClass,84,0.8718750337898434
3,learn,MultiClass,85,0.8705885801395351
3,learn,MultiClass,86,0.86836742809616
3,learn,MultiClass,87,0.8676936208582373
3,learn,MultiClass,88,0.8654868098239273
3,learn,MultiClass,89,0.864554667701983
3,learn,MultiClass,90,0.8632516429923385
3,learn,MultiClass,91,0.8618810156761089
3,learn,MultiClass,92,0.8601077942950925
3,learn,MultiClass,93,0.8581837090076484
3,learn,MultiClass,94,0.8564973545933358
3,learn,MultiClass,95,0.8552366887946051
3,learn,MultiClass,96,0.8545971418436095
3,learn,MultiClass,97,0.8539424756184613
3,learn,MultiClass,98,0.8533998148067243
3,learn,MultiClass,99,0.8519634679771874
3,learn,MultiClass,100,0.8507251813625345
3,learn,MultiClass,101,0.8480535425156819
3,learn,MultiClass,102,0.8477051267603979
3,learn,MultiClass,103,0.8463101089756163
3,learn,MultiClass,104,0.84545821739589
3,learn,MultiClass,105,0.8450126071474792
3,learn,MultiClass,106,0.8435086774045911
3,learn,MultiClass,107,0.8412972471174888
3,learn,MultiClass,108,0.8412088106762429
3,learn,MultiClass,109,0.8391746576699866
3,learn,MultiClass,110,0.8389889576936697
3,learn,MultiClass,111,0.8372098828370675
3,learn,MultiClass,112,0.8354751545497439
3,learn,MultiClass,113,0.8351276144492467
3,learn,MultiClass,114,0.8326601199398401
3,learn,MultiClass,115,0.8317229145400413
3,learn,MultiClass,116,0.8307841562986399
3,learn,MultiClass,117,0.8282984629323249
3,learn,MultiClass,118,0.8267674352510267
3,learn,MultiClass,119,0.8266239454313375
3,learn,MultiClass,120,0.8244628079807099
3,learn,MultiClass,121,0.8230952612176711
3,learn,MultiClass,122,0.8212245131986544
3,learn,MultiClass,123,0.8210509993365053
3,learn,MultiClass,124,0.8196197281000702
3,learn,MultiClass,125,0.8173437322603649
3,learn,MultiClass,126,0.8156449552553983
3,learn,MultiClass,127,0.814096762392039
3,learn,MultiClass,128,0.8133496671409138
3,learn,MultiClass,129,0.8118242603397406
3,learn,MultiClass,130,0.8103537482467049
3,learn,MultiClass,131,0.8089870926865599
3,learn,MultiClass,132,0.8069876963774566
3,learn,MultiClass,133,0.8057954046770848
3,learn,MultiClass,134,0.8048416248388688
3,learn,MultiClass,135,0.8035215861108633
3,learn,MultiClass,136,0.8033904862931454
3,learn,MultiClass,137,0.802871935960638
3,learn,MultiClass,138,0.802658852302976
3,learn,MultiClass,139,0.8011603738639429
3,learn,MultiClass,140,0.8007787422200103
3,learn,MultiClass,141,0.7995405314226357
3,learn,MultiClass,142,0.7981742700018709
3,learn,MultiClass,143,0.7980196516046719
3,learn,MultiClass,144,0.7977356584098807
3,learn,MultiClass,145,0.7966003732074424
3,learn,MultiClass,146,0.7953587069614934
3,learn,MultiClass,147,0.7928679510756833
3,learn,MultiClass,148,0.791756768838103
3,learn,MultiClass,149,0.7915688875587396
3,learn,MultiClass,150,0.7902297762536759
3,learn,MultiClass,151,0.7897146212365012
3,learn,MultiClass,152,0.7881512857495181
3,learn,MultiClass,153,0.7869412366189386
3,learn,MultiClass,154,0.7868812952628073
3,learn,MultiClass,155,0.785473091125965
3,learn,MultiClass,156,0.7851907272785665
3,learn,MultiClass,157,0.7849953587068558
3,learn,MultiClass,158,0.7842323521144786
3,validation,TotalF1:average=Macro,1,0.30680644948033114
3,validation,TotalF1:average=Macro,2,0.30811199373556714
3,validation,TotalF1:average=Macro,3,0.28740647180137485
3,validation,TotalF1:average=Macro,4,0.27552803929033937
3,validation,TotalF1:average=Macro,5,0.2869731418940277
3,validation,TotalF1:average=Macro,6,0.2913447024868351
3,validation,TotalF1:average=Macro,7,0.29395082121223354
3,validation,TotalF1:average=Macro,8,0.3138893580904466
3,validation,TotalF1:average=Macro,9,0.2940023528399877
3,validation,TotalF1:average=Macro,10,0.29535318895174595
3,validation,TotalF1:average=Macro,11,0.2988411060480197
3,validation,TotalF1:average=Macro,12,0.2980214811296517
3,validation,TotalF1:average=Macro,13,0.3037319444174228
3,validation,TotalF1:average=Macro,14,0.3085960474621454
3,validation,TotalF1:average=Macro,15,0.30855014120231694
3,validation,TotalF1:average=Macro,16,0.3012137365511957
3,validation,TotalF1:average=Macro,17,0.30262605532674264
3,validation,TotalF1:average=Macro,18,0.2984224970015081
3,validation,TotalF1:average=Macro,19,0.29764727663812685
3,validation,TotalF1:average=Macro,20,0.2972812697903308
3,validation,TotalF1:average=Macro,21,0.2976401264242279
3,validation,TotalF1:average=Macro,22,0.29850635725130514
3,validation,TotalF1:average=Macro,23,0.30233880604667845
3,validation,TotalF1:average=Macro,24,0.30126283242562696
3,validation,TotalF1:average=Macro,25,0.2997105609456179
3,validation,TotalF1:average=Macro,26,0.2994621360026044
3,validation,TotalF1:average=Macro,27,0.302097427298664
3,validation,TotalF1:average=Macro,28,0.299463962598815
3,validation,TotalF1:average=Macro,29,0.30138354724097205
3,validation,TotalF1:average=Macro,30,0.2988935458590756
3,validation,TotalF1:average=Macro,31,0.2980350470409722
3,validation,TotalF1:average=Macro,32,0.29880449840425527
3,validation,TotalF1:average=Macro,33,0.2992813176776847
3,validation,TotalF1:average=Macro,34,0.3001681136139791
3,validation,TotalF1:average=Macro,35,0.2985235179760943
3,validation,TotalF1:average=Macro,36,0.2990309992491167
3,validation,TotalF1:average=Macro,37,0.29908995371334673
3,validation,TotalF1:average=Macro,38,0.29873273683170426
3,validation,TotalF1:average=Macro,39,0.29689904051280525
3,validation,TotalF1:average=Macro,40,0.2987348313169632
3,validation,TotalF1:average=Macro,41,0.29909880346814866
3,validation,TotalF1:average=Macro,42,0.3003541121821581
3,validation,TotalF1:average=Macro,43,0.30004318486266607
3,validation,TotalF1:average=Macro,44,0.30132719581127065
3,validation,TotalF1:average=Macro,45,0.3011504332109213
3,validation,TotalF1:average=Macro,46,0.304813769604378
3,validation,TotalF1:average=Macro,47,0.3053193244985038
3,validation,TotalF1:average=Macro,48,0.305374794739514
3,validation,TotalF1:average=Macro,49,0.3048319871349118
3,validation,TotalF1:average=Macro,50,0.30577092520221877
3,validation,TotalF1:average=Macro,51,0.3058309296981071
3,validation,TotalF1:average=Macro,52,0.3050520429845661
3,validation,TotalF1:average=Macro,53,0.3058485894357743
3,validation,TotalF1:average=Macro,54,0.3061469330464148
3,validation,TotalF1:average=Macro,55,0.3053288048773927
3,validation,TotalF1:average=Macro,56,0.3037176962657835
3,validation,TotalF1:average=Macro,57,0.30647034607885076
3,validation,TotalF1:average=Macro,58,0.3059782958300077
3,validation,TotalF1:average=Macro,59,0.30655763385847307
3,validation,TotalF1:average=Macro,60,0.3069495082898523
3,validation,TotalF1:average=Macro,61,0.307578920859963
3,validation,TotalF1:average=Macro,62,0.3085891283064387
3,validation,TotalF1:average=Macro,63,0.30946440757829474
3,validation,TotalF1:average=Macro,64,0.30908734514644
3,validation,TotalF1:average=Macro,65,0.3076319965130404
3,validation,TotalF1:average=Macro,66,0.3086679044972266
3,validation,TotalF1:average=Macro,67,0.30711382692439015
3,validation,TotalF1:average=Macro,68,0.3055631363932352
3,validation,TotalF1:average=Macro,69,0.30760900443297257
3,validation,TotalF1:average=Macro,70,0.3062493426726405
3,validation,TotalF1:average=Macro,71,0.30509322425659524
3,validation,TotalF1:average=Macro,72,0.30514683061022346
3,validation,TotalF1:average=Macro,73,0.3047484134695823
3,validation,TotalF1:average=Macro,74,0.3049780913274991
3,validation,TotalF1:average=Macro,75,0.30614640912134383
3,validation,TotalF1:average=Macro,76,0.30564794203130596
3,validation,TotalF1:average=Macro,77,0.3068681522771616
3,validation,TotalF1:average=Macro,78,0.30403532266393096
3,validation,TotalF1:average=Macro,79,0.3052244991841415
3,validation,TotalF1:average=Macro,80,0.30577735152577157
3,validation,TotalF1:average=Macro,81,0.3057000792792489
3,validation,TotalF1:average=Macro,82,0.3077455414027376
3,validation,TotalF1:average=Macro,83,0.30690631680546326
3,validation,TotalF1:average=Macro,84,0.3057970529417563
3,validation,TotalF1:average=Macro,85,0.3066635604202259
3,validation,TotalF1:average=Macro,86,0.30659551219116854
3,validation,TotalF1:average=Macro,87,0.30704818342162293
3,validation,TotalF1:average=Macro,88,0.30774406057568526
3,validation,TotalF1:average=Macro,89,0.30756750759153506
3,validation,TotalF1:average=Macro,90,0.3057288437233827
3,validation,TotalF1:average=Macro,91,0.30682234911214235
3,validation,TotalF1:average=Macro,92,0.3076932398213557
3,validation,TotalF1:average=Macro,93,0.30701772765645097
3,validation,TotalF1:average=Macro,94,0.3054992279693992
3,validation,TotalF1:average=Macro,95,0.3086480794079245
3,validation,TotalF1:average=Macro,96,0.30561135650111915
3,validation,TotalF1:average=Macro,97,0.3024052899371939
3,validation,TotalF1:average=Macro,98,0.3007965390502636
3,validation,TotalF1:average=Macro,99,0.3052212550044623
3,validation,TotalF1:average=Macro,100,0.30153513363891227
3,validation,TotalF1:average=Macro,101,0.3010517494298052
3,validation,TotalF1:average=Macro,102,0.3010317156210922
3,validation,TotalF1:average=Macro,103,0.3016228390128184
3,validation,TotalF1:average=Macro,104,0.30137598060983395
3,validation,TotalF1:average=Macro,105,0.3008327887548099
3,validation,TotalF1:average=Macro,106,0.30257655581079856
3,validation,TotalF1:average=Macro,107,0.3030148632172417
3,validation,TotalF1:average=Macro,108,0.30344941656249047
3,validation,TotalF1:average=Macro,109,0.303154258486071
3,validation,TotalF1:average=Macro,110,0.3031984245921576
3,validation,TotalF1:average=Macro,111,0.3030196311179652
3,validation,TotalF1:average=Macro,112,0.303234505999978
3,validation,TotalF1:average=Macro,113,0.30336647839218156
3,validation,TotalF1:average=Macro,114,0.3001050090540356
3,validation,TotalF1:average=Macro,115,0.30041461065429287
3,validation,TotalF1:average=Macro,116,0.29956826855333873
3,validation,TotalF1:average=Macro,117,0.30062468766764516
3,validation,TotalF1:average=Macro,118,0.30088464583170926
3,validation,TotalF1:average=Macro,119,0.30088464583170926
3,validation,TotalF1:average=Macro,120,0.2999549188069474
3,validation,TotalF1:average=Macro,121,0.3001740562194547
3,validation,TotalF1:average=Macro,122,0.30078086334319676
3,validation,TotalF1:average=Macro,123,0.30078086334319676
3,validation,TotalF1:average=Macro,124,0.30159362810702417
3,validation,TotalF1:average=Macro,125,0.30462751874740585
3,validation,TotalF1:average=Macro,126,0.302954095999758
3,validation,TotalF1:average=Macro,127,0.30488310914928163
3,validation,TotalF1:average=Macro,128,0.3059539446577047
3,validation,TotalF1:average=Macro,129,0.3054985192053375
3,validation,TotalF1:average=Macro,130,0.3040930663979729
3,validation,TotalF1:average=Macro,131,0.3039012805566875
3,validation,TotalF1:average=Macro,132,0.3040742263958291
3,validation,TotalF1:average=Macro,133,0.3053583107034247
3,validation,TotalF1:average=Macro,134,0.30561769904783953
3,validation,TotalF1:average=Macro,135,0.3026217176216215
3,validation,TotalF1:average=Macro,136,0.3025211981725371
3,validation,TotalF1:average=Macro,137,0.3026597401611959
3,validation,TotalF1:average=Macro,138,0.30210515982200026
3,validation,TotalF1:average=Macro,139,0.301642206773003
3,validation,TotalF1:average=Macro,140,0.3034413784413784
3,validation,TotalF1:average=Macro,141,0.302780484841295
3,validation,TotalF1:average=Macro,142,0.302780484841295
3,validation,TotalF1:average=Macro,143,0.302780484841295
3,validation,TotalF1:average=Macro,144,0.30297217151089506
3,validation,TotalF1:average=Macro,145,0.30232184919509686
3,validation,TotalF1:average=Macro,146,0.3008837492538115
3,validation,TotalF1:average=Macro,147,0.30154404973525417
3,validation,TotalF1:average=Macro,148,0.3005208986728769
3,validation,TotalF1:average=Macro,149,0.3035145495877559
3,validation,TotalF1:average=Macro,150,0.3015274914532365
3,validation,TotalF1:average=Macro,151,0.3015274914532365
3,validation,TotalF1:average=Macro,152,0.30248003019070435
3,validation,TotalF1:average=Macro,153,0.303055104707601
3,validation,TotalF1:average=Macro,154,0.303055104707601
3,validation,TotalF1:average=Macro,155,0.3032135898087409
3,validation,TotalF1:average=Macro,156,0.3023376209911454
3,validation,TotalF1:average=Macro,157,0.30265246407870844
3,validation,TotalF1:average=Macro,158,0.3030271001885836
3,validation,MultiClass,1,1.3579623240884864
3,validation,MultiClass,2,1.3392020334077124
3,validation,MultiClass,3,1.3064483691917046
3,validation,MultiClass,4,1.2849343171696763
3,validation,MultiClass,5,1.2763947579992405
3,validation,MultiClass,6,1.2582095370436945
3,validation,MultiClass,7,1.246721182852805
3,validation,MultiClass,8,1.2374697564754011
3,validation,MultiClass,9,1.2256647866813966
3,validation,MultiClass,10,1.216306410341857
3,validation,MultiClass,11,1.2048128769610975
3,validation,MultiClass,12,1.1978356852774958
3,validation,MultiClass,13,1.1905633044494945
3,validation,MultiClass,14,1.1855853355397998
3,validation,MultiClass,15,1.179929708602943
3,validation,MultiClass,16,1.1787304200167679
3,validation,MultiClass,17,1.1786714251666948
3,validation,MultiClass,18,1.1742639222136428
3,validation,MultiClass,19,1.173670263702676
3,validation,MultiClass,20,1.1700162370885816
3,validation,MultiClass,21,1.1677877262906302
3,validation,MultiClass,22,1.1658813328522049
3,validation,MultiClass,23,1.1628752638317401
3,validation,MultiClass,24,1.1598586471059849
3,validation,MultiClass,25,1.1574108055683865
3,validation,MultiClass,26,1.156925345074431
3,validation,MultiClass,27,1.1572252011151392
3,validation,MultiClass,28,1.1562225640180148
3,validation,MultiClass,29,1.1526071521723684
3,validation,MultiClass,30,1.1525050971186932
3,validation,MultiClass,31,1.1525813027829328
3,validation,MultiClass,32,1.1492081344005316
3,validation,MultiClass,33,1.1409785753872559
3,validation,MultiClass,34,1.140547031183211
3,validation,MultiClass,35,1.1414987064579731
3,validation,MultiClass,36,1.140632115943843
3,validation,MultiClass,37,1.1379213141620366
3,validation,MultiClass,38,1.1390250813289045
3,validation,MultiClass,39,1.136065004447741
3,validation,MultiClass,40,1.132154836334756
3,validation,MultiClass,41,1.1344215115582217
3,validation,MultiClass,42,1.1348476835804653
3,validation,MultiClass,43,1.132520117179776
3,validation,MultiClass,44,1.1324776546516118
3,validation,MultiClass,45,1.1327692279785337
3,validation,MultiClass,46,1.1287834870388969
3,validation,MultiClass,47,1.1225149691336214
3,validation,MultiClass,48,1.1221522178305048
3,validation,MultiClass,49,1.1216004774032877
3,validation,MultiClass,50,1.1207458300789512
3,validation,MultiClass,51,1.1232795940625049
3,validation,MultiClass,52,1.1242305317884431
3,validation,MultiClass,53,1.1238389558222355
3,validation,MultiClass,54,1.1229244039289714
3,validation,MultiClass,55,1.1200750268155497
3,validation,MultiClass,56,1.122888989299104
3,validation,MultiClass,57,1.1220024577951018
3,validation,MultiClass,58,1.1208904106829418
3,validation,MultiClass,59,1.1192993926767443
3,validation,MultiClass,60,1.1183141009811681
3,validation,MultiClass,61,1.115923559596437
3,validation,MultiClass,62,1.1157219097816111
3,validation,MultiClass,63,1.114006506962311
3,validation,MultiClass,64,1.1117590015970669
3,validation,MultiClass,65,1.1104792998915285
3,validation,MultiClass,66,1.110596255543254
3,validation,MultiClass,67,1.1066056970198903
3,validation,MultiClass,68,1.1075776667946642
3,validation,MultiClass,69,1.1073383201956035
3,validation,MultiClass,70,1.108226702449014
3,validation,MultiClass,71,1.1078820537523733
3,validation,MultiClass,72,1.108673559078096
3,validation,MultiClass,73,1.108754057804754
3,validation,MultiClass,74,1.1052544544550609
3,validation,MultiClass,75,1.1049577636608958
3,validation,MultiClass,76,1.1048434969134757
3,validation,MultiClass,77,1.1049840674166838
3,validation,MultiClass,78,1.1045369223016488
3,validation,MultiClass,79,1.104249025134711
3,validation,MultiClass,80,1.1031766793288538
3,validation,MultiClass,81,1.102685248201065
3,validation,MultiClass,82,1.0999473643011428
3,validation,MultiClass,83,1.1010982647560845
3,validation,MultiClass,84,1.1009771371854802
3,validation,MultiClass,85,1.101417887953098
3,validation,MultiClass,86,1.1005320297576073
3,validation,MultiClass,87,1.0999710583782731
3,validation,MultiClass,88,1.0974394416323194
3,validation,MultiClass,89,1.0971399345506598
3,validation,MultiClass,90,1.094468137849545
3,validation,MultiClass,91,1.0942066686814664
3,validation,MultiClass,92,1.0938199457793387
3,validation,MultiClass,93,1.0924613196568482
3,validation,MultiClass,94,1.0916484396290245
3,validation,MultiClass,95,1.0903738002700243
3,validation,MultiClass,96,1.0916572923105525
3,validation,MultiClass,97,1.0921620136546466
3,validation,MultiClass,98,1.0920646832152232
3,validation,MultiClass,99,1.0921142364740088
3,validation,MultiClass,100,1.0918862528778153
3,validation,MultiClass,101,1.091499104185336
3,validation,MultiClass,102,1.0915125525362068
3,validation,MultiClass,103,1.0929763455200392
3,validation,MultiClass,104,1.0920437162911842
3,validation,MultiClass,105,1.0915239982476097
3,validation,MultiClass,106,1.0906079313946055
3,validation,MultiClass,107,1.0895575881890878
3,validation,MultiClass,108,1.0888369966647067
3,validation,MultiClass,109,1.0896565099067979
3,validation,MultiClass,110,1.08957254484038
3,validation,MultiClass,111,1.0899217352654436
3,validation,MultiClass,112,1.089349827130621
3,validation,MultiClass,113,1.0881181608083426
3,validation,MultiClass,114,1.0888050403010099
3,validation,MultiClass,115,1.0887093933221041
3,validation,MultiClass,116,1.087728469039361
3,validation,MultiClass,117,1.088364637177683
3,validation,MultiClass,118,1.087921914152528
3,validation,MultiClass,119,1.0877577911550464
3,validation,MultiClass,120,1.0880342290453227
3,validation,MultiClass,121,1.086953980620645
3,validation,MultiClass,122,1.0867370198641164
3,validation,MultiClass,123,1.0870092122862582
3,validation,MultiClass,124,1.0871652313190805
3,validation,MultiClass,125,1.087212636915505
3,validation,MultiClass,126,1.0864168422368596
3,validation,MultiClass,127,1.0859846698459945
3,validation,MultiClass,128,1.085494236277775
3,validation,MultiClass,129,1.0850649545747786
3,validation,MultiClass,130,1.0856959302014166
3,validation,MultiClass,131,1.0849458989855334
3,validation,MultiClass,132,1.0858923280345363
3,validation,MultiClass,133,1.0860428210680457
3,validation,MultiClass,134,1.0859307506633007
3,validation,MultiClass,135,1.0855308829538988
3,validation,MultiClass,136,1.0852586256269106
3,validation,MultiClass,137,1.0845379045780226
3,validation,MultiClass,138,1.0845647755434529
3,validation,MultiClass,139,1.0864313798990581
3,validation,MultiClass,140,1.0859298564410504
3,validation,MultiClass,141,1.0851356101691247
3,validation,MultiClass,142,1.0844975525410572
3,validation,MultiClass,143,1.0839132474460773
3,validation,MultiClass,144,1.0832366439818637
3,validation,MultiClass,145,1.0838055241281177
3,validation,MultiClass,146,1.08505099911625
3,validation,MultiClass,147,1.0824523425190675
3,validation,MultiClass,148,1.0822434446575488
3,validation,MultiClass,149,1.0817484561922226
3,validation,MultiClass,150,1.0823800119677272
3,validation,MultiClass,151,1.0819168630714613
3,validation,MultiClass,152,1.0812391435457478
3,validation,MultiClass,153,1.0803435975632483
3,validation,MultiClass,154,1.080364408308642
3,validation,MultiClass,155,1.0796316943212065
3,validation,MultiClass,156,1.0791406815936928
3,validation,MultiClass,157,1.078857419407955
3,validation,MultiClass,158,1.078954909747179
